target_id,pdb_id,assembly_id,source_url,chain_count,chain_lengths,total_residues,stratum,release_date,sequence_sha256,source_mmcif_sha256,reference_sha256
pdb_21kg_assembly_1,21KG,1,https://files.rcsb.org/download/21kg-assembly1.cif.gz,1,637,637,monomer_xlong,2025-12-31,c3c073ac80c6d8873bd5b85f45e34f33da6dccf32077f9eab370f9defd050ee7,85dd13aa0f782ca352bcfc9158ae4f3e2afd524ff0d57b5a55aae1af59392530,1a95ec410030d3cada3b2b3894d925c57b169be58604625296d4557b074fa011
pdb_5sd3_assembly_1,5SD3,1,https://files.rcsb.org/download/5sd3-assembly1.cif.gz,1,179,179,monomer_medium,2022-02-09,8db0eeb9381576e3b60859fd7aba4ca4bd35d4b16b01b1c5fed8d74e0b6f3a7f,69b3e549ebdb8afdfdb3c711dce3ddfd43401b5675013048b1eff01244482972,7d0a62d1e7e8d8886a493c3c02c68f7ea40ba624cbe3bbea9cfb760b295009b1
pdb_5sd7_assembly_1,5SD7,1,https://files.rcsb.org/download/5sd7-assembly1.cif.gz,1,187,187,monomer_medium,2022-02-09,f01679b357e85183133b6e765b5bbb10fb34aac343f1185d3cae27b684632907,c84e73ce2f56fa458ec50764d74e0c374b4cf70325079dd23d99edf37e2c4139,e8b5c168e13feb7b06b533c2f5df53da6cea50ed9f92a9064a87faa858f043d0
pdb_5sm8_assembly_1,5SM8,1,https://files.rcsb.org/download/5sm8-assembly1.cif.gz,1,523,523,monomer_long,2022-03-16,c6ae7f5651e9e266e135a32192295b0cc957b46ca4566462868ac36f25aefeef,17627c0c8f46379fd57bffae3aa733952232fedd5d8f363b05c768be6a4dd036,39cb877b038677077c8ae0b8e63b40ed9b470c2a0738f02932791ebbf8ad2545
pdb_5snm_assembly_1,5SNM,1,https://files.rcsb.org/download/5snm-assembly1.cif.gz,2,414;414,828,dimer_large,2023-12-20,033b8a720c43b678ae212c7daac49b292989a44bf37b1622c1dc359de29c1b8e,4d6e0e24fe6599dc0c528c0012965a584377a86bd71e910fadb19c4c573ed0e9,56d27bf28de3dd2c114709d501841d7a6dc04478006b902d0af45af03ace7f4b
pdb_6zak_assembly_1,6ZAK,1,https://files.rcsb.org/download/6zak-assembly1.cif.gz,1,331,331,monomer_long,2022-01-12,b98315010bb98de3eefbae35179d82e539d77202d456ee4736fe160c238b5bdd,8d6a4ab7cb18c8cdb339ee72b7c431cbc7d39f8b4eb619b5efd351eab118b3a7,91292ded1b784a1431a0472dc9ab1b11f3fcbcdc171cea85dd9b3485bb6c2f5c
pdb_6zpp_assembly_1,6ZPP,1,https://files.rcsb.org/download/6zpp-assembly1.cif.gz,1,190,190,monomer_medium,2022-01-19,d1b2db3c32d1bc0fa924852c3dc13a7595081f3160b276066e31172a74f71282,0fd608fdc7f0e93433fcb7520b5759bd88395ba9a4dc5978cd066d14ff7bfe99,74727329782aa07132bebbc163c5f2bc0d1c34672fb9a8c2fc206e6528907caa
pdb_7amq_assembly_1,7AMQ,1,https://files.rcsb.org/download/7amq-assembly1.cif.gz,4,200;246;225;219,890,tetramer,2022-04-20,9ed9ff399b4d0982646994291ffdf78d9ff0bbf42df70ee7be1b8aac4bdd4207,942f98557ce30bd24e3b0e86e8a84ea9d8a7a6ec247c8c8ddd28a6117dc18305,736509c0f9b3c23eebeff575ee85d27d6d1a7e5d6cdae261397298f81791a31e
pdb_7an9_assembly_1,7AN9,1,https://files.rcsb.org/download/7an9-assembly1.cif.gz,2,291;291,582,dimer_large,2022-04-20,ee36540467fe8c37af106f045b8958426b8a2906aff9ceba3344a8065eb2c7ad,82f8778bb474a78e7b7ce2d53739a0d14e63df25ba5d4ea6eee85429ee1cf943,9283d5119a68d08498efad8f64887ed307fdc50794ef7c54b45ea7d8badcf9b8
pdb_7aoj_assembly_1,7AOJ,1,https://files.rcsb.org/download/7aoj-assembly1.cif.gz,1,179,179,monomer_medium,2022-04-13,3f97c910e1f28d46cf8ab686171f3cf006d422d3ef2c6591d70edc2028531a76,503e08bebba89ec4e93f7de377f9373761551ce4d65ce7284c62db4b65cb7ec9,965c1ad4fc91c3c4b483921035a02a3966a9b5a235e8ea902ec57b37ab21e7f6
pdb_7aoo_assembly_1,7AOO,1,https://files.rcsb.org/download/7aoo-assembly1.cif.gz,4,179;179;179;179,716,tetramer,2022-04-13,7ad89b46bbbb0956fe2a989100fddc8afd39523094f2622b440065200df4a089,8b52286f4c3bee41e6990f99c56d1379225bf816ea6fd42a6ba492a9a45fbaa4,4cb2062e67d51c500abaec74b5e8a6614ca98e65e9bf9c9c28bbe862dcf99e85
pdb_7b8x_assembly_1,7B8X,1,https://files.rcsb.org/download/7b8x-assembly1.cif.gz,1,383,383,monomer_long,2022-01-12,8f1254392af94dbbbb6fdf9d9f15e51d5277c04d7ff6839c187f2892a3031eca,99f276ee3c63b1a3b73c7b968b39f1ec8a3fd00eaac526d719597e1aeee0ccf9,7f96bcbaaa30b32b3b26dd7988cb41849ade566579b342dd7039e3cbe52144fd
pdb_7bo4_assembly_1,7BO4,1,https://files.rcsb.org/download/7bo4-assembly1.cif.gz,1,529,529,monomer_long,2022-03-02,7aff9d4ba950ca8b824850349a330b011d813e33d8a82c01fdcae8f4b3e64f31,c6b48b74171b2705b0c15029747f1859721f305aea9afb8ac0f0eb5d48f767d5,e892c07a3313cbdb4a8a6bf76bfca74f5a079f1e7fadf0b1e88288255ee9435e
pdb_7djk_assembly_1,7DJK,1,https://files.rcsb.org/download/7djk-assembly1.cif.gz,1,667,667,monomer_xlong,2022-06-08,cf0902774ef811cf488d54c25f75e5b73e8f0c5417b74f70077f9d91000ec59a,4f3bf0081b4e2e184e4f46d6b481a2c36f167cbb0b33c400490600b42acd3f52,490add8b6acf91f1f7be0687b422d0417ec68addb868127c6744ab1ed3d628a0
pdb_7dm6_assembly_1,7DM6,1,https://files.rcsb.org/download/7dm6-assembly1.cif.gz,2,161;161,322,dimer_small,2022-02-02,0886ceb31d232c347e245423bae1e5060bff966614f01c2c6dd75dc3a0c3fc02,97dffa0abc02c1c454d85350238348b42b41768aea99aea2a3492ece0c192919,f974bf1a2590becee8bd955d13ece38a2f55d485c0fa3ac861aaf95daf4e6634
pdb_7dyt_assembly_1,7DYT,1,https://files.rcsb.org/download/7dyt-assembly1.cif.gz,1,235,235,monomer_medium,2022-02-02,637e3b60015c8dc9cbd21c4935cf3c955ef689f60862c98e322fccf87905f54e,a1412811dd0cb63b88f162804b3762fd228cd558d3494b117afd3b64b683396a,c12bd7074ca36b85c2b1ea1f3a94152152f85d9332b6ebc075b52f626f6d46d2
pdb_7dz4_assembly_1,7DZ4,1,https://files.rcsb.org/download/7dz4-assembly1.cif.gz,4,286;286;286;286,1144,tetramer,2022-08-03,f7be56dec30d4213fa51db5a96c9e500be7704c8a6802b1d002ef3bc642f0f20,68170084d015c3f620ce177631e3aa38e00ae1344a5becc76d0f6c0f04114c15,9ee83eef535a1d67681330945b15f756f7c9951ff18938d81e9f11c3c7813e7e
pdb_7e22_assembly_1,7E22,1,https://files.rcsb.org/download/7e22-assembly1.cif.gz,1,377,377,monomer_long,2022-02-09,e4a975b7debcd2714211e7443d8ee6b20ce64f1847a4726d8b5b1a8b1f8bb237,24492df9ee600accdb37d36dcf684eb845e9ae4220fd0e3c457a0dc9f2831c19,05e49575c63ec1f4f33f25a0f69b62792f8e1c42974fc66594e82efcde1cfce0
pdb_7e64_assembly_1,7E64,1,https://files.rcsb.org/download/7e64-assembly1.cif.gz,1,255,255,monomer_medium,2022-02-23,e94189223be5f34068c06609cbad1223cdc68f830f8a272609ad83765a0a97d3,8e25e55ae3f902678f3d2205ade28c9da59aad1ca3c79cf3c91d7d1ee6deb68e,0b6428da4d861c2e32f409e2169f1d847de4defe339d5ce44ff80d8dfb15c7e4
pdb_7e8l_assembly_1,7E8L,1,https://files.rcsb.org/download/7e8l-assembly1.cif.gz,1,120,120,monomer_short,2022-03-02,aef325f9d02d592c0d741e15ed0b5a915485cba4d94ae3c57dcde0dd30855bad,aea373a8699ddb774492a9e55081204682db94111163a868dba102c5bef8f79f,0756bf6c7b9359963ea407a105dcd9c6d427100e3a28aa220f852b2c175b0034
pdb_7eba_assembly_1,7EBA,1,https://files.rcsb.org/download/7eba-assembly1.cif.gz,2,332;332,664,dimer_large,2022-03-09,6837b9e8e233a757aa65769a74e43379349611cb23f7b38b5b6efe10907a22c6,968eb30d5b042e16cc393509c513d06439cc76163639b08e59938efb2052f0bf,5507d240a0240259a2ef265d65a7d97c3989bb6e476f1541f0ab30320af7e930
pdb_7eej_assembly_1,7EEJ,1,https://files.rcsb.org/download/7eej-assembly1.cif.gz,1,227,227,monomer_medium,2022-03-23,8d8ba07b07cf6bb26e9155523df427bc7c52cc0267e63191b604cb57f8f9b015,0568cd00490bc031ffeb6d701738d43e4242eb0fb0857db6283c5332958dfb8d,35521447637363105aad77f7d2b4007e14686f4c167003bad30ccebba9594703
pdb_7efx_assembly_1,7EFX,1,https://files.rcsb.org/download/7efx-assembly1.cif.gz,1,183,183,monomer_medium,2022-02-16,02e26dc0aec252f35ea694537e0e3cd1d7b0ebea801f051d162d650583386cb3,7dde59302f1e298772e9af44926aa896107910197dfa332fea60a51877c25d93,36dfbf65f280e8407a29ab87ace0f9b42a7cf3ebaf3febed8a34f6c2657535a1
pdb_7ejg_assembly_1,7EJG,1,https://files.rcsb.org/download/7ejg-assembly1.cif.gz,1,237,237,monomer_medium,2022-04-06,3e04180b837dd412afbcb025d2cc9ba9910547767ac4a4b1e3fc55f5a052794d,38a3be80bdedab36a61c30acb8b6652d8392f4f87ba402f026eb8193eef4763f,e34635f484b0fdbfa38b0d24968f142ea68e17cffa523aa7be52a106ebb7cd67
pdb_7ekd_assembly_1,7EKD,1,https://files.rcsb.org/download/7ekd-assembly1.cif.gz,1,373,373,monomer_long,2022-02-16,5b3a19ca81f4e497224b479dcb51131c1ca3effca7a0acdb0c37f7940d9cd83c,56a9412d3e305c384c5fa97f20334899f8b1551bc7e7641cf2d3d0ed187a1f93,7f08092b4e85eab8e668e045d565a521145c09ea20013d217ac5e8f857d2f0f7
pdb_7emw_assembly_1,7EMW,1,https://files.rcsb.org/download/7emw-assembly1.cif.gz,1,185,185,monomer_medium,2022-04-20,d2dbabe73557e82d0c242ff675db194c754df15dce7785206330cd042efed2b4,25d664da18893640de48e3f8085c913c6e66d29e6b80d3e1a04f78204f3bd5ba,9bd355d23fc721693c366a97cfae4822ca80e292044123f59079c0df25904502
pdb_7evg_assembly_1,7EVG,1,https://files.rcsb.org/download/7evg-assembly1.cif.gz,1,426,426,monomer_long,2022-03-23,3a4dbe0f46b8e035419ea84318eebe2927ecb3df74a01e0a999def21a5654e6c,ea845cd6401d93fb1da7efae5219e3c4cccf32ebb91f5a3f8730d0669cc0e177,ed4ee4db4540d41baa9c48ec2059b270303b5aeb1afd50f3d3d9a750441610a0
pdb_7ezg_assembly_1,7EZG,1,https://files.rcsb.org/download/7ezg-assembly1.cif.gz,1,305,305,monomer_long,2022-01-12,026787c361d65ad5dda229a14473eb22166184063ca697b29e15cbf8c89f6634,6f76efd1757fa527dabb41b4cdd5777bca344533872addf6bac8af74eb1c8e1d,2e7423e9ed96f53a157f008fb118ece08471e517792c1ba0056f751227aa5446
pdb_7f1d_assembly_1,7F1D,1,https://files.rcsb.org/download/7f1d-assembly1.cif.gz,1,416,416,monomer_long,2022-02-23,8af9958b120b5542513e299a402f2bce0560ae47e29f68ec8b8a91dbc0bee077,69dc78e94639def4284bd6f1de53527d3880eee1ed184484cac0396bc42b09dc,748621beeee49aad59e8955c5a8f2dd6aa55746e72ee76c1889c441d01abb025
pdb_7f2g_assembly_1,7F2G,1,https://files.rcsb.org/download/7f2g-assembly1.cif.gz,1,221,221,monomer_medium,2022-04-20,84d904589baf66ac50d4727b9f066dbbeb0bcc68aa730a21b6e888685de8a803,ed2c55e9828270689d70abe9a2db99b5011c54773962ceca2b3871b3645f41f7,5237fa7c5be336ee94a5f945dfd81656352913c3256883c043109e0e296d2935
pdb_7f5f_assembly_1,7F5F,1,https://files.rcsb.org/download/7f5f-assembly1.cif.gz,1,104,104,monomer_short,2022-01-19,96a3f7bc1e369d99907a019820be24095a3e5dc91433639114c59384cab5800e,22172df5077c0d74617b8601e6eb71fb237fdb19340f2c93d3468639a472e43a,cc1ba834dc45d2b806634105242618631edd27b4ec2d79e82f00da77e29291ac
pdb_7f5i_assembly_1,7F5I,1,https://files.rcsb.org/download/7f5i-assembly1.cif.gz,1,163,163,monomer_medium,2022-05-04,dbf1ca6e928c6f050df06edd327c72b142f80d902c449ceec3c72c5385cab594,9e2ed1e4d5bc90297827f5e4058628ce43d39d50f9f20b5ab06fea4c38596928,d0d149afb60c21a9e37a31ad933ee12a5c2e3cfbc44f64d56774ef0c0e7e738e
pdb_7f6z_assembly_1,7F6Z,1,https://files.rcsb.org/download/7f6z-assembly1.cif.gz,3,223;222;215,660,trimer,2022-06-29,c774600fe9a66c5ea8de1673397b93e5b89ac580b9e16c9d765372eecd612f14,bb979897504804ac2b771a2b907ad1d2b46f09e7d824ad202c1f5f5ce23dc71c,d957f2e4728b4cf4ea3d61a53baa059696baaea8587db2d0645f3144ac666e2b
pdb_7f72_assembly_1,7F72,1,https://files.rcsb.org/download/7f72-assembly1.cif.gz,1,376,376,monomer_long,2022-07-13,600e17543e1ffa5a354941f4ca96da0fd9b5fecf85d6b8cd9b23438bc79cc18b,3678202412c2107be804435b37c5748a10c7e1f5214e75ad6f33cd4871a0b3c4,a80a2704536aa712a6a7496487dcfa17617a46a272328e2e6f60008f8837ac99
pdb_7f7p_assembly_1,7F7P,1,https://files.rcsb.org/download/7f7p-assembly1.cif.gz,2,96;96,192,dimer_small,2022-05-25,4d7b3a13b7c0d1eafe0a751d0b9e1fb5debad7b69ab2df171307c6be1eb56210,3b3634d88c9d5b0b7b60d1026bf7b295b80db1e3871f16561eade93a6f764c0c,c30be0e0737ce1c6d8099086b6047d0c68b2568b5df896713bce37a464ea7874
pdb_7f84_assembly_1,7F84,1,https://files.rcsb.org/download/7f84-assembly1.cif.gz,2,92;92,184,dimer_small,2022-07-06,8a001fb8c0b088489adb7d739617eea1f5b97b6f3b86821835cb5613479ed9b4,4bd005ec99a32b55df08b9af8e94a9f5b4146d06872a76d9d79bd587af7d60ce,dc9e323df0641f938aa34cab90a39db3e75ea62f46ea7f5b271123c8fc3312ed
pdb_7f8l_assembly_1,7F8L,1,https://files.rcsb.org/download/7f8l-assembly1.cif.gz,2,107;107,214,dimer_small,2022-01-19,57486afb5de9d4cf5e14921e241c46a42812fb4088d35082b67fd09c7c9fbbda,b696209aef78ef0d98e1aee6bc7bd3570de33431d6689e3577b600b5d1b186f7,97742c5857e4119be2ddc5e5c7d62a0fb238825a1fbd77a2ce684ba2834238f6
pdb_7f8t_assembly_1,7F8T,1,https://files.rcsb.org/download/7f8t-assembly1.cif.gz,1,482,482,monomer_long,2022-03-09,f6694d5da00933e9e1f927db5618ae3bd1804285fbea7f79eda67e0ea3758444,fa151fda86aab9f2b43f4bd8126e297c461e939ed029656aa074371d4c2763c5,7d072f97e0e8952b78d05e363e4d1c63161344577c2621f1b868a51514a6f9bf
pdb_7fag_assembly_1,7FAG,1,https://files.rcsb.org/download/7fag-assembly1.cif.gz,1,240,240,monomer_medium,2022-07-06,d6ce865093caac6acb5524f4b2e23aca28fd5dfec32073986dc36f81f2327312,fd693e3c4d0a3f75d3fc180a6f999b8857e6d07279df8f1b13786cb2c1b55c45,ebc5b5ab7ba87c6558eb4c88140097bd518b0d202cb9102caef248ac19008da3
pdb_7fav_assembly_1,7FAV,1,https://files.rcsb.org/download/7fav-assembly1.cif.gz,1,281,281,monomer_medium,2022-07-13,bfbaa5626145f07d8c1a5d8b60199f9bec89178ba66f142cda9a689fa2e94801,24c18ec4d4f13a1c49315ca11a686b59a36ccb4ca2deeedd5a35fa4ee0b050d6,a59444e792e0d867d42c6d01352c74f994b8c63e393f72d55053450c0c98473a
pdb_7fc7_assembly_1,7FC7,1,https://files.rcsb.org/download/7fc7-assembly1.cif.gz,1,96,96,monomer_short,2023-01-18,fa789d733d77cbfde2122d7f1bf352d44b711947cd1ead877ff344e7ea643e10,365d71a39a786b6005e2dcab559324f28d26f3e090dbcabe1f1134171081c1ec,27879fae66c5e7d84721459f1730524ffa9c99d35a4c505e51ac22f6f58e524b
pdb_7fcq_assembly_1,7FCQ,1,https://files.rcsb.org/download/7fcq-assembly1.cif.gz,3,203;235;216,654,trimer,2022-06-15,22f17d48b9b18d608f273391ba68bf27ef143c46e8fc527ea5eb2041f649ea1f,3f072d9e7a28c295a9beec0a6225a2fe32f5d6e1323e3a6cf2d07624c9b04c97,89f7cd3ed14392d654a0d3f1626988b5f44d56d2d865ce564c5113934f14f1de
pdb_7fd6_assembly_1,7FD6,1,https://files.rcsb.org/download/7fd6-assembly1.cif.gz,1,548,548,monomer_long,2022-07-20,e2a9884aa640b8b26b37a01ae3f73a81f5e1830573408cbbf8052f951b177d51,a8b106b8f9fd426b6c844978cbe703791f1e6eb2aceaf4c7ae665124f1308ce3,e39d7f3c1ba5df14a2a841ad9e9a77d7c10b6014e21e90c28f846a04e0135685
pdb_7fgn_assembly_1,7FGN,1,https://files.rcsb.org/download/7fgn-assembly1.cif.gz,1,78,78,monomer_short,2022-07-27,42aa097a8707995da9b8980694f882005876eb29c0637f3eb58b75ba0c7ef2ef,5df53fd1dc71fa419cb7006575c7045d4ef9ecb9396eae28bb8c65cbf9696c57,bc3edb81916132ba586910f5c25a3bf30a3e618f34bb3e096051746f5c6b5164
pdb_7fh6_assembly_1,7FH6,1,https://files.rcsb.org/download/7fh6-assembly1.cif.gz,1,667,667,monomer_xlong,2022-02-16,31159cdb4daad88e594c45b5497b8104508c01026d69f286b2290cfa700928ff,f34abaf074fcfd75b5e074b3f918e12df6e197b9b9c52e163818a46cf2964297,2e4844ed50db0d3534dfffcf1f959488a0c7bceca7734067b401dd62eeeee09a
pdb_7fjp_assembly_1,7FJP,1,https://files.rcsb.org/download/7fjp-assembly1.cif.gz,1,1148,1148,monomer_xlong,2023-03-08,1f1fc7d1129a288c171d5a17eae06ed65e07aa4307fafa8455ca84e9834b8254,2a26c3bd078043fd99c919437d73518b8c692dd84f0ebfa929b166235e64c6c8,af430e4b644db574bcf6070f4195f3da44462900c0f250845ce116c5b8e3035a
pdb_7fl1_assembly_1,7FL1,1,https://files.rcsb.org/download/7fl1-assembly1.cif.gz,2,258;308,566,dimer_large,2022-11-02,22186f4404b46bf364cbfb882f9e300917294061e3bed88ed2e00a6db637bc40,d94630b7a2d47141133262fcbae64a95f463238addd4b3147a184d9156bace7d,462bbee4ecd8bf2a762178697dfe6de102b400f9ded7319a779fd0245a9dd273
pdb_7frt_assembly_1,7FRT,1,https://files.rcsb.org/download/7frt-assembly1.cif.gz,1,321,321,monomer_long,2022-11-23,662ada4041b3a073e8e1df67e01d7f95db6a0e73acd7bc5efb2997d1b55f0087,b7504a89f481820da01aca6448aff507dfc938d5e6a0956796e56907b6a63b79,21645c085c23c560de7920f95580fed79e06b12cc6e1088169ee84586c391d27
pdb_7fsf_assembly_1,7FSF,1,https://files.rcsb.org/download/7fsf-assembly1.cif.gz,1,1104,1104,monomer_xlong,2023-05-10,9c0ee5c5a34463026c28b2b71a62a3257e3cb50a19bbc99ec01c2ee753a5c75f,ae6b16fb2d18fa90c1a79aa15cae9c39b8516e8408958df10da77a6728a7282e,89149fe47ff9c7cdbc1dc401246c7a301120786308d04a10119e9f572c567780
pdb_7fuk_assembly_1,7FUK,1,https://files.rcsb.org/download/7fuk-assembly1.cif.gz,1,362,362,monomer_long,2024-02-21,7d190fea0080521cd06bd3784806357ebd882657e94a52d7bfdef93dbf0cba8d,5ff2150f171ce910ee8671eefb71a8c3ab2bf2631a9e7b03a58debd44afbeff6,dbbb36b2b4ca903298f699ef29542ded138efa31d840a86eeb0273283ec97e52
pdb_7fuw_assembly_1,7FUW,1,https://files.rcsb.org/download/7fuw-assembly1.cif.gz,1,149,149,monomer_short,2023-03-29,dc87e8f2b0bee50d7bc74ba941cddde28feaff4fb729331acb1a41aa42bca561,0afbd18ecfec0439c80b232d1befc9c7ab34f27c71a1c7cee988763ccdcc9c5e,0db93b24c3641fde48cfd974749b7ab87bf04548c72ba327426b94c96d7ac7da
pdb_7g78_assembly_1,7G78,1,https://files.rcsb.org/download/7g78-assembly1.cif.gz,1,846,846,monomer_xlong,2024-12-18,11461ab56925c5be75acc5505ddf01b15f671c0eeceef36cd96bfe44880b6668,4fa992b56fcfa444d963ac17accdbe50790f71f4de9f65c61e7a0095c599ef69,e08d8e851c7b23e9d9c2f85bb2969f6e47db37eabb2cb5345fb116851d26a69c
pdb_7g8t_assembly_1,7G8T,1,https://files.rcsb.org/download/7g8t-assembly1.cif.gz,2,185;245,430,dimer_large,2023-07-12,095bb48a0df7aaf53795547d9d7657e7a054798e91a8fa71b43d4fb26b16f7aa,49f96ef172d60ff9c9cd5980c0d4fa0cfc73bb205da6732f370cdd1864f95f5a,428a0a27e0790d7759cec84ab4384822c1905d7251cc3a400c418d70ec817116
pdb_7gqw_assembly_1,7GQW,1,https://files.rcsb.org/download/7gqw-assembly1.cif.gz,2,343;343,686,dimer_large,2025-10-01,6beb8b8703b41890194df783f51b2fbb1b0ef00596bbdeebcee680fe845b0cf5,6cca873435ec2789d74352b7d2e66d3d91264cf27a12cd6f857574cb274e6f77,e204b5e419db0218a400ef5dd75d1ed58ff2f89aaba10fad60923f2d9ee1cb33
pdb_7h2a_assembly_1,7H2A,1,https://files.rcsb.org/download/7h2a-assembly1.cif.gz,2,46;168,214,dimer_small,2024-05-08,544a13457c069c62370543deb03646a81c6eb02ca9f36c8a2cdc83ffd639f669,3ca51c65d7086c1ee37dc0d5355f3a0501b8b873a85432a4146801e2121e6dd5,188c002402c4b471dd94fa0be5765fce2e94f8ebd27ea1a3da71ee58e81a611e
pdb_7hi8_assembly_1,7HI8,1,https://files.rcsb.org/download/7hi8-assembly1.cif.gz,1,173,173,monomer_medium,2024-10-16,52d1bbcc30c765af5c27a00f6c19264df6965cae658ebe89a6ddd213770c77f1,64c462dca348d135132385d3723dddaba689b6098ff95a1baea6ee47bbf62c56,7747a0788641c143a03e23ed3c87a582aeb848a8023c4822a26887fc1d5d6453
pdb_7hjk_assembly_1,7HJK,1,https://files.rcsb.org/download/7hjk-assembly1.cif.gz,1,126,126,monomer_short,2025-08-20,01cdce3477eca58a4c201feed322028a972be793488ebef24ce84dd3e6af301f,4b4371dd24820aceaa295237616c9ac5c0078ac09990b0c8d69599869f828e94,a267bc57317242b605fb8914033b69450973996a5142f6fe95fde185b56f9df7
pdb_7hlc_assembly_1,7HLC,1,https://files.rcsb.org/download/7hlc-assembly1.cif.gz,1,188,188,monomer_medium,2024-11-27,46dd55559bea001b9f0071a149d972200de666b9c84d8e0a4352d9f61b65b993,b8c40116e66ac1f1be6816002aabe23f5e77b7d20226b57011c7829d48fbeafb,7bbf1a64f98737432a7abf9c8a1b664149bd275be8f7bf313d66cb18bc4db118
pdb_7hoi_assembly_1,7HOI,1,https://files.rcsb.org/download/7hoi-assembly1.cif.gz,1,144,144,monomer_short,2024-12-18,f3d3c667c9bc43a377370b8ea88d31e1da25c421ff5a8a3eed17f61c5eca5a35,58d3a57b2231316cb8000a3fdd48cdc1dffbb28868c696656bf2de6b095aa5c8,9a48f0c17cb3d08f82fa5c732e6c05c76de1de54c48a5ae9e605f541dbeb6039
pdb_7hre_assembly_1,7HRE,1,https://files.rcsb.org/download/7hre-assembly1.cif.gz,2,295;295,590,dimer_large,2025-08-13,03f7fd2b2c01c976356f9e6dd93a989ede532cc7d7a52c502e0ff5cb66f6db4b,6168cfee94f83ec04773fde3fc17d7c2f92973abccd179164ad9fe32f1e29f81,ef4e73adc403659c636ccbe7edef0cee2d5b551d1de495ceaa6eb76d79bdd192
pdb_7i1a_assembly_1,7I1A,1,https://files.rcsb.org/download/7i1a-assembly1.cif.gz,2,306;306,612,dimer_large,2025-05-21,16386132925ca07391887c38366cad9a4a1290b8720b4f7ab77150752a8367a2,02ae24b876cf2d91ab0e199e142cdd27b7c398bcdab22faf6af23465f9be53cc,17dbbddd3982f895aa51b967f00c9235d27d4c0f6dfa72b112d62435067c6595
pdb_7idu_assembly_1,7IDU,1,https://files.rcsb.org/download/7idu-assembly1.cif.gz,1,116,116,monomer_short,2025-10-22,7c400aee1e5093b1b1545165953d55769303dde922039c577496fd1158e54c0a,a1ab6fd9b16a4d2a8c856c69321a88ca2d2b772c01d5d0b214470410f6bda660,2bf69c528631bcbb06ffaeb049efc1fb8f404228a85ba28a9e517383c73436b1
pdb_7jt9_assembly_1,7JT9,1,https://files.rcsb.org/download/7jt9-assembly1.cif.gz,1,71,71,monomer_short,2022-01-26,b4be0e852e0f31bff7b29ced8b4701d575c3177681ffa34a8e62969827255001,6cae44b9f3d89f9e874faa42be4000f9eb14d3f753906647c870d4fec908d09b,a03ff35086b79c774ac3e441d6b32dca3a58a36dbc92287db9258ceadcc4d3c0
pdb_7kmj_assembly_1,7KMJ,1,https://files.rcsb.org/download/7kmj-assembly1.cif.gz,1,234,234,monomer_medium,2022-05-25,0cff6169467ee071ed0c0997101436930ec3c6c1c7bfa510564ecaf55997fbb8,e79b4cce20498a613dbd3c8d18cb1961b599f698a3a0de5c31ad519d2975d85e,ac984813973e57149aeaf3c16fc55570f1cebe54f54c7c8e1177000f1c8fff3c
pdb_7knj_assembly_1,7KNJ,1,https://files.rcsb.org/download/7knj-assembly1.cif.gz,1,53,53,monomer_short,2022-05-04,25da770e517abd980dff51a99c8451b94264e54f1260075deadf48ef2fd8f754,f8367027062da070633b28d457ec10b74b0df3c1c09dc7413838d9efa04c16aa,45a41f4a18649a9cbbb756fb8d7a9e68c4303b1e09bf7646f17d187af2377f8f
pdb_7kyd_assembly_1,7KYD,1,https://files.rcsb.org/download/7kyd-assembly1.cif.gz,1,549,549,monomer_long,2022-01-05,3841e82bf87dfb23f34ac8f14741292dce63dd681a1aa20f27f201b740fc91a4,002169060a382f03c11ee756d277fb10b2681fc65f09c469b4d5b89192823cc3,32b298e995d7309639b1020932023c4af813d22763dc767750d4c23d52326199
pdb_7l1t_assembly_1,7L1T,1,https://files.rcsb.org/download/7l1t-assembly1.cif.gz,1,521,521,monomer_long,2022-02-09,9576ec8476f6d40d7391cd0b061edc2eced2fa4140eed0793fc055f5e98f15ec,38852ef94141e00f5ea83cd95bac3ab7fdc325d18c9421fc362963d91880a82e,506fcfb2a0c905e617f9a5fa2654dc2948e81cb6a866f5bd416998f48ddc65fa
pdb_7ldy_assembly_1,7LDY,1,https://files.rcsb.org/download/7ldy-assembly1.cif.gz,2,99;99,198,dimer_small,2022-07-06,a7465b7e67d5705de60192f2a350e1b11bfcfc4c908608a48b10fbf72d8be0ed,cb08c1e7d5a992eebe4f55b5aef0503b81db122d0276219749b47c340ea523ff,a1de02ac6cbf78ad4c3a8262547f7109c7157e2d9a557cbe1484e2f081dad9fe
pdb_7lgr_assembly_1,7LGR,1,https://files.rcsb.org/download/7lgr-assembly1.cif.gz,1,177,177,monomer_medium,2022-01-26,402256da8c3277a7a8e902e780b430da2ff7e336720e832a7ab399f9762ac413,54cb1c7f28b112c92b9eb7a92736e35f78a504a4d21e1a6530fc6ebe8390dbbd,fa8e7269dd57d535f92d90dd23830405028ff81cf533155ab9d32597ff6807c0
pdb_7lra_assembly_1,7LRA,1,https://files.rcsb.org/download/7lra-assembly1.cif.gz,2,106;106,212,dimer_small,2022-02-23,059fb359c9199f567f9fbc824a5f48861fa07c6fd2ba01926ca9733ac75f471e,4f685af5cff2cae7278bb9890206ac0759f7375f72f569970da1613146fc6bad,6b51871651f3c5737d5b1d4797934324e746f32c65fb460f63342e7bf12402c4
pdb_7luh_assembly_1,7LUH,1,https://files.rcsb.org/download/7luh-assembly1.cif.gz,1,200,200,monomer_medium,2022-01-05,c1782fd087602101711054b52d2f752863a4fe4c755736a426a76609c23367e9,a0616db1bce73be6042fcc3ffcf1c4def6a057dbb73baf1cdb4d0bf6d07d56a2,848c7c6cc9e4627b98de5e5d75869622408ca7e0ab035c90942c9155b2640df1
pdb_7mee_assembly_1,7MEE,1,https://files.rcsb.org/download/7mee-assembly1.cif.gz,1,250,250,monomer_medium,2022-02-16,d7da4a6e3e9cde254bb578e65ec389b00b85b3962f8ff67691ec24e065a0f2e2,6283c11067e8ac432764bd1430c553df5285a7a380b6a41e7180a1c0a33f60c9,a3c64bc95c80959d8a893633ea129dbcdb2235bc772f50dc2f68919df31863ae
pdb_7mhd_assembly_1,7MHD,1,https://files.rcsb.org/download/7mhd-assembly1.cif.gz,1,298,298,monomer_medium,2022-04-20,aa3ce2bd5a6f19eeb146adf58b865173653eae2fc2fa5e1f37e3ddc514009bb2,249a215f5074220e9455ac1034d86670cc8d87831a2d245d93663e523f238d05,7fbe729686afc541c76d9c2dac8a0fe5bd1ddcc07060ae711800c678239412ca
pdb_7mlp_assembly_1,7MLP,1,https://files.rcsb.org/download/7mlp-assembly1.cif.gz,1,268,268,monomer_medium,2022-02-09,51752cb41efdb7e69341780d38f7ff96c017e437b4763fe4ddb2177a27107afe,a814d1db75d218ab460df594295f1dff4a3aaa622ff36e6366cf2093021f6597,f020b067b475d1a845c7025c7127801ca398190b504e979c47771d23769e4aab
pdb_7mmh_assembly_1,7MMH,1,https://files.rcsb.org/download/7mmh-assembly1.cif.gz,1,200,200,monomer_medium,2022-03-09,2e8cb0965ea2594b0f7e98c0573ca0ef54e715886912e3ef956d7852b707982e,c53e63bea8f97e6e1bc75e7f713169904eceaa26d62fcbcad7ced8e6f1a071d3,7c2eab55fe5f513f198bdce08b1bac2c9f523535a2685a8255755f6295298cca
pdb_7mqq_assembly_1,7MQQ,1,https://files.rcsb.org/download/7mqq-assembly1.cif.gz,1,114,114,monomer_short,2022-02-16,b1236599a7fa41e85efc4f906fc9a5649ad453b2b993047be96368f16330ae6f,55ff2bbc2c22a916c073518c87a42eb81b47dda0c361ddb73a8cc6fac788ffa4,33242fc1d768d136ed65524a7e5f409ecb3d76477d610367dc4c1680481dcd25
pdb_7mqz_assembly_1,7MQZ,1,https://files.rcsb.org/download/7mqz-assembly1.cif.gz,1,236,236,monomer_medium,2022-03-16,60964db453eadac77d22808f497af993fabf7e5344b6d61df5b24ffacc81bb2e,620d3592d05e946942d7a1e0b1288ae09345dd7bc5dbec72970a3f21502effaa,97d3230cfac426afaf893fd4fb4406749431327442b04218f59b9cebda2fd5f3
pdb_7mzo_assembly_1,7MZO,1,https://files.rcsb.org/download/7mzo-assembly1.cif.gz,1,205,205,monomer_medium,2022-07-06,9f6fe83aa483682523146a26e4a7129c62ce5a1e78b8609a3160142f45ee4637,2478dc77c2d1af71163875c718d9357d36fa16c959fba91aa97747b3d67ea4d5,3342cad19b960a2983804843bc918fce0594732889a2894fb680fcfcff976dcf
pdb_7n3a_assembly_1,7N3A,1,https://files.rcsb.org/download/7n3a-assembly1.cif.gz,1,178,178,monomer_medium,2022-03-23,00543626f030b4fe203922a1243d9e8ab92b8b071f88859c4b07afe805cfc9b0,350558eeebf1f7a462b266327d59646f06493e7d4abd6532f6dfb377d5e750cd,74e07ca5e310c81a5792cf42c7c0c9693b5b3f8db2cf79fb48013a45d70f747f
pdb_7n60_assembly_1,7N60,1,https://files.rcsb.org/download/7n60-assembly1.cif.gz,1,393,393,monomer_long,2022-06-15,1c153b434e8b7729fe2b4769e3cdfe995a6c6e4392fa9467036eda0961b99f4d,fd57e0bdb6ceb7845be3855607067e2a48a619f73b6de896ae0ff575b78f0f86,0d9cd20ad855137fd27ce67b97baee1c38bd12220ee28e7322a53249fe5d799f
pdb_7nek_assembly_1,7NEK,1,https://files.rcsb.org/download/7nek-assembly1.cif.gz,1,618,618,monomer_xlong,2022-03-02,4716debdc6764600738f3d0a5df0d7d3959272acb0d7dd2bf317c92a66820a0a,b345fdbdc67a0e30f17538c967732fb2f92d59f2bdf1b7c9d9e74ca8415d43a9,738fbe2a91b7bcfffd4fbd7543717d163917747989db4f88fa66caa0c7544621
pdb_7nuc_assembly_1,7NUC,1,https://files.rcsb.org/download/7nuc-assembly1.cif.gz,1,877,877,monomer_xlong,2022-08-31,6372f42fafaeac4286122929d3b3bea8b316fe73b41cc9939c04d5aaf276f881,745cf30e429a3d69a487e10b005e73af3b62986db9e1d6d11a0f8b3c25fd4373,92862a4de3a627b7fe46c36f7d4d8edd6747e62925d79bd9aa6ef15908d82174
pdb_7o0b_assembly_1,7O0B,1,https://files.rcsb.org/download/7o0b-assembly1.cif.gz,1,106,106,monomer_short,2022-04-13,33da8f34727807ab888c6140bf8d406485bfc7fb9e39f160c1ef24665eb77c1a,4bb60a7231e9043be018b9862f9fd74fdc1e8c81a845a10642c626abd5fbd8e0,371a5ab0e9f2d88ba2368c5688cfe1be0472e36e33c9ec8c94d8038878b732e4
pdb_7o1n_assembly_1,7O1N,1,https://files.rcsb.org/download/7o1n-assembly1.cif.gz,1,155,155,monomer_medium,2022-04-13,1ec45d2bce250a8fd85ca79fd18c8909732f069f53a618b401dd24b751920bb7,6c78214ed14e4f85e69416404d68f792827510344836e1c30217e8777b0b804c,03f00da55e7a143d103f521ea8b5334a777376ea7f72fc1a1d9e0b72a18cb7c2
pdb_7o2s_assembly_1,7O2S,1,https://files.rcsb.org/download/7o2s-assembly1.cif.gz,1,332,332,monomer_long,2022-04-13,2a548130b5f59eefa3de8ea06607c8d561d61d6ebd9ba250eec7ec83a67f25cd,a4fc3b3f7b6c19e1de25b624f8504f4c7005130a29bde6a371c7b28b85256e3a,4ff759842bc037721e09d634dfffda933be7312b35ac41e8a917ba9774d5ae08
pdb_7o8i_assembly_1,7O8I,1,https://files.rcsb.org/download/7o8i-assembly1.cif.gz,1,296,296,monomer_medium,2022-02-09,10b4eb979988658e85f5755a7c6d5a6b39a25f42dbb2bb7ae26965971cf66e45,b523d9e26bdd4eb4e2d58d10d8ba1d4d43b121fdcaea709653ffd11bdb293d0c,0684f4f4a4ec137d0f37a4e1a3ed93975c4c27c2f5a08e4fec6720d5bcd27e36
pdb_7oad_assembly_1,7OAD,1,https://files.rcsb.org/download/7oad-assembly1.cif.gz,3,86;86;86,258,trimer,2022-05-04,2af97bf0ba24a0df268406e5bd75cbff3f5f5ff428cb3fcbd1edc5e110f59012,a4cef0e8bcc8063101a7bdafd6af40af63717d2268708b92b92e2655ab1b065e,d2cc40c3f19762dd63dc79f68eb9445cd93beaceb343ebe3ba680136ee4cbbfb
pdb_7obj_assembly_1,7OBJ,1,https://files.rcsb.org/download/7obj-assembly1.cif.gz,3,120;120;120,360,trimer,2022-02-02,b11fb750c5508ed37bd77f4acf4f2c04034d12f7a1abba4a55f628744dd2d092,207dd77bbbf16f8faf340687025a76e29f1e0dd95a13b5e2f081dd6f456f2a2b,44d8031995b8e4c1eb96054bdc4135b49db6f5837c7b17fdad32ae01cf7594d7
pdb_7ocb_assembly_1,7OCB,1,https://files.rcsb.org/download/7ocb-assembly1.cif.gz,1,222,222,monomer_medium,2022-05-04,3acad92fb9f1c171e43ae80196535ca6b698659d1136d0f336fc848d0dafe977,a86b83fedb8db223433e55119d169f9bdf381f8a3fc55fc5c276d27bf4bd01c6,3749b8fe9ecd3d7acc2fb3e9740f66f6b2919e8fc2c7571fb1fe23f35cdd3a62
pdb_7on6_assembly_1,7ON6,1,https://files.rcsb.org/download/7on6-assembly1.cif.gz,1,310,310,monomer_long,2022-12-14,71b12392a78024787600b0c4aa04fc666138249a49577c9f36ffa03af962dfff,8dd6e71ca3301dc55347c156c3527ba0c7d85f7575efa6644c93e6b09d8ab14e,7c2bfc76db6afe52c5e90b90fb56b8c4fbd24a0b815fa0caf65d7b76f01ddfde
pdb_7opr_assembly_1,7OPR,1,https://files.rcsb.org/download/7opr-assembly1.cif.gz,2,229;229,458,dimer_large,2022-04-06,ca98e2d106cb336088de3607d669c27a0ddfa0d28002595ca5d0c8e287ad0aed,78dfd27b111351e80cde2fb208ef3ef785b4b3d5acfc23466d0afbc949277227,a33d2e92da6ce50a071863498d5e6594df6e7d4d81b02686649dcd2dc2cc8cb5
pdb_7ovj_assembly_1,7OVJ,1,https://files.rcsb.org/download/7ovj-assembly1.cif.gz,1,318,318,monomer_long,2022-07-20,a4722687fb46d6585f21495aadff8ec327148e31cff47e24f1a07d15bf76c923,f0295d666a8e8982a6e8d32eea4b20dcac1fa749ed2564c6b3ec199cb51c3503,fc9ed5f2d28aa3274717283463c75657ed0374987d4e8a2857d3e496db0bfd86
pdb_7p2v_assembly_1,7P2V,1,https://files.rcsb.org/download/7p2v-assembly1.cif.gz,1,440,440,monomer_long,2022-07-20,f7be93544f745f4327f605f0006901452d9392fd6097ba843504e5a4950d2b9f,f7e17d01e94857645d4915f9f597688e7f3e07c7efb6a78b5069336498c0cbea,657ec3340bfb1ee9286f8aaea3452b199aed0d9793c0ccaa3dbf0454e297434b
pdb_7p8u_assembly_1,7P8U,1,https://files.rcsb.org/download/7p8u-assembly1.cif.gz,1,308,308,monomer_long,2022-04-06,f34ae8051d8da0746c77ccb0296a23150af1a087ec56614fe12075c49246af0c,15d8b5adf578b0044403c2c10d7134da44fb2b63208a43c50f678529704bc469,c596a8a6c4ccb13a59235f2c25cd650ee8c6e45fc2f38dadc7c1b24519f54605
pdb_7pae_assembly_1,7PAE,1,https://files.rcsb.org/download/7pae-assembly1.cif.gz,1,166,166,monomer_medium,2022-06-08,d1cf70373600903cc1eb67764c89472c2021ec8d83572ceabe7366672881aaab,bab191c6fc363e0e495f63432c9032003a121c562780352ddc9737b6dcc2ca35,5f499e2fedef7796723d928b867c9a71d2d56571fbb4d5fecb6eb6a8e7eca775
pdb_7pb4_assembly_1,7PB4,1,https://files.rcsb.org/download/7pb4-assembly1.cif.gz,3,49;227;105,381,trimer,2022-04-27,5b81cbf7df9daf8a379d1b61f9cdae3278d9e3c373aa9821e066712e9b426262,7ed177efccce5dd10580161cef79f96c6179df4ca064e9eee1b787ae7e523fe7,386c2902fc7b5da68cffe8473d88b19d18023afb5b5c2063f8640ecbad0f0051
pdb_7pc1_assembly_1,7PC1,1,https://files.rcsb.org/download/7pc1-assembly1.cif.gz,1,72,72,monomer_short,2022-08-10,bcd1e12206962bd42457796dc42074754e6d1f45e3e6433f65a7e7b45d11978a,357a21600f871e05f1d9b9f0c42bcc16517a9d3135c281549d65e1755735966b,f5ee76234894be41d47a66870527859e9dfce67d38f4a09eda1c6b3048bc5af8
pdb_7pl3_assembly_1,7PL3,1,https://files.rcsb.org/download/7pl3-assembly1.cif.gz,1,274,274,monomer_medium,2022-09-07,21cf4179e92e60ae9f6f0f22b1743e8902d2c9aafd62e402c9a46bb68958c844,3c9a0134f66ca447b88b7013f877f1e4912b3afe033701b815b2f558b56ae574,5277c747d67b33ccb832b76b6a8ffce9eedad05fdc81a98eb9726154ea177b6c
pdb_7pt5_assembly_1,7PT5,1,https://files.rcsb.org/download/7pt5-assembly1.cif.gz,1,145,145,monomer_short,2022-04-06,bd1bba55f92f01866ec90eb7556082b786781fecff485047524c5cd820a80515,478694784911212e3976bacae0ac4fb56ff6394d615a4d94e9de2480437e83c8,252d108794283984d59035f299192bfed8a24fb20ae7798755a4603085e03063
pdb_7pu8_assembly_1,7PU8,1,https://files.rcsb.org/download/7pu8-assembly1.cif.gz,4,361;361;361;361,1444,tetramer,2022-04-06,6ed7717ebfb0bb3fabf63160f0f88fe682d1236329fe1664bec64b1797647ae2,bc61a5ab3b2a84068d73ef09f221d2534414bf6c56f608dcd23de90c097c400a,89354cf8634a8d8ac267ab8b9cef43d0d07342ed972c5747e21917a9e936e186
pdb_7pu9_assembly_1,7PU9,1,https://files.rcsb.org/download/7pu9-assembly1.cif.gz,1,148,148,monomer_short,2022-08-17,787e521525941a7d26a5d483ac12f3df74ff3d38c70b225272c4815777f80763,c3147d00151d1d69aa5a3dde02f8e46044eb6f5a5beda736380efb6b66c5dd5c,b6e9966dc9376520c462031fba62abb8522dc1d86f20903ea3bf685991c7f475
pdb_7pvv_assembly_1,7PVV,1,https://files.rcsb.org/download/7pvv-assembly1.cif.gz,1,59,59,monomer_short,2022-09-14,142bd2188660302b59bf761b8c2495c2eef2cef39008ebc4c84464af3e647aaa,5ef472938134cda759dccf453d2a54965027269427a1495e9108f84a05c8ab4b,008c60a62f361401b78c6bd52568509c1beee8b7277b2f8fe1f1417918838eb2
pdb_7pvy_assembly_1,7PVY,1,https://files.rcsb.org/download/7pvy-assembly1.cif.gz,1,61,61,monomer_short,2022-09-14,713beaa4a69d404720063549741dc095ab7acdbe8b63ee557ad8db25ea167c8a,1cd791a8aa3165a8895546b8ae586d4355b26b7027be460ae4c37de017bb49ca,76547db7fa73a7d78464bd56982c1a4870f71502ab03f202140fc3f69bdcb6ab
pdb_7pyq_assembly_1,7PYQ,1,https://files.rcsb.org/download/7pyq-assembly1.cif.gz,1,235,235,monomer_medium,2022-08-24,c23ee772a80a2abbec5a24ab8a531e854c3ee8fbf826a8e361889efeaedfb89b,2aab574043021589e903d964fb2fa916e4501cf84f2aa7c6af1a5aca6a96ceaa,6b94b5912aeb53844762a5bc501f5711b834d0b9e31a68d01c58df8d4c4e3dce
pdb_7pzu_assembly_1,7PZU,1,https://files.rcsb.org/download/7pzu-assembly1.cif.gz,1,312,312,monomer_long,2022-11-02,f7d0631d40b44ef32ff5c63663abe50fba9f4d528a692c515d413393be5092ef,92ec5f5efed15ad024ee292bcfecd67965891c5d935169fa12c1f39698e519ec,e93f10b348726c6a7ae1ce8c184f14f27638b6de291339736301ce3b42b082f8
pdb_7q0m_assembly_1,7Q0M,1,https://files.rcsb.org/download/7q0m-assembly1.cif.gz,1,519,519,monomer_long,2022-03-09,0ff43df0a11bff633be56a1c408d67267480d436dae018d6af1ed9edc170c446,0a63afcadaf69b4b5e64ff04892c5fcbfeeb5fb92ff4f1180f14ddf68b2cc28b,133131315ef798b3476e12b95c4780ba79d97fc0759f6471f97f04421d9e30ea
pdb_7q29_assembly_1,7Q29,1,https://files.rcsb.org/download/7q29-assembly1.cif.gz,1,597,597,monomer_long,2022-02-16,1a4673966eab6437757c40aa9a0e6ce45700a234e52ddc74717b7ec64109f6e7,3724e1c5e43fcba7dcdfa91befb3a9a7c0db5ad64cc39835e190711d3f9cbf16,b834aa859b14a80be43f789b353e605ee35a23493ab926673d215e0d0c51fa6e
pdb_7q2h_assembly_1,7Q2H,1,https://files.rcsb.org/download/7q2h-assembly1.cif.gz,1,318,318,monomer_long,2022-02-02,1c582a5827bee5051e82382267230805523efbac8eda650a8875d8e611af137b,aa08bf8d902d930eb93b0c4f132df1551415a5d19c4301c352bf8216ef21cf4b,c54a75c4e954add0f13381fcc0b2b7c4732e62d0079170c133ffa31bff94a2be
pdb_7q3q_assembly_1,7Q3Q,1,https://files.rcsb.org/download/7q3q-assembly1.cif.gz,2,141;198,339,dimer_small,2022-11-16,86b8870883c1b2630209c52bb8cf01133cff9359e996fc00074973aee7ca541b,52bafc3809994912d7cf47a560516dfdff0c273dc8b64411efe158bb04c56bca,68220d728081f0b81b3b970d540c0026e0f504fce300a5350f24d6ac8dc7f4ae
pdb_7q3r_assembly_1,7Q3R,1,https://files.rcsb.org/download/7q3r-assembly1.cif.gz,3,198;142;135,475,trimer,2022-11-16,74744f2104e1187ebfc28745b00f45497fcd59033b69b2546f22263f7686ea9a,9e0339c207866cc094e75b991784244c71141f0de54450956ef46e4b4297a880,c16709d3575a709a8aa6a7d3c7f60ba83079c8c02bd767d1f3e834a673b7dc93
pdb_7q6v_assembly_1,7Q6V,1,https://files.rcsb.org/download/7q6v-assembly1.cif.gz,1,130,130,monomer_short,2022-01-19,90b947063061d4b396499ec38038b226dd533bd87bad1f083bdb79fc8393ec1d,49811ba3a74b8120740ede810f9c3084696e04bf7ec1397c4c126736513bf429,ea19981fc0315df165b277179b8918d1edd70d899eb5311e8d4086bdac1dc529
pdb_7q71_assembly_1,7Q71,1,https://files.rcsb.org/download/7q71-assembly1.cif.gz,1,233,233,monomer_medium,2022-09-14,7ea019ea9452c70679baf92725e3582a951e072c4ff7a500bfaed56a106d907f,bc0701e0ac4c30f213370a5d6daa2f854acb7c4f93bbe916689b0ecbeaf44bcf,6b607d98c1f83ecca0a8a6cb1db37a17e7bc09b3d9e9c8d248f5a98ae2119579
pdb_7q7a_assembly_1,7Q7A,1,https://files.rcsb.org/download/7q7a-assembly1.cif.gz,1,124,124,monomer_short,2022-11-16,3fdb0ecddf682ea329409cbd65f1023ab86b89d3649887fc5fd63ee07a63f307,ffa736947907ea505378c5e113ae4b9ef4c346702d6e962a5bc480d5c3ec999f,c394e3da922dd41afc8f4e9601ef522e3b92b11c6f1067a71c423d0dd1f11ad3
pdb_7q7e_assembly_1,7Q7E,1,https://files.rcsb.org/download/7q7e-assembly1.cif.gz,1,327,327,monomer_long,2022-11-16,9c9b9481b8bedbe006322291608c0322a3a536cd7b6e9401ce0c082dcb506728,bdd4ebc77bfcc68e1bba07ce4242b44b5c4ec21374ca268c43267ff4b6f11b5e,f06d4261d58194657bbabcaad824cfc0a40adf4e25ecfbfa360dc69e5394c6f2
pdb_7q7h_assembly_1,7Q7H,1,https://files.rcsb.org/download/7q7h-assembly1.cif.gz,3,241;281;302,824,trimer,2022-11-16,783882808d65cdfc51f38c29762ac5e10d447afae8abd7842a8ab8c4355bd910,729e3b641e46950ee47a9ef1894bb06809403fc27c7a7fe86f7d536a633115e3,f4d856d7184c0770d9ac80acc88e1bd62cc4415cb6e8c27c6e4671c632fa9e85
pdb_7q87_assembly_1,7Q87,1,https://files.rcsb.org/download/7q87-assembly1.cif.gz,1,323,323,monomer_long,2022-01-26,cfb68d1bd7f91ff2dc28c8f655e40195fe7211a10f8628f8ea91be96b4dc8aed,626bafd8a6231286221f5a6e2f93a440d5f4b819ce9a191df9b43976c0b5e1b2,1961d4e433458eb36b1624bb759e9c76257aaa809ef0f58595861fcf1a0cb372
pdb_7qaa_assembly_1,7QAA,1,https://files.rcsb.org/download/7qaa-assembly1.cif.gz,2,233;235,468,dimer_large,2022-10-05,19db24698571e6a73bd279c7f6ba45ad1da3828d457f82c21a6d493411331ddf,1857838a0b569daf2e589272c9300ed7900ed6a93cc86f2c4266598fd31c1ca9,2859c0989efe25f22b81c69b4793a962f752db974d72ff113eca95831cc92b6a
pdb_7qax_assembly_1,7QAX,1,https://files.rcsb.org/download/7qax-assembly1.cif.gz,1,230,230,monomer_medium,2022-09-28,6ce76d98261886c461cad1b9c9af6f1af2edadf3356164b312aa057ff6c95459,1a6b3daa739ebfad2a8007a389ef37d25552237714aefafb39270135f0b99751,da803ea8ffee0e5bafa62ef92511c36c7f70889998e97b215badedbdbadf1b47
pdb_7qb4_assembly_1,7QB4,1,https://files.rcsb.org/download/7qb4-assembly1.cif.gz,2,543;543,1086,dimer_large,2022-04-06,56791f394660d79b3d7cf29488457f03e309fbad5da403275de5826c25879944,a298bff058323fe731c4dc46b64d801d060ab106afa9db4ab5bd5bc69db70ae6,4645ffe5b52f5ac004c2e39dc8cc7714f05d75f672742eff8c2a352eedfc2067
pdb_7qbl_assembly_1,7QBL,1,https://files.rcsb.org/download/7qbl-assembly1.cif.gz,1,215,215,monomer_medium,2022-01-26,c0c7aba890c950c46c89faa696c65141abba5263a86039e8057d4b7b120d3438,88f91703b05320fcf4aa2ee13abd83776f2b92a296fb9515c3e2b6413bfb7da7,e7ea518bdd8f4b6137d5168f8a1c55221f2fb9fc61ac31cbfa19b47803f0144f
pdb_7qdt_assembly_1,7QDT,1,https://files.rcsb.org/download/7qdt-assembly1.cif.gz,1,236,236,monomer_medium,2022-01-26,9b75dfefac8be6afcb36bbf846bc51e2878d554e79dcf05cf78aeafeb94a555c,a7f0a292524254e04c67982e70d70ac7239b7fda44deee10f01c381ccb6e4fa6,49adc27652e66a457120d3cb6cbf2c37855ba013cd8ad57747a43e4dfe7766d1
pdb_7qgo_assembly_1,7QGO,1,https://files.rcsb.org/download/7qgo-assembly1.cif.gz,1,541,541,monomer_long,2022-02-16,c699a59e01406c3ed92e51d6c0d92e089092332437bab53d4ff475986afda3a0,f57b6814c8163338b377bb3a1f2a9cc8be96c5d1746698b0a232e6e859959baf,fc6b47fbc1658b965989fb0b095b60ff0b1220251835de698d2cd5ecda78ca15
pdb_7qmf_assembly_1,7QMF,1,https://files.rcsb.org/download/7qmf-assembly1.cif.gz,1,419,419,monomer_long,2022-08-17,ff6efabb5a1d099bacfc0bcfc9edee80c6627c29b9df3b5830bce08ebb71a912,3b1121482c2517490f2d44ec596fcb552386a88f6501d0fd450985e769f19b67,24e1a79cd05ec540c31e821ee6926cc375f81ea1895993d778c22ee59c4c60bd
pdb_7qqm_assembly_1,7QQM,1,https://files.rcsb.org/download/7qqm-assembly1.cif.gz,1,414,414,monomer_long,2022-04-20,4dbda0ad82200abf9e9b173ffee6047919825c46803162ac8eab676519772b00,51f53539eed382ed1b14f1902ac8dad97efeef52c7eb88a82b3bcdc3ef1ac10a,ffe6a7e5bcb7b8f75973495648eb625aa23079c8dfdc41db271580492416b6dc
pdb_7qs3_assembly_1,7QS3,1,https://files.rcsb.org/download/7qs3-assembly1.cif.gz,1,209,209,monomer_medium,2022-05-04,21bc9af34a4e870ca4f42d8f02cb540d5dd5fb8bb016a6971509b78e5e630777,300c97386ef5a3fb82b56ffc90e22e824f28458d84a35dcc67e5e843027904d0,80d19932a40451ab8c6c34430c8c57299009f9fe80bd9ae07ca270659fdc639a
pdb_7qss_assembly_1,7QSS,1,https://files.rcsb.org/download/7qss-assembly1.cif.gz,1,432,432,monomer_long,2022-03-30,8b786f99526dab59555579d1b18084b90e3a234339ea5b7b08611b4fcf4648a5,eb45375ae4ff0ccc1dcb5a03bd9f99ef6f8c8fc7c47c78ea6e4be15cf66a30fc,d6b15435d86d4115eb0a88cf9b707a7c4a80f937b09eb249415e95becd3b7c4d
pdb_7qth_assembly_1,7QTH,1,https://files.rcsb.org/download/7qth-assembly1.cif.gz,1,671,671,monomer_xlong,2023-01-18,23543ec7afab478496c7051ad09cf624a782fc0fdf905691bf37906359ed5475,e146e40ba307ee9aa4c9c07d18e0ac3f38a325d10c197002e3a5ed738e872ed4,e19fec9ce179fa9ca21ea366979eb0e5d0fec78ae5796aab45b41873b2547973
pdb_7qu3_assembly_1,7QU3,1,https://files.rcsb.org/download/7qu3-assembly1.cif.gz,1,280,280,monomer_medium,2022-02-09,ecf0ef5443630297efeef811c225d6aa83a5bde221e435579efd3603be7a86ec,423183b15dc02db9c73e5d08bd4534d89064d03c9e124c7344b00945df14ad39,6bff4f374ec6c3123c06aa04c602c622cf5fe0aff95e50317d9aaa4636c0bba2
pdb_7qwj_assembly_1,7QWJ,1,https://files.rcsb.org/download/7qwj-assembly1.cif.gz,1,313,313,monomer_long,2023-02-01,08395db251c8042b52c90a2bb71b67a14fe092995379089166fe87d11566adec,d7f1af99863b6f98f038817cf0f9dd486afb1b5bd7190b7ac369d10c994f9c30,2b0097e932c3a986948cd859d6ef98cf315a1a613815fd38c1d9b9b1f18442e3
pdb_7qxz_assembly_1,7QXZ,1,https://files.rcsb.org/download/7qxz-assembly1.cif.gz,1,480,480,monomer_long,2022-04-13,d7d10e1a279c3d735f08e027b1c045de26ecf6035e4df0543aa823c1ab29cd8a,0b3a54232860bd03634d9e249a908ad231bb88a755be845bba1a7ebae96e7fdb,857fc2bb7e3fccd6b7ec4b2e5595ccc1ac52479e1447d1ae160335640dc1a4e3
pdb_7qye_assembly_1,7QYE,1,https://files.rcsb.org/download/7qye-assembly1.cif.gz,1,105,105,monomer_short,2022-09-28,6a0c885b3109b0a434bed15f118d244fd13e963d95488aac009fdd99ffc1ba29,c8803eb973ab7a5271d8222444e2e56b39cc1c5ee30f5630a80a3702f6ff5ca0,1d43c0cf29631e07271ca06a599b0531d066638fdc675b5c58626bc8a5eb0cb9
pdb_7qzo_assembly_1,7QZO,1,https://files.rcsb.org/download/7qzo-assembly1.cif.gz,2,156;156,312,dimer_small,2022-07-06,144968dce1bb06c88bac5c58be96cbb544820a88e9e244f5f42e4d66d239213b,3b0180e943ae9c00c1478c407c05cc2457b5874b9b8819bed0cba2c58c0fa903,d382bfab0eda38e57c4c32a29f89edb72156f58fb2454194a27cba24cd472e81
pdb_7r0i_assembly_1,7R0I,1,https://files.rcsb.org/download/7r0i-assembly1.cif.gz,1,658,658,monomer_xlong,2022-09-14,ab8c2e154a447471dd04962967e95ade931b88e37cfcd2eb3488488bfca77795,ec4e71274b5e23a46f51f3f20132e5ba35333cc0e42ff030a25b881977ea7cd2,80de8cab42bd77a0fb1985de4c87224d5e95395e85890103fb11f7a065a1302a
pdb_7r20_assembly_1,7R20,1,https://files.rcsb.org/download/7r20-assembly1.cif.gz,1,120,120,monomer_short,2022-06-01,da023309075ac7de8cc9b129ff52cf1cdb394e09f777a1c4b415cd854f5741b5,6d58e02aa1c3a19e2ba562f7e7e9db4b6736e727a6f0119c4353eb31e90da55d,9ab5a68e6659c8a9856e3e869860f610ae0bef84c9270bf765772f6e51dfc0d6
pdb_7r25_assembly_1,7R25,1,https://files.rcsb.org/download/7r25-assembly1.cif.gz,1,190,190,monomer_medium,2022-05-25,6d27b140e4a4e40f1c8d8ca8684f9bdc8db25c00236cfcba6fc321915cadee46,2227e5bee277b4a48a2eae261f03507dff1ba42a4fc677cb17cfffb10835cf69,c8a9f1894be9b8561cbd156aa8ac76ed2ed95bc2c3fe756b37a44da64794dd86
pdb_7r8p_assembly_1,7R8P,1,https://files.rcsb.org/download/7r8p-assembly1.cif.gz,1,406,406,monomer_long,2022-09-14,86d795c9ca118b72fa270163e09cc20dd1e8b0435d5879ec6b3f8520b64ff049,a4631331efd163b5f5eb7c0d87bd02875fb506aad940ae11f623e03ccbad1100,8e51356d38eba3f75a7744745ba901a012c26241731206ba2a76acfeb48797fd
pdb_7r9z_assembly_1,7R9Z,1,https://files.rcsb.org/download/7r9z-assembly1.cif.gz,1,122,122,monomer_short,2022-01-12,016c04829657779ee72214a6eebf707c397a0c4b7c69d1f3eeba059330a3642e,1d3ee2c96d6c64da9ce0094ae7493746ebd08c70e8432c47b2066ff99f13d4c7,ef5ed71e3c00ae242ecbee3946571d3064bc69e093e277894072eb3b2c303ab8
pdb_7rb4_assembly_1,7RB4,1,https://files.rcsb.org/download/7rb4-assembly1.cif.gz,1,606,606,monomer_xlong,2022-04-20,0e4419de795abbc034139d13852f7128b8b81aab1375e56c876a942dcadd251a,d73b04f081392c658879bc4e92ad7d462b41b87b0f91acd6157b3a3137a4f7e3,853a8c6b3b9600375bb2b59bc54e1927208752a0c8404abf6e1d68a17885f0fc
pdb_7rcx_assembly_1,7RCX,1,https://files.rcsb.org/download/7rcx-assembly1.cif.gz,1,927,927,monomer_xlong,2022-03-23,c578fb884b5ecd59be19f207a749ca7cc3aac92c4e474698830ae56c2a25a46f,da5e72410770ed5b33710b101115da873729b3ec3069fe4c85d0500cd67fe1af,7c377d506d84ea07727da035855accb0512080be3ee3e009661ad76cecb1dc8c
pdb_7rdo_assembly_1,7RDO,1,https://files.rcsb.org/download/7rdo-assembly1.cif.gz,1,139,139,monomer_short,2022-07-13,a5c8172f030e98178d30d9c308f560800be4cb2bfa3ef223a12d37a464cdfb24,7f46e1f6f889f331eb1ee466cbc439ac75dceb6d8c9d28f69349f81e3514dbf5,ac6d5063d0c6a640a6efc349fabdbfe45a28c20d1241566cf2a5069e95be531a
pdb_7rfq_assembly_1,7RFQ,1,https://files.rcsb.org/download/7rfq-assembly1.cif.gz,1,270,270,monomer_medium,2022-07-20,0ebc2cce1f9d765202c127a664e3bc2cac0098addd711348ce70bf51c04868fc,4ef268284576d7081de92040e57ff8c03b165f5eb9fa0d5fd01d5e0bdc68b712,6bc059ea9a3f58535e8ce5c6ff2737ddf39e4a973ff3ee309e57e74c613312ce
pdb_7rgo_assembly_1,7RGO,1,https://files.rcsb.org/download/7rgo-assembly1.cif.gz,2,157;157,314,dimer_small,2022-05-25,49889ddf140be06f3a5d839c2cea3f7118b953a514c5f3ac0038aa6c8146017c,ed2020fe7e3f063602a1d5cfe45eb3cc3a6b9569d90c75926c846d50e943b43b,cde4aa87b78779f56002dd6633aeab0be6feb215031f43e36f3a7bd122d757e3
pdb_7roa_assembly_1,7ROA,1,https://files.rcsb.org/download/7roa-assembly1.cif.gz,1,136,136,monomer_short,2022-10-12,a4dea4a738367ee7e546fdb507307f167d7b40965e8b71986846e5488d107aec,b8c50f69db0ac6b0d985738a3670fbe80e731fdfece4846d1e3db0ab2c7cab75,84ffc65adfbe3b1245ddb4a95f03aa054c24175c9fb8ac47c3639efbf44bfd2e
pdb_7ros_assembly_1,7ROS,1,https://files.rcsb.org/download/7ros-assembly1.cif.gz,2,391;391,782,dimer_large,2022-06-08,dcf95ff713f1885a503443fd85f873230b0f7c5f60ac8d72b5917a7456e2a1a7,fdc7ef5fd0c2113c59e9ac4b9f00b597c7f6bc30c0e634df864e338c1819f4ee,839444a8c663856e7a90604782f76a0c82906f35b882ece8e9731c0b732911e5
pdb_7rr3_assembly_1,7RR3,1,https://files.rcsb.org/download/7rr3-assembly1.cif.gz,1,289,289,monomer_medium,2022-01-12,5d3b3e662de6b1911906350cc568e4aea32be298159d4ac1446698736bec2bcc,38700c62fbf90b348f3ab9a7a419b69d923e1dd6581849de3a91ab8123e36c97,bfc589b81a9b561bfc86094dd68d0f91bb288482e92b6eac7af4beea79ee82b1
pdb_7rxh_assembly_1,7RXH,1,https://files.rcsb.org/download/7rxh-assembly1.cif.gz,1,735,735,monomer_xlong,2022-05-18,25690c4a1f7f2e22f981c4c6b93c4f4c377b921f14befb8ab4c8ce026a3da617,95444d78828d14cbaaa41708d79a7704393b97691df58c3a17c98876c536d89b,b4b3256ba45e62d3232d0a14758fe4ecbd8d0df7bde1ed1a16ee0782ec57b8b5
pdb_7s24_assembly_1,7S24,1,https://files.rcsb.org/download/7s24-assembly1.cif.gz,1,396,396,monomer_long,2022-08-10,db96d7115e925fe8727d8446045d843b334afbb3e32c914fc8e28157f53de699,97d3d126628146fe91d2a682dea0d8ea04d08c737d8afe17aca24c1eb1418aca,efc2d80ba15b1ba345409b09b9d89a5c3403cb3b91a55ace9c9778c68bcb7892
pdb_7s9x_assembly_1,7S9X,1,https://files.rcsb.org/download/7s9x-assembly1.cif.gz,1,298,298,monomer_medium,2022-10-05,fe22d91e18cd544a85d7c768cd864172200252df906b774d890dc103224f7c8d,11c01bf7f6b2872a0b7f1f0b7a3d9297519fce60760ae8998d280b6f09748722,99189c50c55035a5f077ab4b60af5d68ee7374fcdfa6f27bb8d8b65aebb1e61e
pdb_7scd_assembly_1,7SCD,1,https://files.rcsb.org/download/7scd-assembly1.cif.gz,1,372,372,monomer_long,2022-01-19,a6ec1bb092699eb485d05f3c03b3f41ae11a1c0c38bdc76b1fca6606d87eb99a,0770bd52457c47a739f7489e048506eb64a21dbcd746b8c5c50d0341ad2e2b21,0e9265dbbd7e764d6a6d4d1abac15703afe4513627aa11fa440d2f4c37c791cd
pdb_7sea_assembly_1,7SEA,1,https://files.rcsb.org/download/7sea-assembly1.cif.gz,1,242,242,monomer_medium,2022-02-09,828fdd4a13dcfa05d92f4720c4c1c7694bd9ca6a9b20021d7ce6ba431313e84f,84bb7d2e6bc31b48b3d5f7ade1083f5c19f08ed853e6dc365e90c66658f136b2,4f9290aeba5aa5085633dbd1f6f04710792b2ec40fab95ec3f5867a3f2cfaf62
pdb_7sfp_assembly_1,7SFP,1,https://files.rcsb.org/download/7sfp-assembly1.cif.gz,1,212,212,monomer_medium,2022-08-17,00a9dd61aa41c49f62072ee68a1b8b738603b9008d37bbd6e993cde55b2a709d,5a72ce891caaf6aef76ff298f02125871576b4a5bd9fcab571435a8a50b7f8fa,619995bd5c57651b47547212e818142d3f7fdc2e0bc9aafa39c17d33921ef03d
pdb_7sia_assembly_1,7SIA,1,https://files.rcsb.org/download/7sia-assembly1.cif.gz,2,161;161,322,dimer_small,2022-10-19,bba7d2784c0d3e7cc8e18ce7e5e4e0005745e35457bc417df8d6dde7a4ff6eb0,d03788eb514f8c1141455c732c91566bd4bd33c6f823a4a2edb41a1a486dce35,2ba8d959bcae917af9322751fadc2267f428362bed8b405f5934ca62ab9af082
pdb_7sib_assembly_1,7SIB,1,https://files.rcsb.org/download/7sib-assembly1.cif.gz,1,277,277,monomer_medium,2023-01-11,352002bbc091e34e6b05d40a78b7e72aeb36cd128bfb6848616a533ec9cead69,58b02d089d35893d4b196bbd50625d1f9661596d5a6f46a300b5167db839621a,be512db72c1ed7afd6564eae965eb20ccd6aec2eab0a29dbe819a184f64a1085
pdb_7snj_assembly_1,7SNJ,1,https://files.rcsb.org/download/7snj-assembly1.cif.gz,1,536,536,monomer_long,2022-10-05,8755645918b71fbbd8aa2d45cebca42038cb5a5b7ee865dc499b3c4e8758d61b,fe7c6fe851d57c30189c5956066c1d1ba3da9b35f8fb9782ee3cb24bf0dde786,a48c8b6621957e44ff735a98997f2559a54f6718f068ea0eff65f10b3a14f358
pdb_7snu_assembly_1,7SNU,1,https://files.rcsb.org/download/7snu-assembly1.cif.gz,1,272,272,monomer_medium,2022-07-06,e92242b3a2621bbc7eb63513cda08b0da826df1a5262b9d4c1c5eb9cb4b38cc9,d30606eee39553f672cff620fce2be5775b00a9a2d785ebc33bbc2b27855efda,fe0f7de71bc527fd399c5e26bba82862081c33f590531ce27e0159724100be14
pdb_7spr_assembly_1,7SPR,1,https://files.rcsb.org/download/7spr-assembly1.cif.gz,1,277,277,monomer_medium,2023-05-10,4d7ceb219dfa5d0dcb3d9baa6002d5876f4c191ce14a2620af63061cfaccf8ed,ccc31c747e2dbe50aad4d35a8709652a938403788b6eb885cb6af2a8ffc41289,98058498490b8df43691b9a47d7a4abe4b2e40bb9ecfeb2c17354270ef1a05bf
pdb_7srq_assembly_1,7SRQ,1,https://files.rcsb.org/download/7srq-assembly1.cif.gz,1,311,311,monomer_long,2022-09-21,a5befa562b75b6601c0034d752ecf17fc6872e6b48c076dc916ee28f0ad21594,8d9d3a06b805c1d3f549ccfd68b4f52c10bc5d5194ffd313aedab2425c8328ea,5442df64b350a399ea6344a378e7296ed4028f55c59db127aa76b170ed885457
pdb_7ss6_assembly_1,7SS6,1,https://files.rcsb.org/download/7ss6-assembly1.cif.gz,1,259,259,monomer_medium,2023-04-12,f21af11e15957f3bcb21f82ea862b4d878ee67b586fac558c7dfe902c885c629,1a01f206699943ed5b4c37ebdda6071ca8273dfc8cbb4e0084d42b6951231319,a0958a8a69ae5ad0c12e9395cfad6554fe53756038a430a676d2476ab16a367f
pdb_7suh_assembly_1,7SUH,1,https://files.rcsb.org/download/7suh-assembly1.cif.gz,1,297,297,monomer_medium,2022-01-12,253f7c255814a414a465b06156ce4052666998fd500e85b4fd74663ca8a292d5,abdef163e8cf623e9b42f1fa96d983425e83965ae1ae20675ad5c2230e7c30c5,dab072007c7fafa85f89124048278997e361b1c6d25527a8892d4e2c2e015c01
pdb_7szw_assembly_1,7SZW,1,https://files.rcsb.org/download/7szw-assembly1.cif.gz,1,289,289,monomer_medium,2024-09-04,dfc55127b61bceed1c770571b86209e5edda361174dab928721aa05815986837,c22b577f552dc4fe6eaae9c19755b3409dd58c176146b34f4e68bc60e07af651,18c436d41589dabbe01d2fcd45cd2424d33a9b58124fdfde952478decbacf6a0
pdb_7szy_assembly_1,7SZY,1,https://files.rcsb.org/download/7szy-assembly1.cif.gz,1,176,176,monomer_medium,2022-03-30,bf4f55ad4663ac31ee685ef44c58cdb3685d25f9b2eae0d7bd35a82e877f1b55,c4c5c04ba8bca8ebb0b6608c208b0a184a0c6b8efa57ce103708cc80521f44d4,cb3dbfab08130580a07ef9975d103d32de0951eb4df320d25e45ab7ce0424c71
pdb_7t0d_assembly_1,7T0D,1,https://files.rcsb.org/download/7t0d-assembly1.cif.gz,2,349;520,869,dimer_large,2022-11-09,82c1fb314d75f38692e4d417b615d8972d6927cbe04910183d4800baffb4f646,eb1615253973000abafdb135cb457be7288e7028f19a1acd3ecc8c36a50bc5b8,a2a3e735d122b8b497612951ecd542ea9369033b74b1a7e400017e052ca214be
pdb_7t26_assembly_1,7T26,1,https://files.rcsb.org/download/7t26-assembly1.cif.gz,1,144,144,monomer_short,2022-04-20,faffa79c699dee18e2ac28a90382ee3d969345600c33d1f076edf20b404d8734,f8177624329fbc06ae4a8890c940db0784abe463cef4af2314b28efe9e23decc,9fdd863e3663ec562e8546955296255ca2fbae2982998d536790529594fa659d
pdb_7t36_assembly_1,7T36,1,https://files.rcsb.org/download/7t36-assembly1.cif.gz,1,265,265,monomer_medium,2022-01-19,b11c100b7c818fb41a877f5ec8d3455f81a6cbc31b935bbd6c539e92834fd290,77666f9d2844d99a0ee38b7da768d355e6f472e660c5c7f57af6f2ef02fcd1ac,78b62a1c2c829f28ab4c2ba6b91cd323e2e0b67b3e5de9c0bfaa6384834b870a
pdb_7t7z_assembly_1,7T7Z,1,https://files.rcsb.org/download/7t7z-assembly1.cif.gz,1,154,154,monomer_medium,2022-04-20,a962338920a870517642ba6f5093758c9703eb7d5974a8a8aa88229f6a0e1a2b,367f2f1903525916db51a8326c4a04f11c5f1a57b5013e1cebada7b95db6cd56,731f3d369cefe7e031980066119fd2999f40b2e825711ec4c307e43aa917d57d
pdb_7ta5_assembly_1,7TA5,1,https://files.rcsb.org/download/7ta5-assembly1.cif.gz,1,629,629,monomer_xlong,2022-03-02,a33941a836ce4bb9290d9d4ae2b5de930d6dc4950d452d4ba70b1c6ba922d659,af39e08beb11cd870d2c52c991d4c1a9949d9542bbd2134176f9f982c4026c65,889e767fa66c1983a591a6518244dd11419214f05d523df07a75eb82bad1931d
pdb_7tab_assembly_1,7TAB,1,https://files.rcsb.org/download/7tab-assembly1.cif.gz,1,130,130,monomer_short,2022-08-17,7729517b7390ddc7742acd45cb46cdd20b234df28216ed1dcd2e7152d0679872,32ab054577ecd140a5f0886f493ba15ecd68272fe1161346c51464f2fc3052e6,f7ca44234162113a71ab62ae5aeee5ea54b556b1e1c22bdf599d661416bf696b
pdb_7tbr_assembly_1,7TBR,1,https://files.rcsb.org/download/7tbr-assembly1.cif.gz,1,145,145,monomer_short,2023-01-25,1d1df0855e34b27872ba87cfd4ba0210210821dfdc59f78f786051c814664d9b,bf62fd1714456d00453a9ecbe5dacf8d8781750126ca708a4c3e6235f7b8756d,0d72cf1dd5c0403ae6329cc5ae44899ba909d53d2bc60a6c4776a75b07f64490
pdb_7tbs_assembly_1,7TBS,1,https://files.rcsb.org/download/7tbs-assembly1.cif.gz,1,238,238,monomer_medium,2022-01-05,b968849255f15e90c1177eef388a09abef4df593e8aa371c99c5b2c923ca8465,71fc1384ef1a179d0379f9cf5b3a4d3381f452f84ea984748992fdd63b7d9d85,6dc2c0cd35e9eaa6ae398f57aa5afce22a084492519e33ed3e624d0f042fda2c
pdb_7tdr_assembly_1,7TDR,1,https://files.rcsb.org/download/7tdr-assembly1.cif.gz,1,306,306,monomer_long,2022-07-27,ab52ac0f711c864dc9ef6fad6b1033a38bb96cda247b43d9ef6b64133a0adb43,c91cf18bb38e3ca0e04634a05b2492cc41f3b65fc436393af5d8653a501346b3,61facf350ad3490cc0aba0f75e5f19a75a8433c87373cafff3ab2e12d8472cfa
pdb_7tef_assembly_1,7TEF,1,https://files.rcsb.org/download/7tef-assembly1.cif.gz,1,456,456,monomer_long,2022-11-30,c951c91027fbb555ee185a0309666d1764e53396c446d90748bd002490cd8802,753d7778bbf1efe861929589266aed85583f892b1680f4f1c97a971f4afa12de,fe7cdfa202338d5cef4fc83a7d7cebbba5ce91e1387b02cbdecf2e50b3ca8e86
pdb_7tfm_assembly_1,7TFM,1,https://files.rcsb.org/download/7tfm-assembly1.cif.gz,1,158,158,monomer_medium,2022-02-16,48018027d43197035105f473d6b1f7f375e8fc839d8873aee666c5fbd87d2fc3,528530498828190d8a3f19445f8112f0d5b5d069bffcffc8b421f4669c99113b,cb48b6b42e0cf9b84cc0649d3c05afa4ae38dd26e24e756eaf9d56d0c363c5c5
pdb_7tgu_assembly_1,7TGU,1,https://files.rcsb.org/download/7tgu-assembly1.cif.gz,1,164,164,monomer_medium,2022-08-24,40cbc7ddac35b2e01a4e5b2d7093b9ef594034a75898ff0142f9468d5c8fb3dc,ef4ba3740d7c206a886ebecf0030544769bfaa0dd674813a8667322e558a14b5,857d05664a8bf54f78f168efec4c27bf6187ffd9078df972b88db8cc2b1ebaa0
pdb_7th4_assembly_1,7TH4,1,https://files.rcsb.org/download/7th4-assembly1.cif.gz,2,296;296,592,dimer_large,2023-01-18,d4a1692596fc537d2351058492b62c8814933753ac70e127ffffbdbb159785bd,0ba80b4c5b1eae6e86865bf8074436e2b3f7b80c69bc3c5b06b6c53e759e2f77,5bc3c363d9dc8691e12d34c558b90d783fed6c4be6f8a3e61130445191ca2454
pdb_7thg_assembly_1,7THG,1,https://files.rcsb.org/download/7thg-assembly1.cif.gz,1,274,274,monomer_medium,2023-04-12,005c10a00fcad6a8669288ad795294ce3397d224a48175cacc9f0b42c2720dd5,494dd8bf7f23b765c6d636d980acfcd17e7679662d55c820f714c30014ebe0fa,123293a8aedd31c7d317efacd2b0c1aa9f9357f0d8c4711dd1d05c32a3461695
pdb_7tj3_assembly_1,7TJ3,1,https://files.rcsb.org/download/7tj3-assembly1.cif.gz,1,171,171,monomer_medium,2022-11-23,976ffeab2843567f03baeb76604b4752c8f40bb7251db189a4ab048d1d9348ce,fb66a3c1dd37c94186f3373ced5ca70cf2745fc7ac9662c935d3a6e1bd7481e6,ae78afd3558a6b79a5ec196a0954b066a7840c281596bdbf1e53e43c2e03ca61
pdb_7tl2_assembly_1,7TL2,1,https://files.rcsb.org/download/7tl2-assembly1.cif.gz,1,201,201,monomer_medium,2022-06-29,675013f69e3c45cdfb538d3d32752c32529b02073c8d6c99cdbcb252d4d7436f,b6972d0a87dd9f617d1d3b04ec34db32c3d8073c8473c0a12f080c3db940f7e9,5ef919220a45d159a0e46ee91bfeab986d706e6e12460d8d439b338e9e9c38de
pdb_7tlx_assembly_1,7TLX,1,https://files.rcsb.org/download/7tlx-assembly1.cif.gz,1,105,105,monomer_short,2022-04-06,25cfc370354e104e8a8e771ae2d931f86c5c70b1d5b84664019121a821b3d1af,1ac0b8597f1c52360a16a7df5491eff71570ba3218ce75bde181b6c71b590af7,31c2e901e76bedae4146cb8d2473d2143f3ee582b7fb6284a36d1d036175b887
pdb_7tmv_assembly_1,7TMV,1,https://files.rcsb.org/download/7tmv-assembly1.cif.gz,2,172;172,344,dimer_small,2022-02-02,2aa2b3f31774230e7fc4b1fb0aa30d9196697cc05db1258f5b3009941722d329,1e1c5886fc658483a517cfc709bf440cd3f5e610c80f1e7f21e6dbcdd0d2caef,72d211cd19909f2acfce3597c03091990327a596b4972874a470bb71d7c50e9d
pdb_7trm_assembly_1,7TRM,1,https://files.rcsb.org/download/7trm-assembly1.cif.gz,1,94,94,monomer_short,2023-08-02,eb199392bb24bfc9fe48fe8c2424bd6df5069724814c9a61b06bbc9edfbef5e3,adb58a85c9a26803b76ecf292df03acfa7770ed137790d5a8cf2492a07311244,3dcbc013dee4e5cee869f50265b7e815b45204e016bc2acccecb6caeea38611c
pdb_7tro_assembly_1,7TRO,1,https://files.rcsb.org/download/7tro-assembly1.cif.gz,2,135;135,270,dimer_small,2023-02-01,eceab88c2829dd5db6fa871193f9aa17de2f329e2c9fa85e622d70c33978be76,35fe58d13b75d2c0beadb616a211b052bde1a96b58b6f65a073e2b96dd46f1d3,c786c8a13b2b6cada032b60d5e6159fd3930221b176b6113a7b47cec75cdec28
pdb_7tt9_assembly_1,7TT9,1,https://files.rcsb.org/download/7tt9-assembly1.cif.gz,4,116;116;116;116,464,tetramer,2022-02-16,936620c2230e7174df6d6e30804ca74dbb03434bd0f52ed571e1eefe249114d3,ee8153b12572bca85a25ec7c391ac74255dadaad343bb8ea4549985c81ac7bb8,2fa2020d114f4777bc2952b16f23938301042c55bd1779d8280498b4f4766ab1
pdb_7tua_assembly_1,7TUA,1,https://files.rcsb.org/download/7tua-assembly1.cif.gz,1,157,157,monomer_medium,2023-03-22,fe8e1469d3cafbeb6c2dff5e7d4f2b271232e7477feea55d9dcf0bd7de76f3e5,dd0533c62ecf54eb2bea757e1b978c6c313eb7ab00f5510dc279f15dd0e054ab,06a629c85dd3fc5c8523ce9e2667224bd720f01e75bb0696a16fb3ce89514394
pdb_7ty2_assembly_1,7TY2,1,https://files.rcsb.org/download/7ty2-assembly1.cif.gz,1,278,278,monomer_medium,2022-08-31,77d00fd81ecdb54d01d957bed3b7ef840a44f840ad366900240f7076c2f17d6e,cca8d47092c371b045bd78e87f74a847d5e8991b64b11e3d410425c55bf21d0c,bf2b5625b4d0b621c4494a4fb444b0e7ce863f1f3867135153b835dc5c5ff7ba
pdb_7tz4_assembly_1,7TZ4,1,https://files.rcsb.org/download/7tz4-assembly1.cif.gz,1,547,547,monomer_long,2022-05-18,d5a6c519be761bcc024a3859d89faea94e311cf8862af2268173f0eaa786e7e1,5f13608a69568a56b84e878058dbda14e614fcf4f36498e9f6097f7e7ced83b7,48b8ba71ad260ca915650faf54d14f6a23ec6c472714dcc3055847c68fc8e7be
pdb_7tze_assembly_1,7TZE,1,https://files.rcsb.org/download/7tze-assembly1.cif.gz,2,232;232,464,dimer_large,2022-05-11,e0d0125244cf18876eb4354c3a41c455aa8e3519d4622fe0924c6c78a81e3d67,778eca24b0dea35614ec7db69a5971f78d89753e9df3aa42c566b8c28f762b23,78844c94946ca0cbd6fc30892207812c1a5ae0b989f3ae9ffc69cd2ede2fd33b
pdb_7u10_assembly_1,7U10,1,https://files.rcsb.org/download/7u10-assembly1.cif.gz,3,135;135;135,405,trimer,2022-03-23,b19f5b05df653bafe00e7e3ce33dde40c122a91af9048ff3128ee983baf55cf4,58b226bc84a2d6a54b5db2dfa653aa2784fec14fbcdab95ce34475cd3a4337ed,80372ebb55606171984b3d255ffdf4b6c6439f5c6deed1f72eae31556129b667
pdb_7u3f_assembly_1,7U3F,1,https://files.rcsb.org/download/7u3f-assembly1.cif.gz,1,167,167,monomer_medium,2022-10-05,2c0e2584aae9ff60e48a48ff9b21f3f513b93e4a792718e9fd61f779b7a3cf60,8609b43de200b2e85e069bbd3add0a5a056ae0ac87bcc6615b82767fcd2c095c,7cdc76fd7169ceb756fe22e610d4f1db93542a696b207cc7df3420560fafbba2
pdb_7u4k_assembly_1,7U4K,1,https://files.rcsb.org/download/7u4k-assembly1.cif.gz,1,192,192,monomer_medium,2022-12-07,f07790aa99c342456237eddc728affe7a8eaf3fae756367a44bb0b03ba13bd70,0315b74f2bba639b4167b5d6d9689d75e8782a88750953779859d29cb6cb3f82,a57d3ddd0e499bd9dc99c2f7dbceb6277ec638bc15ac6b83864b1bcd8a4b820e
pdb_7u4w_assembly_1,7U4W,1,https://files.rcsb.org/download/7u4w-assembly1.cif.gz,1,155,155,monomer_medium,2023-03-08,c2a75b73a09c3152c7e7b04e8798701d487a68e888d00e5b09f13ba91c3e8c98,828f967c4c5795f83f7bb196d66de61a7fb3b48eb2efd5d4b70a276543fe90cd,d5978763000c2f00db147cdc329ac3e20e6cf047f2697bd695de24583b6a3ad9
pdb_7u56_assembly_1,7U56,1,https://files.rcsb.org/download/7u56-assembly1.cif.gz,2,384;384,768,dimer_large,2022-03-09,81e4ad6c36deff87019af9d0eeedb732084e2d9a08a85f958a2e0bd6259dd36f,7287bc07d9836f61863694b50fea70c4ab6ad37bae0527420334ef9ec347cb24,98c68a812eeca0569159707f842418c9427da4caceda0ca6718781764fd31333
pdb_7u6g_assembly_1,7U6G,1,https://files.rcsb.org/download/7u6g-assembly1.cif.gz,1,304,304,monomer_long,2022-08-31,46b873d1f273ec33b4244deb1902bdf977d55c16fbd4fab76e5fccb0229b6a71,6ff7ff4dba7af5aef4e523e0c259c18970ec6bdd4817e933d1aeb24eae27c92b,0aff11285904efc9da63df7b7e4ef64ff68cc6a8e8d888cfeab3b411b55cbfbd
pdb_7u9c_assembly_1,7U9C,1,https://files.rcsb.org/download/7u9c-assembly1.cif.gz,1,234,234,monomer_medium,2022-03-23,d0e123f64e20af97e77b8d4ce11307119f0b3c79a2b0480e2779d24a7dddb330,fe0690e958257bd28e1cb3791079eb4e0ec8955757e69519be2008762b8fb9a6,68cf47493ded5d7174f2adc088d77af51175a95a86eac4727825e8bb15350dea
pdb_7ucc_assembly_1,7UCC,1,https://files.rcsb.org/download/7ucc-assembly1.cif.gz,2,68;68,136,dimer_small,2023-01-25,95b791b9a4e00f9ed4cfad5464f3f2d6e312bda7a68765b1f971ab8b89eab2a2,6b7488166dbb2d20807a77854e31b1647618f16eb6331abcd54c7a4ffe355aeb,399792881e4ec059cdc244297edff1816325a0b3779813adaea32e8d2544ad82
pdb_7ud6_assembly_1,7UD6,1,https://files.rcsb.org/download/7ud6-assembly1.cif.gz,1,293,293,monomer_medium,2023-01-11,d9e6c97f5ddb3e05dc2c974990a7456e257722eaabc602566538b46b09ad36e4,d4bfd3446b0ad9a3cd0354e061a0e925a4a305bf1ab04d65859441434b1056e2,91486e0ba4d0b89f0546452279e0c08c8832a27cfe37e18931a38befa892b446
pdb_7ude_assembly_1,7UDE,1,https://files.rcsb.org/download/7ude-assembly1.cif.gz,2,374;374,748,dimer_large,2022-03-30,778f494d90a9ac0774c605c8d694db13b30455a892a34da5b3722b617ec14102,7a834f903d6332ef6d5e861cd1d46cd9a715d9443a76042a0a36f84f550f1fe7,aabf5676af5831f71d8cd49a3bb23c59f5a11084a2c5d82bfb9f7320066e0703
pdb_7udp_assembly_1,7UDP,1,https://files.rcsb.org/download/7udp-assembly1.cif.gz,1,393,393,monomer_long,2023-01-18,9a0a0b93162a5c53d9b4f6c45b03d1771ce3a8e2b20b1f246cc58e61d0a8d7c5,565452d1ef7846e040f27bc55d003de8de8fef91c116a2c3040353acec0649d6,af71a5201933d3acf15b964a456bd53e64a690bb5dd76e47badbb2eb616092b4
pdb_7uek_assembly_1,7UEK,1,https://files.rcsb.org/download/7uek-assembly1.cif.gz,1,242,242,monomer_medium,2023-01-18,d0f85be8d72f22ef19c8806a97f9c6b446a9e389a95cfbada161ef0987e8615b,9edf31bbbf11bdb249be9560fb5d698cf555544a65900a31cbc0a8b7849daaf0,a1ca69ffe87ad5d64018265f644f1c45e56be4e4cb4b90c9bf582257fc5d8408
pdb_7uf8_assembly_1,7UF8,1,https://files.rcsb.org/download/7uf8-assembly1.cif.gz,4,348;348;348;348,1392,tetramer,2023-02-22,1bbc5757f57ab0904002a08fc00a4ebfff11ab52b13c89c3574b586c03dc6c8d,1efafc8cb6eb786c6dc92ffb7f83d6055ec674163f4c9cf466e1a807e154949e,800fcce8ee404d6223db599e3c7a0fb274f9412a621cda186d625451e9533840
pdb_7ufp_assembly_1,7UFP,1,https://files.rcsb.org/download/7ufp-assembly1.cif.gz,1,484,484,monomer_long,2022-10-12,a3e69b694bd232a114f8942aedeb02e305ad8e53cc948b3513fecf06ae14abd2,bc1da75a1fcf7180edc996702fa989e2edb6c705eaa3bca3ca766c8a14cf1ee6,c316c47b587779627ab0ba8dd39e1ea2bae5aff18a991684fb4ff546f32401c6
pdb_7uls_assembly_1,7ULS,1,https://files.rcsb.org/download/7uls-assembly1.cif.gz,1,67,67,monomer_short,2023-05-03,a2c0086d700ad4eaf8b6ce2989e362ec37382faf870fa1b67c850307f7eabc68,a1b036ef6dcf14656c0d6e6c68e691123f7b962071f4a9685ecffa31fb1394c5,17817e9a8f6b6974457767ad7d367e4647218b32fa6b9cc29edb35814507c468
pdb_7up2_assembly_1,7UP2,1,https://files.rcsb.org/download/7up2-assembly1.cif.gz,1,246,246,monomer_medium,2023-03-08,383231857eee0e8577edf2cd0fc5f98be8c45809e502534330170e24ed3e5918,932aa93fc881b73de1f7d0be98aaf1d48dc97909b97ccfa6ae8defe1dba5db4e,1dc46914bbedf0ce526bb46e4b5900f9e9fa64a281d01b56e879be43c7bff54c
pdb_7upv_assembly_1,7UPV,1,https://files.rcsb.org/download/7upv-assembly1.cif.gz,1,450,450,monomer_long,2022-08-17,a825575d103eebc0e3467e70c080e4fbdf67c564e4c902fdbbba55fe90d8a1c6,aa34365d6ddf7635c6db7460a0b4da955b1424d5a763ac26246dfc8085fb0a8a,b8f4e1c6dd58b9d657a759fdd495d745c32595ccb6850886581eeee87dc35be0
pdb_7ur7_assembly_1,7UR7,1,https://files.rcsb.org/download/7ur7-assembly1.cif.gz,1,70,70,monomer_short,2023-03-22,27700e9e270cd02f21a39287e78637027c8159636c5c0ed3e362cb4b16f93154,cdfa0404f5b6079930165b9f927583395a9991ced2c23f5a1988bafdd1bf3acd,06909322f5bce594e7963fd61afdef2bee4aa261fefc229bd1577f846ddea592
pdb_7ur8_assembly_1,7UR8,1,https://files.rcsb.org/download/7ur8-assembly1.cif.gz,1,72,72,monomer_short,2023-03-22,bedb476b58c4e84e736235dbde99bdcc58321bd6ca33291229b77cbde280bb06,fd09b2b7c989cb89af88c8b7ecd425f5e1ffc240c4aceb295aaa6b5c1563ee4b,679692bfa46527303bf6da7b5ef53ba77f1c9621b4d022f4cc5c3294897a6f9d
pdb_7utg_assembly_1,7UTG,1,https://files.rcsb.org/download/7utg-assembly1.cif.gz,1,130,130,monomer_short,2022-12-21,534f1296c13e5845700164e4f44c9e7c4e9594ecefec32ad2f951b50eb383652,6e1de4bb20d3a9c13d2b03a34be7689c678c798f2bc8f82916642bc10937493a,3b7ade81615b2db268b71d1189c8f703774c91813eb2398944938559152de9eb
pdb_7uvo_assembly_1,7UVO,1,https://files.rcsb.org/download/7uvo-assembly1.cif.gz,3,223;218;199,640,trimer,2023-02-15,c46d70ff2d2daba82244b053c4485c3db5d98c6bddafc8b8ec847a1eab45c952,f071148ec485eafbd353a0378ab34c2a8e7d3555df5cfae88463c5690e2749d3,fabaa5c2b2068214c77839c80adc9b88547ef06bf6e9537c1df14dbaffd11f55
pdb_7ux0_assembly_1,7UX0,1,https://files.rcsb.org/download/7ux0-assembly1.cif.gz,1,122,122,monomer_short,2022-10-12,1e27f5c4ec4c22d2ce861b8dd314591a54dc3670bae864a781c7aaaa0d960551,3dca6519f11bd4ab61baf698e5a0750fba0bcdc0e7222c507f0227edf4743494,367d4b7a62695078b5d6765a4186ad6dc35f76b7f2cf1c89e070e748b49f586e
pdb_7ux7_assembly_1,7UX7,1,https://files.rcsb.org/download/7ux7-assembly1.cif.gz,2,384;384,768,dimer_large,2022-10-12,3224894d8989251a7afab3ff048cae2f455d95acb4dcbf11bd179360c918e551,3cbecefe1f1ecf89e8655df5f506cd770b1b47de13861d1b60a271407bf7b1be,f8d2f15511d00820efb5bb48f960e9522915e6923231aa488c16132b8aa34182
pdb_7uxv_assembly_1,7UXV,1,https://files.rcsb.org/download/7uxv-assembly1.cif.gz,2,249;249,498,dimer_large,2023-05-10,cba8f3fdea631cace8354fd30506402267279ab4062b18098120e02da8650b2b,3a5645ed5018d23e0a277d9cfd93e967b9626cbf4b997833a241234ee059a9dd,3f59734c0bd227935f59f207d34384d3c11beb6751ff17d75dd4c61f0fcfe3f6
pdb_7uzn_assembly_1,7UZN,1,https://files.rcsb.org/download/7uzn-assembly1.cif.gz,1,128,128,monomer_short,2022-08-17,6b2fac79c017c07ec82ee966ff58d32e84f45d648dc0ef9563d2a8e40f1aba85,c599935ddedb5ec45a689ff0620483e6f111cd1ffdfb60abeb7d0d20ab99c947,19a3457546fb0a6b89d8d7dc39396ad2ed42a810e9d72ae81bdc655e4f09e350
pdb_7uzs_assembly_1,7UZS,1,https://files.rcsb.org/download/7uzs-assembly1.cif.gz,1,691,691,monomer_xlong,2022-07-20,0f9d3eed49d87f2f0eabcb48f14a38e6456f4e9e3fda05cf475b88a5db518d36,43589fe0978f6846b20f59d63efb7b19a845da66f1aeed4a7781ac51c6b6f213,9c89c461d4cf974b320b3c1b9315aa99ce0aa7cc0db73cb881b0daa010a1aef0
pdb_7v17_assembly_1,7V17,1,https://files.rcsb.org/download/7v17-assembly1.cif.gz,1,238,238,monomer_medium,2022-08-03,3cca457501f4cc363b8b7a9be72f7c1148f5f9c8ab2e302a80085b134a8dfedb,2c2256bc1980915f07e3e5c18bc481955e9e877fe08479e0d1bcbd055a08b375,331a1d4262d54b2e7ed85b4fc40724e3c6b32ac6f51edcfdca9030fdd1d68dfb
pdb_7v1c_assembly_1,7V1C,1,https://files.rcsb.org/download/7v1c-assembly1.cif.gz,1,265,265,monomer_medium,2022-06-15,1cdc413598071163243dff94be411298ad813d71f5c82ccc983de7271ee3fc1c,da3ecac7fa3251073b6ea74e58c9f4fea5f7a138a63c0202741042585ea4178b,a0cdd1458a7b17dd32f566ea1a638a2fcfe44620812d53cb7ca7cdf8b0b3d4fb
pdb_7v2t_assembly_1,7V2T,1,https://files.rcsb.org/download/7v2t-assembly1.cif.gz,1,328,328,monomer_long,2023-02-15,e6e63793381a8319e4180ba8ea44d7594eb1d849498828831464c577449f769e,8caebc5f6a898dee9bb16754993dd9adeec599839669659aee002143a1c9ffc3,4a1317d908e104553154ccb583fecb17f9e376debe745a2a2bfdc7f9c8652b53
pdb_7v43_assembly_1,7V43,1,https://files.rcsb.org/download/7v43-assembly1.cif.gz,1,440,440,monomer_long,2022-06-22,6e95fb5ad9fe209855a6da0b994061a9bfd8e09ff0b790c16ea65252f3fa73b2,6ba84082b6b11e31d0934686dfe9f0a2d234f37bf00cfad4ed43689c083d54f0,b43614d53b5fd722a6a67dc0fc206b5edb4d295728905ca4a4da11c9991a07c2
pdb_7v55_assembly_1,7V55,1,https://files.rcsb.org/download/7v55-assembly1.cif.gz,1,1099,1099,monomer_xlong,2022-08-17,a38fa208d33e3b13a5c65191e41169abc825a309e4b55ea5f501bceec7b68799,0aaf1743afe669e1eefd463145a9085430ff4a3c5d7c7b57265cd1adc8687979,f86fcb2d26148481e3d465e35f76fd0f4d186b2c42e68a8ea658b0149f6197a7
pdb_7v8k_assembly_1,7V8K,1,https://files.rcsb.org/download/7v8k-assembly1.cif.gz,2,499;499,998,dimer_large,2022-09-07,557cf5cadd57f2d4577887bd284e079c533cb6018c57cf59eda02ddcd9f663f7,a052b44e5375f27fec8b1923880372ab91bb938bd001c8ab97bb27a154d8bc85,6591321bdf9075b20e0b15c78829ab4f411ffdfcc0de5cc73c86661b329fb5cf
pdb_7v8x_assembly_1,7V8X,1,https://files.rcsb.org/download/7v8x-assembly1.cif.gz,1,265,265,monomer_medium,2022-08-31,b94a1e25c7eee7d7cf6a1c9b2c4007d33ce974f555485831c4a2c49ec9333260,fc2dd36a265ebd05598c440fb2c2172ffd6794e43bc9666d1decc38685c0d9a6,daa19bfcbb2115c6c5223a25ab1837bff459cebf65b5b3e16dbd74bd541f94f1
pdb_7v9h_assembly_1,7V9H,1,https://files.rcsb.org/download/7v9h-assembly1.cif.gz,1,107,107,monomer_short,2022-02-16,f6aab2bb5e7325f529195350423195b730c6a818aa15f598d29a0a2d807f954f,a5989b0ef833d66f347295e849f29cb3ddcafe1eb0f8a973c18ff185df5868d7,f3b6005c77d0d585c97b1b7a601f7730cbf25c210c0e470e3b722ff5ee6f8b54
pdb_7v9n_assembly_1,7V9N,1,https://files.rcsb.org/download/7v9n-assembly1.cif.gz,1,884,884,monomer_xlong,2022-05-11,c0b9d3eecb9f30eb04a63c44f1759060f8ad4afe310af82d460de3e884935456,0942cd476942df934b924d7a0e28ca9896a145fd2ad25e0c8c43a3ccafe69cd0,a769e44ec199cf9accafb73d8f7d8cb763ddf459986f3cdd1d32f6c8a91e774a
pdb_7ve4_assembly_1,7VE4,1,https://files.rcsb.org/download/7ve4-assembly1.cif.gz,1,72,72,monomer_short,2022-05-18,5c1d706f9fe06ee94ee2e0a597b62e5f0a5719cdc1ba09b3ab50366f9ed7f18e,6720a740ceb6e4efcaa3a14c672d099708e2bf0d8ca97f58593559d1e624bdc6,6e33b6884b52ddaf7d204347185a0535b571af6ebfc8e8627c182fbf0024775b
pdb_7ve7_assembly_1,7VE7,1,https://files.rcsb.org/download/7ve7-assembly1.cif.gz,4,253;253;253;253,1012,tetramer,2022-05-11,e0c02fa0544f57c0f1fd340c50ec0580e3cb30c5730efc2fb88cc6efafbc2192,5bd974da847a749680ef693e745bf37b27d963d6e6b6e6f511d52629f3d796cf,424ddc739234c12e9105909ad3705f4f1d580797cee2cb3152d4f0dad889a1b2
pdb_7vke_assembly_1,7VKE,1,https://files.rcsb.org/download/7vke-assembly1.cif.gz,2,264;130,394,dimer_small,2022-08-03,2b2266400df90e681463d25ec61ecf89996304b2b02358ce81ddb19195781326,33acf0f84285ae57912a80fca491440b2025b56937da92d572fb61f9a9a34e7b,9501175bfdd15d565ca78f576b97983fdd7217214c6746e9d4dd45cca04cb4eb
pdb_7vm7_assembly_1,7VM7,1,https://files.rcsb.org/download/7vm7-assembly1.cif.gz,1,245,245,monomer_medium,2022-11-23,c455c1fd6486e78945cbd732d7e0e25ba6f4b76f10f3785700c30bc817296390,0489886ab80ea2be59785670dfc9a6284ba6f67de4a9ee33a91385a3607de38c,fc9d938a824d4c376a2c2d64018107725483b6a9e1c05d875a481d3ba696137f
pdb_7voa_assembly_1,7VOA,1,https://files.rcsb.org/download/7voa-assembly1.cif.gz,2,128;208,336,dimer_small,2022-08-10,b80e17eebf38668124243b53750f180efe58a342e0c2e12b2d698b646db0b0f0,e4af07eeca1f9e0485ead868236b0c74e2aa4139d26355aed8db86d85c1f432b,b40e798d0c618ca31eec77b5a2d42e70090bde5f56601ae1244d792ea9fc7529
pdb_7voc_assembly_1,7VOC,1,https://files.rcsb.org/download/7voc-assembly1.cif.gz,1,364,364,monomer_long,2022-05-04,760233f26c0ccec919bfd2965ffe8efc5a8a9359e46d429a8a5d9f4f62741df1,63af82365bdacf7dd602f21dec96aa470886520f3f4973fbf05376188996172a,ab4be3ce91e57e8dee8bc42b108cf339795f8a0df86b1bdd8806364d9d78da77
pdb_7vqg_assembly_1,7VQG,1,https://files.rcsb.org/download/7vqg-assembly1.cif.gz,1,148,148,monomer_short,2022-10-26,814e7507f1c0c1d9caf22eaeedc019126a74547c0d5826016c20580adacde2ca,dbe859a1e02b404468f120536fcde868fef8b44c1f0601b11e851d49d6bed823,c53bf38e9a04264160fa4ca65542cbf0ffdf4b37e813ae258dc5ac3a6146f126
pdb_7vql_assembly_1,7VQL,1,https://files.rcsb.org/download/7vql-assembly1.cif.gz,1,115,115,monomer_short,2022-06-08,478adb0802e0929de6c2dc19dcc0c351631508f26e8cc6ba457d4a6aeb79d224,acb0f2e1296469a96a3d0fb72085f2728fb87a6bb2422656e92a1ab187a4e715,2f35b449a08c6fd199975efb1a39898c39a414542ca538c52da6049b24f97843
pdb_7vqu_assembly_1,7VQU,1,https://files.rcsb.org/download/7vqu-assembly1.cif.gz,1,669,669,monomer_xlong,2022-06-01,c8ee9d4536c8148a29235830ced81914c982d29f76d31ce520022c85e18a687e,0da4529bc20a5f303de2ec3df7df502c7afb49e0f554e2637eaabb835711e8ef,4f3dd5357e851f1128816263fc217a09f9351bd26095926ddc7f26a731ffa5f5
pdb_7vsx_assembly_1,7VSX,1,https://files.rcsb.org/download/7vsx-assembly1.cif.gz,1,171,171,monomer_medium,2022-08-24,76e59054455e616eb5de11417c763cf6f2036450af01c015a7083c87166130d6,c5f06f97b64fa75227031800fe1a3807ebcb1cd262ad14b41a820e4b29d2d0e1,2ac4dcd54e8023dd6957f840558a74572fc6bd977098d2678db7666beca41f55
pdb_7vta_assembly_1,7VTA,1,https://files.rcsb.org/download/7vta-assembly1.cif.gz,1,328,328,monomer_long,2022-06-08,c9bd4ed5df5422f094af139502f034e775436e9f5e9d4daf5b4ebe6aed458087,8bc7b2b736a8f87430e897b126a0cc13c680f979a676491b9ae49bba70ef26b3,44ed8f3ae109e4add299980925aa5a470b87836ce230808919476c0fc79221bd
pdb_7vtm_assembly_1,7VTM,1,https://files.rcsb.org/download/7vtm-assembly1.cif.gz,1,373,373,monomer_long,2022-11-02,dd0e1ece4f2a38b2779f5231ad130ac7951b76defb3d46ea3270ba2484bdffe7,5e8da579931c05a3b597fe0d57c46534c08855521bbadaf0acee0773ccb63729,5485b2c4c03c4c932fe3c3d4fe2583e8701dd2535e3d3db430a92f60462fe141
pdb_7vu8_assembly_1,7VU8,1,https://files.rcsb.org/download/7vu8-assembly1.cif.gz,1,204,204,monomer_medium,2022-06-01,deca97a60ac60a20aca490cf66617666d5ca925a9315b5c3162738f8b6c0a2b7,3efa2f78591b1874e65e14f28e2c49f7f62b0ebfc6d510e880cd19c777a85297,03964bfa1e8d7df957ede834c3f8cbe1d1fc64b8f565af7fdc10904c59e8f7da
pdb_7vut_assembly_1,7VUT,1,https://files.rcsb.org/download/7vut-assembly1.cif.gz,2,73;73,146,dimer_small,2022-07-27,4ef5e13635d96d7600f75aa4d3387e3d51d82390c86aa923b5dd455463643f88,70e2c4f9197c36573f901008f663cd770e7db5e97e17a3ac426dde25c6c9f320,a98fd762bea0235927879dd31b06278caf78b3535acc0cf5cd9143ccd4016ce8
pdb_7vwa_assembly_1,7VWA,1,https://files.rcsb.org/download/7vwa-assembly1.cif.gz,1,147,147,monomer_short,2022-02-02,a4598c443e0650fc7309ffcac2f341372fcb78a8459a4687f09c5a5e208cdf04,36940d368a6d4d150eef6585afe9e5c19207a235e25e60637126aaf585c9b726,85909f2ed646117131ebcd2a40df53a46bcda6fc3975f2e3d75e08720a13c065
pdb_7vy7_assembly_1,7VY7,1,https://files.rcsb.org/download/7vy7-assembly1.cif.gz,1,226,226,monomer_medium,2022-11-16,73bff009d64158857a2f1f6be079f56d615faf0b09d9e7048f6995d95e9fdb19,16231ad89de7b7041950694ec0f2675225930b5fd0ec54262568c83c2e6d0676,231d43a7965c5bbb34ff7fcb54c74ea10381f7b54010ea3fec1a384cb9a9853f
pdb_7vz2_assembly_1,7VZ2,1,https://files.rcsb.org/download/7vz2-assembly1.cif.gz,1,56,56,monomer_short,2022-02-02,6ce030f7acaef2b7184648a01eb2e21e0316bc9f87768f1dad839d6f4cdd4103,5fc351527908cfaf10fbb6b8a79c76bfe74e2db7bbd1de9134e3a8e0909f2b18,098a75da5b781d658410836650919eaf88af0e2cc075a63f4f7f63f7f7551912
pdb_7vzf_assembly_1,7VZF,1,https://files.rcsb.org/download/7vzf-assembly1.cif.gz,3,154;154;154,462,trimer,2022-06-29,8cd5ddc18972275459013526c319e8cbb61a3846687a43f9d5e24c6b4ff855a7,c5fe0f962bd788a3c22b611bc328bf119607a510148b0a52c47d0931df4e33c8,1bb89f2c258a73800d9970064bde1401607b74822040e3be09a1e40cbc13425a
pdb_7w12_assembly_1,7W12,1,https://files.rcsb.org/download/7w12-assembly1.cif.gz,1,494,494,monomer_long,2022-11-16,207ea988c175ab0e90576fccf6a1cd1ba8503cf9704a4fdf4ebcf56fc7f79448,60eeace22b6e9ee77d35428e42198c5b1a85327281fcf3399f431cbbe8df57fb,5683fb906b92e2b1f75f3782c3ec5645f44308b863781d6f8701279c6834f4ca
pdb_7w1h_assembly_1,7W1H,1,https://files.rcsb.org/download/7w1h-assembly1.cif.gz,1,480,480,monomer_long,2022-03-02,edee3fb5ef1e0b00d4623e7021ba1e82847ac65cd3ab2e1e7d8bf7a9e864c58d,547f7f8996608260305d47119d2f35722a566f3f0bba34448f73e5bfb1879720,1b2e14047f994b511e01d473317f38174b26c8dd981c317204ea628e4210b0c4
pdb_7w2p_assembly_1,7W2P,1,https://files.rcsb.org/download/7w2p-assembly1.cif.gz,1,66,66,monomer_short,2022-10-05,f2bff054b010dc736d7a2fddd70d67dceec54fa0215bcb75d47700c58c40e7fe,16448ebf1e8101742d3e0fb4c4323908a88895885f106307afa2974d6aff4f4e,421f89179b4eb10ee758d5002631a8eebaf6b6e4522a0209cc19d62732d0c332
pdb_7w3n_assembly_1,7W3N,1,https://files.rcsb.org/download/7w3n-assembly1.cif.gz,1,94,94,monomer_short,2022-12-07,a333b8b87867346b605cdec59635024c9d2e8382e4bb9b711e2d3d2c609d7b45,d78b352650702cb7121ea2c812d0030a83602ffe7fd239c80577c74bd6cd8ffc,7baa355852300191c332760314b38464d9187d1d9e113288f08f4c378fe0ae18
pdb_7w5g_assembly_1,7W5G,1,https://files.rcsb.org/download/7w5g-assembly1.cif.gz,1,397,397,monomer_long,2022-06-01,679cbaf09c259158acbb73b1bcd34c041c7f8f6cf441453021423de7737adaf2,45d245ef465f6d8297d7637aae1e62fe1844f36d83e860beae0f54b427a1b021,2e44e6c13f74883d482df26db37fc51f6ade62f0959c001269ce61e7c97f2845
pdb_7w5q_assembly_1,7W5Q,1,https://files.rcsb.org/download/7w5q-assembly1.cif.gz,2,119;119,238,dimer_small,2022-12-07,e23a52300e53acb8f022f04264b49678fde8c402fe8098cff183d555326826c6,5ca975e45c2c74f04828d1f80466986ad3686e0ba8e87394b32bdc1f55312613,b412f19cf3e7ae109bb9e8fc1ddf494e694e31344425a0ceb77b6bdc4049ae7b
pdb_7w5v_assembly_1,7W5V,1,https://files.rcsb.org/download/7w5v-assembly1.cif.gz,1,320,320,monomer_long,2022-04-13,1b5c8acc2095e760b5ea6e290b5a64209da60f59ad3cdad85ae213225bf4de26,62fbc7f3b8811559514e1eacdb26ec6a2b617c0b400530522957fb7b8bd71f79,7c6b51fd28699e64355056e82dfa14444a29a6d05218ea7726bfa5c69589cfad
pdb_7w6b_assembly_1,7W6B,1,https://files.rcsb.org/download/7w6b-assembly1.cif.gz,1,793,793,monomer_xlong,2022-06-01,d9740a7716e7b2b6b799abe61f9ad47d9ddee46127aef70a206917974659a6a5,5eefae92facf7d557dd1fe3558dd95150b55c48fb1d0269a7be3808ea9bb76bc,d7dbae81c3e97cbf7321ddd7ca61db32529c62346f43f3f51604000de7a3a69a
pdb_7w7z_assembly_1,7W7Z,1,https://files.rcsb.org/download/7w7z-assembly1.cif.gz,1,164,164,monomer_medium,2022-12-21,349e73cf57315e95a8add3059a15f7a41189e062ebf0a9d52976202c5a16235a,09c3efd6da6e7c3b59e5225159680770dfea0df7da496fdceaf6120ff80e12ee,c35c4fd57355947114cd93e89db8c577300f0b5f59f612a167efea1c4e88f75c
pdb_7w86_assembly_1,7W86,1,https://files.rcsb.org/download/7w86-assembly1.cif.gz,1,117,117,monomer_short,2022-12-14,d101aef00946a30362558e7d8ad426e23a60106c3916fea126bd34d354837905,a9441923764f4da13d47be8137130f730951add59b9fcdfaa0c0218c79679feb,9715ee5ad8b472ff0432414af76dade16d03dac7869a6347916d0901d2e7d099
pdb_7w89_assembly_1,7W89,1,https://files.rcsb.org/download/7w89-assembly1.cif.gz,1,136,136,monomer_short,2022-08-17,d7e4e76f3e541250f5240c4ab87ec604ef928885f8f6585e1e483bb07eb693e2,b4755268274b5d43a994dc3f5d15c9c1a8c77c329e87f00ea2144ab329b81f31,4ecb65332817593c38fff214358266e66229a8089812a848b5ad2e9ff37abcf7
pdb_7w8e_assembly_1,7W8E,1,https://files.rcsb.org/download/7w8e-assembly1.cif.gz,1,69,69,monomer_short,2022-12-14,bb2afaffb306aee832a2520a3947ae4e87be5e2c963f65d836152fcd12fa30bb,930d35ac93ccffbe4c479abe40d5ff6006682ad7f9d731d9b80ddcab1951dd30,6fe05d8b5857b4da51ba45f962f34b351d02c255404397c1a8a75f68690a2d07
pdb_7w8u_assembly_1,7W8U,1,https://files.rcsb.org/download/7w8u-assembly1.cif.gz,1,369,369,monomer_long,2022-10-19,c917cfd9435eb2c9616f43285d48620ec72f90cf0728733f8601ce8389b710ab,19fdbcc4c5c30255e66257ae4b511dbf1878d666de40354dfd72a75201b23656,f906dc238a703548ab8727510e30d677863782302131136c3294543788d9d1ed
pdb_7wa9_assembly_1,7WA9,1,https://files.rcsb.org/download/7wa9-assembly1.cif.gz,1,148,148,monomer_short,2022-10-19,0a5251eb67848d595c6c3d84a277673baa258866e9924c0abbb2c1eb8710d1a1,9ddf6ec01efd867503db6ac5cc1ec26be7e8fdb6af5c586ebed23f407d19b362,eb785c28ed8cc46c4129026e54276f46f6364e66ecc01783c5008be6a240a2f7
pdb_7wan_assembly_1,7WAN,1,https://files.rcsb.org/download/7wan-assembly1.cif.gz,1,299,299,monomer_medium,2022-02-02,2f66edbb636cc531ba51c06d02e94e9cf0a49810492e0e03e10cca884d699be9,1f0ab75fce1f46c72729d59c0983ade7918de1d8ef65c16417ca73901229709f,c3aa0ad917c56c3420c0a3310852c711bafa4798883b639b12458296682ef645
pdb_7wdu_assembly_1,7WDU,1,https://files.rcsb.org/download/7wdu-assembly1.cif.gz,1,830,830,monomer_xlong,2022-12-28,dba8a018a52c0d2052c0c8362ef8208b510cf2777beea5a8289ad48472e5ca24,93fe881aee4d8dfc219d27a102ce8093007e144f4ca40e473bf4364dde83c00b,37c95511d99c08eee5a521373b22021729f39cdb7f821dd4fbc21476b461da3e
pdb_7wh4_assembly_1,7WH4,1,https://files.rcsb.org/download/7wh4-assembly1.cif.gz,2,113;113,226,dimer_small,2022-02-09,2efdbc2369a48956c5b1c557108cac655e021f0fdf160886f8ddabc99c76ffe3,4f21a47b6accfebc62fe66470a11ee65a42abd08c9f6b3bc1026a79bbf8b3c37,9cae01b7577c0c4777d6473901c242e6a75d28e5986d1ca63f34107cdba3183f
pdb_7wlm_assembly_1,7WLM,1,https://files.rcsb.org/download/7wlm-assembly1.cif.gz,3,223;223;223,669,trimer,2022-11-23,e137221cf997f256445ace7bf1c87ea859e858bc74a22a0f673226b2357f6390,1da5f796b157d81e18567f1934ead2cf51123572072fd5b98e54f372f51b20c6,1162321cbe1ef1e2f0a8dc0221bd65597e1c7137c706bbbf06c1569f937e9d96
pdb_7wmw_assembly_1,7WMW,1,https://files.rcsb.org/download/7wmw-assembly1.cif.gz,1,296,296,monomer_medium,2023-01-25,2a1b5ae0f4e4a780658fee949b4dab7a331ce07ba5c137837572d4ab055e0898,59722e29e220997c4e2dcec29257933e38725f41369d5f19482b443b858c3322,bb9f67f25a3ff0fcfd40890e88f5f362f27501ff11b77d1a26ff2af04523b7ef
pdb_7wn5_assembly_1,7WN5,1,https://files.rcsb.org/download/7wn5-assembly1.cif.gz,2,136;136,272,dimer_small,2022-08-10,7d5a4ef2e04097b2e18c9d5aa5d24f30390e1963a0218f2d71c9b06196d3fca3,e94fb720da192b7fc92f6087e1ff42dbb99f1b14b25c043dacd1e825132d58a8,f7acb2fc780c99784d770f1d7cf6a10aada02649580159464f9caab61840f2d9
pdb_7wpi_assembly_1,7WPI,1,https://files.rcsb.org/download/7wpi-assembly1.cif.gz,1,530,530,monomer_long,2022-04-27,9e4a485ed2209e6a0a81bd0f523c207995981d71ae6e0e70c3941b14c9348f71,ec564650d3583a6a049d6bfa92ae64939e5c5b8db66c54daf0f9271fdd33feba,a9a65244381f3a32e4cfe39979d9d77f086829d022c234d51485deb413a18b77
pdb_7wr0_assembly_1,7WR0,1,https://files.rcsb.org/download/7wr0-assembly1.cif.gz,1,280,280,monomer_medium,2023-01-25,ba4730326b2c0c6f66e5c9133310c6b3e869fde54733ccbb2bb6b91c6b84d819,84f058a97ebf57bf9a5bfb16c5b74f647b32946679845508a9c1bdf32adff4b1,f42bc50b1102f271515fda24706b12e1e6ec33b9f9f0705e18c45db6617e2a98
pdb_7wr2_assembly_1,7WR2,1,https://files.rcsb.org/download/7wr2-assembly1.cif.gz,1,161,161,monomer_medium,2023-01-25,328961235be87299f5f18e0b2d56329d49675fbdd2e5a50c080a89b16557ee75,d2b5d40bbde8df279238905bbfa9a60d3bd2911b946c873816dce4d4ee99f7b9,dde89b7b4743b60d6f42fd230710d711a5d60ca2e3a42eef0c3b5976310f094c
pdb_7wrn_assembly_1,7WRN,1,https://files.rcsb.org/download/7wrn-assembly1.cif.gz,1,310,310,monomer_long,2023-02-01,f5b140c97c9a55d49538a4872f9452a0358cbffab3aa52630a88e5d60d54f632,900f280da1540c13a37f8612511517d3391ead329e98d4e48a98d88ef28728fd,909e89b4ea7cb2a420cd213e8b55582fd3bc245318065e79ad25ae5a021d55b6
pdb_7wt2_assembly_1,7WT2,1,https://files.rcsb.org/download/7wt2-assembly1.cif.gz,2,184;184,368,dimer_small,2022-04-13,02df3dd04e0438c9e3e93a341faca4c0850826debd687a1aaf82de0ca8ee2740,22eeb405f7d7ca80324439c822df557f5fb784c4408b6a07b244612d030e102b,639c96c8958e7f2e747921ca81c172309e4268fcc034bb2744892a5b72b44744
pdb_7wuk_assembly_1,7WUK,1,https://files.rcsb.org/download/7wuk-assembly1.cif.gz,1,72,72,monomer_short,2023-02-08,115d2c95e59cd57fd47b098ce4c420e3b4f00ce2f1a6448c7588d0051a448782,255c8a2e86d5bbdfd50b60e1aa862f623c1fc9494992c5fa2d363c7c9b15952d,697b8be4b77c016abbf937f8dcfdc97171f0ad63469240430d17a6f49bca1cd1
pdb_7ww3_assembly_1,7WW3,1,https://files.rcsb.org/download/7ww3-assembly1.cif.gz,1,178,178,monomer_medium,2023-02-22,9b271e3d15f8970b1e80a2b8a7c324c61adaa1afd69fd79d4d74b0c8a025dd53,58ec44a75b20f543cded74a209bc10aebb12fb2f1b77fc052fbddf30f102efd9,6c0dafaeeb82e36413c52e54b42296c25998efacf8bc1aa5576321d6af82ef3a
pdb_7wxj_assembly_1,7WXJ,1,https://files.rcsb.org/download/7wxj-assembly1.cif.gz,1,367,367,monomer_long,2022-08-10,a692adda4bd0d5b917cf59d8ad98abc9efebe925851955ed4144cd7d40f04f6e,8494ec2f8ebff3c0274a729250133e8fe1480f2e0101bb4f8a92fddf0023c2db,acdb5579a7a50455d1ec8e40f2b1f41382f4a8e6f1e5842a2989b0b5692c9b50
pdb_7wz9_assembly_1,7WZ9,1,https://files.rcsb.org/download/7wz9-assembly1.cif.gz,1,581,581,monomer_long,2023-02-22,c9d4785b599fa34b84da22faf0f93935d6a0f4eac426002a3dec0f7e0e70ab0f,6facccdf7528b0273e2fec3d7a6421f7b0cf19a5046a4262e80c836c866a0140,361223613ac1e250ec3c386c12494796d1fc3dc5334c9f0fa2a6fe29f366d8a7
pdb_7wzf_assembly_1,7WZF,1,https://files.rcsb.org/download/7wzf-assembly1.cif.gz,1,272,272,monomer_medium,2023-02-22,3a171cbd35f7339668e89832c09df1fc65e014cc31f70bc7790f50b5933efe55,d0935bbe5f4a8f8292d97c891bd7290c94afe756d65ad59dc132ac5c19e39029,31a2ee2780446a8227987a9c892bb361019aeecca2259b1e222d0cfc2d2222d2
pdb_7x4c_assembly_1,7X4C,1,https://files.rcsb.org/download/7x4c-assembly1.cif.gz,1,307,307,monomer_long,2023-03-08,0e412c5403195245db48c7f61889fae63ffbed7f3991f8f7d44dbcc2fcfe0833,7735f9546df38ed695f2cdf54ec40d63b0d561f367e40093b35926be1bc75560,b918133d71a42d99356a2a2166167617ac14847ef20ba6fedbe43be2ee5b3ab3
pdb_7x9l_assembly_1,7X9L,1,https://files.rcsb.org/download/7x9l-assembly1.cif.gz,1,129,129,monomer_short,2022-06-01,aaebcfcd8fbd82457f3b8d54be2853eb96c5b30a2feacee886652f8fd46bd23a,bd7384524adf1d415634b8edb2c2eec80bf0e2b72883fbc02c9a8a0474c79317,a52cffa3b3b6a79c76a8caf682baf35a62cb5b49d84755d931130c3c2690dcfb
pdb_7xao_assembly_1,7XAO,1,https://files.rcsb.org/download/7xao-assembly1.cif.gz,2,107;107,214,dimer_small,2022-06-01,d2cee84ae61e0a74e28e6a2160ebb914827b2c4cefe9634327ba86142718a07b,b3405c763a685963e9345e0632f8800fea963bf107c5ef5fd2f3b8053ba319eb,35734189acb4c94f56caf47f4b34c8b376e900f03f6b4f9ae929fccf7597262f
pdb_7xc4_assembly_1,7XC4,1,https://files.rcsb.org/download/7xc4-assembly1.cif.gz,2,129;129,258,dimer_small,2022-11-23,4dcfd900a1d7f24897dc2d73e412b63a9fd70d407d95c651edbd29fdb122935c,61c154439f6943d083f0c5fbf2a1822a119e76e9b367dc7bdc1922c429a85480,e85bbd201e0cbb6f19fd95c3b5843ff8f4e175f201895b22bda0cdd4a2860c67
pdb_7xc5_assembly_1,7XC5,1,https://files.rcsb.org/download/7xc5-assembly1.cif.gz,1,198,198,monomer_medium,2023-01-18,906a54120dc5326bbb757bd68947b657ff38a24fa0c0eac3a6f63d6754eb4788,40fd3a43243728b858c6f717ecfa139d6c108971d0b6faa467e4babc85fc9356,adc434e43109b7955cd30a2f2e3b770baa9ed3254057d7c05f4d760bc4f23386
pdb_7xc8_assembly_1,7XC8,1,https://files.rcsb.org/download/7xc8-assembly1.cif.gz,1,249,249,monomer_medium,2023-05-17,b9ec8ce60b9a0fc6f2e563588003a0fe4bb2637ce27080e61f6dfdb9ee2afcba,cc05420cd47bc8202938a94cae9b07ad291f0e8c5cef8c47b2ae530829187204,dc5d1593e9f289105e136f422ed9edc491b1c0abe9abd03cc52fdd971e78be44
pdb_7xcc_assembly_1,7XCC,1,https://files.rcsb.org/download/7xcc-assembly1.cif.gz,1,178,178,monomer_medium,2023-04-26,c9ad99d116cb306665c054ca4e6b921ccd19976f743af816c7776a2ffdfee0ce,a299998e221ba9a8b40bcdd313d4d000b0647b9e64b405256a2595c2070774b2,2b689ac525265c97377f01abf06ee02dadf5f3d43e278e238ce59561070c7d7e
pdb_7xgm_assembly_1,7XGM,1,https://files.rcsb.org/download/7xgm-assembly1.cif.gz,2,308;308,616,dimer_large,2023-03-22,009031f8bb17b603c8a19b5cd7b6519b0c64f121a321393880c4cd31f5c7f29d,0386376e56baf745619b9aa7cc793d5e1a5c03959cdbaff87d2470809d87edfe,45fe7a5cac373ca73206635f33391c5b6e52d068f7ae5888347773f134605944
pdb_7xh2_assembly_1,7XH2,1,https://files.rcsb.org/download/7xh2-assembly1.cif.gz,1,202,202,monomer_medium,2023-02-08,42dbaa7df691fc9b8c089929a6fe71502940027e00efb9b1cda924cb2065a233,1863da29862996c27a68e773ff8b17170a3b36a936f885f4772a49bde71b4e28,73598572a893839a71b18cf315ad5b9027067cc654888f5af2ae1b76fad48e44
pdb_7xi6_assembly_1,7XI6,1,https://files.rcsb.org/download/7xi6-assembly1.cif.gz,2,56;56,112,dimer_small,2023-04-19,0b2b9dd4660a9dd8ff3e25fc2e26861dc7e4c4664b21f5a4653dde0d511f3ab6,8b2b638e1b4e1b74aca150f72f04cae0b55e62bbb205d5e0d3f222533e7b98e9,ce3225c827474d75f7fec005a25fcd7b703ce6f66fcf7358a66d59a4eb359787
pdb_7xj5_assembly_1,7XJ5,1,https://files.rcsb.org/download/7xj5-assembly1.cif.gz,1,151,151,monomer_medium,2022-04-27,594d0103381cfd2bb0ed01c1beca323ec475848fa653c1179eb6ec863f1060ac,9f9e843c0b6408b65b8130ddcb0ac700f96f4b8e1a5912be4934fe8824e8df2a,22fc7b20221153c0285db15dab86b2bdd2fd8b809fc26c26a2ecbab639fa99ff
pdb_7xnc_assembly_1,7XNC,1,https://files.rcsb.org/download/7xnc-assembly1.cif.gz,1,348,348,monomer_long,2023-03-01,e36527c550ccefd51925f7c882e2b726749764179c4d45ca9920ab8e7de7a88f,08f66914903db450940492bc4c5f9c83a4c83d5ebf1e1b2ff9a647e0afc3eee1,0a036f257cc48ff01a4887ca92be44098a926345cc91b840678fa0d25fe78217
pdb_7xq6_assembly_1,7XQ6,1,https://files.rcsb.org/download/7xq6-assembly1.cif.gz,1,307,307,monomer_long,2023-03-01,4dba42fc5c8fd16afc52289c67fb6d00a90b47225eb7e3fca744917dff6d09c6,20d52aacfa952752c698e8f38810d71c40ee82044b9b16413c0a763a9b730304,c898b01426310912d0ea2fb95a1bb86798dffbec8ef3b95703819fcae80dbb47
pdb_7xqv_assembly_1,7XQV,1,https://files.rcsb.org/download/7xqv-assembly1.cif.gz,2,183;145,328,dimer_small,2022-07-13,9686cbef60e260b9f94444fc0c650eda2dfc072877ebc396528ac862af302758,427e0fbbcf1b583f5e97884f31ebbd27544b6825abfdba25a6da4342d932d7af,bd6297383c79c339b421452d04073a488e1ab49d1073990010f8ed6304babe62
pdb_7xt1_assembly_1,7XT1,1,https://files.rcsb.org/download/7xt1-assembly1.cif.gz,1,173,173,monomer_medium,2023-05-17,86eb337b937f5e24065294003d703167da9ea6ad0649c4b14bde685a98470122,5225c817d93a00d0b8cf8623a1af4b95bc9e90a47db92e59e03f234b7c13655e,e2a72ffc9f14eff997b19f1203351b40d4b4487a829369598c67458ae5a564ae
pdb_7xub_assembly_1,7XUB,1,https://files.rcsb.org/download/7xub-assembly1.cif.gz,2,283;283,566,dimer_large,2023-03-29,88a113aeeba7b0d49dc7a8111e03204c02bf636575d3622a716a97c7ad062584,5d66e59c76a713e1a22ddc8f28b39947fe5e66718231e76acd171775be5d74f2,c1a4c30ef303147b829af95e775bafb218be0b5b40d18a084f5ab40a8e10472d
pdb_7xw1_assembly_1,7XW1,1,https://files.rcsb.org/download/7xw1-assembly1.cif.gz,1,145,145,monomer_short,2022-06-29,6354d14638cd053e8aa1973d3adf483c033c06b7574f5eaa04ef3b8b1cccd210,c4de470a1de22c7e645a5708dca21875c2bc1c5811563110ce3b27322d1756ba,12bf58d7bcdbbc6180d86bef0b063f330c215c0c96990e39aa1b33580422a7f4
pdb_7xwe_assembly_1,7XWE,1,https://files.rcsb.org/download/7xwe-assembly1.cif.gz,2,76;76,152,dimer_small,2023-05-31,89c3a8d3ded8b54c0438c3794d23a0392d893d11dc080b4302e89471d8106032,4c1af448d0a28d69f7f01a98b01364b8053c8a0328f83a8652d03eaf346395ab,f404d1403461461a97a7e26165c0d733c17cb6da8a30b15fa063829ea2e2e152
pdb_7xx1_assembly_1,7XX1,1,https://files.rcsb.org/download/7xx1-assembly1.cif.gz,4,125;125;125;125,500,tetramer,2023-02-08,fc192e0b453483bb40835b1baaaab8b204b88ae0f0b1bf8500e22763f18fd22e,47802396d77e6f0f271a9ee15f60a9702d3ab0e4ea49cd8145cc990e5284a3e1,978db055a63a5fa23beb2b98bd6ddc65219717a3e9a393a46e839256fbedb67d
pdb_7xyo_assembly_1,7XYO,1,https://files.rcsb.org/download/7xyo-assembly1.cif.gz,2,557;557,1114,dimer_large,2023-06-07,cee7ff5ae6b8f5d14f195cc3a1a43f289a5a6e17d851d0e71849cac60897743b,8575563256cdce23cc1fc9f1a53baaa2efdfdc47f044a3f86c05e66d4b1ee107,0e7c88d2275e2c9cd5da402e11d6c238ff775229fda4c5002a894e959da8ff07
pdb_7xyq_assembly_1,7XYQ,1,https://files.rcsb.org/download/7xyq-assembly1.cif.gz,2,207;124,331,dimer_small,2023-04-12,dabdd7ee7e54561bc5e022931e3300d2e6ee3a5b78951becd6da8d19c82f8fb0,9adbe2da4f14ab5ee8fa401cd6f15629e0bcb47e56ea060f4670e9d6d0bced22,8d776f0d92a14d849109addfe876f51fffc18e071830f47e1f78162f43004dbf
pdb_7y0q_assembly_1,7Y0Q,1,https://files.rcsb.org/download/7y0q-assembly1.cif.gz,2,465;465,930,dimer_large,2023-06-14,191f4f687b40184b970f305145fc989fb37fd305bdced5918f4b8cd44f9492ce,a87a92f51410438e555d7c61615dd23da3037394b5d96b3ad4532f920ca960ca,94905fd31eb5defeb12fe13b6931b7aefaa7312b52b5dd6c64c4abb977bb8cef
pdb_7y1u_assembly_1,7Y1U,1,https://files.rcsb.org/download/7y1u-assembly1.cif.gz,1,723,723,monomer_xlong,2023-07-05,3e6dcb608426743f539259e93be38c613d1ae1befeed628f0427650ba29fdad1,389780111d536380064470cadbe5334c4ee924aa7f92f132b1353a62322480bd,6df0815b57a2149cd4a0adc5fa5947fd39e14a35247f7bdaed3c1c9339465856
pdb_7y1x_assembly_1,7Y1X,1,https://files.rcsb.org/download/7y1x-assembly1.cif.gz,1,711,711,monomer_xlong,2023-07-05,46324647dfe3af8cb2734f02f915805860262224a38cf10854347af03051ad63,d05d39cb166c4b8d6a60ff70b9ba0e9d5c66f9e26bbe1e87df48fb1016da73f8,7c31dfec20df7ee09bc3a9c816977c0bebfd1a9497d8f917bfec988ebd0565cb
pdb_7y47_assembly_1,7Y47,1,https://files.rcsb.org/download/7y47-assembly1.cif.gz,1,787,787,monomer_xlong,2022-10-26,d206cda2c5ec853650e1cf97c1dcdf02ba1c14a585291888a7dcc9f521f29f57,6bad0c8d8bf13325197579c31cea743e60e9053df4c92323f670241129be6678,22a902a4908220b3e1f4551308233710106d4ecbc301359a8c80212bf565b52c
pdb_7y5j_assembly_1,7Y5J,1,https://files.rcsb.org/download/7y5j-assembly1.cif.gz,1,102,102,monomer_short,2023-05-24,749fe31ab04007c823b383f0163a8ae803931b5b42131bc8c101e620969760db,8d136c95cc02743cedbc1bf7820b835dc328d5766b614877a13781257a5c368a,8d9804aef1d1cf0b6bcf7893facb5db7ce5719bb4eba545c9c5556e0dbcb4075
pdb_7y5r_assembly_1,7Y5R,1,https://files.rcsb.org/download/7y5r-assembly1.cif.gz,1,105,105,monomer_short,2023-05-24,28d926ff1a020cc0acf3ba1242cc2791a9c50dc26289a2a46b613a646f0f155d,7407d054ab0a3adb3c49d804522fc54a29aff45cc2f1e35778ec6b6b32fb27f9,62db31ae018e04406eef0dd53763b27cb9f36251e88038f7784196ea61f53a74
pdb_7y7n_assembly_1,7Y7N,1,https://files.rcsb.org/download/7y7n-assembly1.cif.gz,1,137,137,monomer_short,2023-07-12,d7114d9d89ac4e03e8612d3e658d6f5c8bbd1cf973fa48bb9d4446112a5d81b7,392d885f83eeb65e99bf174b7048c5e0a231b37e999704017d5af8bef005f759,7387291f8c2ac2f7690bde305c1ccfa1bac2a0fe1f99b30c9c5c91d39fb86872
pdb_7yd1_assembly_1,7YD1,1,https://files.rcsb.org/download/7yd1-assembly1.cif.gz,3,198;122;108,428,trimer,2023-07-12,e6d6a1d95710cb11625b80759f3dc3a9f60d23b77cc3bfed6afb23c24fc41407,6fd910c2997b78477fb29c9fe813968a9a3aa00a6b644a9c0313f2ec07a29c71,e25b4d286bb6d35734a7f90ad8bb5dc8fcb3bf0681a58d2324d5813c1b434221
pdb_7yd4_assembly_1,7YD4,1,https://files.rcsb.org/download/7yd4-assembly1.cif.gz,1,185,185,monomer_medium,2023-06-28,44db12b0203657f9c68fd658f8e2963966299188b82aa1ff512df2f60519fc2d,320852438745aba11caea7e9b7992235f57991467228fc00500667753f7f00f0,c3d43c38ad14916a8d8903e04dfad3d07c08a0922c0f81d1fc2809e93ee5900b
pdb_7ygv_assembly_1,7YGV,1,https://files.rcsb.org/download/7ygv-assembly1.cif.gz,1,130,130,monomer_short,2023-03-15,ff51140864ed3e8d9f54ac8aa9a55e7d58ea545086315467a150cb47a8d70347,18e2bb7c085ed8fba065171e80cdea9a638aeaa4014f9b962748a3554587b940,f67f2bba8ab1d683303c1b0e80be180dcb6eacd45946d2292bab97687c0a9e4f
pdb_7yke_assembly_1,7YKE,1,https://files.rcsb.org/download/7yke-assembly1.cif.gz,1,1021,1021,monomer_xlong,2022-11-30,a93265c7b3885fcd47f033d5bb5aceba5b03f75cd8cf171f5a0dd32841c4e5cf,a6745b7fba42a036907d2857c232959f277698d286a21fa87e1f9592426dd4a5,76cb6159207dacbac62690a5a4533300259dbaf2da8e02da35d506f675d57649
pdb_7ykn_assembly_1,7YKN,1,https://files.rcsb.org/download/7ykn-assembly1.cif.gz,1,536,536,monomer_long,2022-12-21,a26812afaa4aea41a63119c0cfd77980aff860939b720815f30ea11a62d99e3e,cdfa4151ec3192c4cff5c46a3a8c8699dd7c165eabdd30fffa32768e80d17f4e,75f39b0d0e0adf65de273c6725f0795660bd0eb338039dbbb04b8c9f5f03194e
pdb_7yls_assembly_1,7YLS,1,https://files.rcsb.org/download/7yls-assembly1.cif.gz,2,162;437,599,dimer_large,2023-06-14,fedd641888f36595c791642b069d69716f4a4d11d4e109b2ca93a97d555149ea,198126e5f12c729e74d9b42aaa1450eb3f347f2455e3f43048b2385f0b155da6,b202aeab2603a60fa2ed49513eeac30d9d7047f76aac2bbb30cd4fc4bed92791
pdb_7ypl_assembly_1,7YPL,1,https://files.rcsb.org/download/7ypl-assembly1.cif.gz,1,101,101,monomer_short,2023-08-16,c40dd0ec54d5423cfb62155cfa50bd299d5fbc1ae1b05865b507b7b7249f6f5d,9485255dda39ac43dbc6d1d157a7ecee59fa28e463b10c551eda8ce5d6e83e8f,dbe6d5ac1a47aff60029db9e0fb5628764686bc75ae2090e76134d5114c5087d
pdb_7yqm_assembly_1,7YQM,1,https://files.rcsb.org/download/7yqm-assembly1.cif.gz,1,723,723,monomer_xlong,2023-03-29,b74a870150b7d53d9c14c7d23ba59adc6ee9655025b246a773403b9e2d30b933,0caac67aad4875c13edebd2b42ac230308af01718fb4dde453e686ed25d59c27,cf2edc94a7726cd1261044e9bd628b5e401a982c538b16c0a5f19019ecbd57f1
pdb_7yqs_assembly_1,7YQS,1,https://files.rcsb.org/download/7yqs-assembly1.cif.gz,1,443,443,monomer_long,2023-08-09,551ce261e840c4a7b841b9d218904a2f1e543af58b94ef852441d47130b6d815,87e9845f656a45d67d93164e066ac42ccfaf79369205b65484b132fbcddf7663,218669892e7a52a8bbdcc3809c6a69490709b35014c3ab532ffb281278b2e26b
pdb_7ysm_assembly_1,7YSM,1,https://files.rcsb.org/download/7ysm-assembly1.cif.gz,2,320;320,640,dimer_large,2023-08-16,725ba8a75b88b26229a46c5d0f4f413b4d2f014a054d54607801d570a4928a06,0207aaeb4ae4fdec2a0a39d226858089746ce00e4290412686ed86982193d1ca,a382a7629bc310daa61dd84b40b78f96bb3eae6cce18f073125ba8ae1fec7ca9
pdb_7yw3_assembly_1,7YW3,1,https://files.rcsb.org/download/7yw3-assembly1.cif.gz,1,253,253,monomer_medium,2023-07-26,dcc1cbf75d9ad9dfb0b2dda495125927753e6d94b8bbd9bec8692f7130b34cc8,6045a7a60b3e8686d978c82dcad6057ea7b7abfd1ceb54cbc3cacf0c9fadfa37,288e7bd1ef1c42c303ac64d632699e9d71bca3326c396855f97cc72922dbbead
pdb_7yxu_assembly_1,7YXU,1,https://files.rcsb.org/download/7yxu-assembly1.cif.gz,3,141;228;214,583,trimer,2023-01-25,0fd6f6c2375b9a4538a01b3d246ef22da6028f7f15ebb677db564a06e279da03,9fa3d49a7401b1b3d2d6b78f0a53845c78d86c900a3c3a59f7db15c2ebd9f66d,9ae049da97c7140780b231f57616943db9b9b55c5c9723467a1a2558c5c5d82a
pdb_7z0i_assembly_1,7Z0I,1,https://files.rcsb.org/download/7z0i-assembly1.cif.gz,1,86,86,monomer_short,2023-03-08,44c8e7f9b9bd353f80fbbf6de9551499b863c69efd57c7cb42b788fe3964d475,9105dbb4e3023b048887fe899c53e65ad7321f31640335ac35f2b5175234f6d3,24e93f91b2036cf7402f9139227fcdbf7a8e811c284a19257965e0c153fd120d
pdb_7z28_assembly_1,7Z28,1,https://files.rcsb.org/download/7z28-assembly1.cif.gz,1,859,859,monomer_xlong,2022-07-27,b8ebf6f8a2429d7df2a0e785578afc2fbad0c1dcaeedaf745e791dbb6f9f1b6e,d908b1c1bfbe98f0b760bfba6bf9d4ee9dc3287c17fb1d2c567243a5980fa9d0,47193d451a31e597d23471bcb0eed497eeacc92856ccf56c1f87001a40b011cd
pdb_7z2j_assembly_1,7Z2J,1,https://files.rcsb.org/download/7z2j-assembly1.cif.gz,1,260,260,monomer_medium,2022-11-02,53f43c980ab358b3c2113c3bc47fbeed263901ae37a9dee35035a3651f471fc5,15130523cf5b4868332b53e930fcec6f8e7a2afd19b702d6a979856445399b21,147ac4305e40ddbb7a8ed63f346f5249e3f9684451a5c689ef6376cc69e1be37
pdb_7z2y_assembly_1,7Z2Y,1,https://files.rcsb.org/download/7z2y-assembly1.cif.gz,1,412,412,monomer_long,2022-03-16,c0337faeb2aad224f3029f88c5855758d6f7118c9d76894b9bf4dbbac82144a1,3bdbf93545841f751616e34778ee782ec4274839332f02999d19701006a87046,86504b6cc97679cfc306adf42d6f02de7d7f2eeb35d7419c1ae8436410cbe186
pdb_7z6n_assembly_1,7Z6N,1,https://files.rcsb.org/download/7z6n-assembly1.cif.gz,2,329;329,658,dimer_large,2022-08-10,58aa735d5f1637250933544580880ed79d9553305b5504c0d6eaf422cca254f6,cb661c9db7cecf40d928848dc8d72b1a49daff403752ecd88c4a3075a8777cd8,9182758c0326b7c98fce8c1a2610eff18a2fa8ad767369454cee6f0b291193aa
pdb_7z74_assembly_1,7Z74,1,https://files.rcsb.org/download/7z74-assembly1.cif.gz,1,910,910,monomer_xlong,2022-08-31,f38dd170170faeae09b58e8e8f5704a0ca434db8f76a58fa0b8960978d5cbae6,cf188ef5199ebe04ce410f8422b229887ca12613531da50eb010124357f78b60,6ba3c4f0b29fa34a7dce22099a21d3fa549681fd39e7a38b08b808a782f138e5
pdb_7zcz_assembly_1,7ZCZ,1,https://files.rcsb.org/download/7zcz-assembly1.cif.gz,3,349;349;349,1047,trimer,2022-08-31,142b81bcd24ba2547b85b10c8676fd8f74439c0d313d3dadbf6bc5888929ebe8,ccc05560223ff39840e1ababe7baf8aa3813d1b1d8e359a250b3e7cb3b163f51,88d414df7e0c0a69bc79334ab5e312e43d070951cc1cdf1c8296723f7a131591
pdb_7zet_assembly_1,7ZET,1,https://files.rcsb.org/download/7zet-assembly1.cif.gz,1,402,402,monomer_long,2023-10-11,f81e2785fa8c80d1087e976c41bb6949717a48dff6afd3fa02eb5820bcec3159,2a3325b4cf3aa6b88082de560222f38c97f344469857e0ebe7bb992a4b552a99,74fbb24a25d8c118f7d1e1adb6678096d2a174fb966a8064e446f230204345da
pdb_7zgm_assembly_1,7ZGM,1,https://files.rcsb.org/download/7zgm-assembly1.cif.gz,1,709,709,monomer_xlong,2022-09-07,ce168ecf960efb08a6ad91152f04e439dc2939a5775d948ccde48d58783f1750,c6a240f0e5fb296796f921db7bb892557c2a52788329f672bb55bb6f058210e2,2f9bf33e482cb707a9959073a9b6f1ed7b03bcac9798c98c5a26ae22297329e1
pdb_7zh9_assembly_1,7ZH9,1,https://files.rcsb.org/download/7zh9-assembly1.cif.gz,1,1024,1024,monomer_xlong,2022-08-31,ca8af6f9cd05492fb385ed54d89261cd25af833ae4480cba842cfe66b305f5c0,d280837efdfc6c90b167ac703773bb1b99556e77d405ab60ebb4f92e27ffe2fb,106786dbfc26067d5685d820d8f555eebddcc08b43d0c777cd4a7376a12a084a
pdb_7zhn_assembly_1,7ZHN,1,https://files.rcsb.org/download/7zhn-assembly1.cif.gz,1,309,309,monomer_long,2023-04-19,5e79fcc4d449e19bb6ca2b6f871514f4a1a47ef55ff6a8d657518dc1dcb46276,9cd01ed9a3599194b113b5823b8c1f5c81d9e493c9372a5e38d5f7647705f976,aac81919f73b8064e49a802a80b4f30e3f6c1570796fbb62e481c3dde0a69ad2
pdb_7zii_assembly_1,7ZII,1,https://files.rcsb.org/download/7zii-assembly1.cif.gz,1,326,326,monomer_long,2022-09-07,dad56c65d236cf1f9a46bf52d75eb83292f7003cb21251cddf0434dd430ba894,9fb58aad081b2d6fab0e3accd21208669cd913bc9b8c52d9333a7333efc0e318,07bee99712c7d41a939013ed3c0e5242b785f74f4db29b5dacf3d89bffc93539
pdb_7zjj_assembly_1,7ZJJ,1,https://files.rcsb.org/download/7zjj-assembly1.cif.gz,1,222,222,monomer_medium,2023-04-19,88793a29a66e497303a0a10aa720a27d1c90822bf382011d8c0de9980e1d44d5,efab7e9d69758d29768de645ec7683173aef08f6d528b98a435c4e47a0e78fc8,8295d1ff4c3500731540b759b3cca48b686406ff01d6a187d159dc3a800803ab
pdb_7zk1_assembly_1,7ZK1,1,https://files.rcsb.org/download/7zk1-assembly1.cif.gz,3,277;128;121,526,trimer,2022-08-31,0737d59d169445ed0b8aed3e62d89a592c09085d47f1a01fed1fcda071025b98,2e8e7b5f83d868d95a773704a99a7f81efc3466731d5094e8ac66ac719649765,03df894962de25106eafe768226b5e22d579ee1f562e875a3ad129a0f2d8d698
pdb_7zkc_assembly_1,7ZKC,1,https://files.rcsb.org/download/7zkc-assembly1.cif.gz,1,299,299,monomer_medium,2022-04-20,75f3fba823f78b023657ada56261560b3f84360f456ebd08802df2c8323ff54f,36a9d63828935f3bec6757dd29bddedffb726a044d6c9e70e8c0b7910fe425bf,a74987d53aef3681439dfdf367c91809301a80b5a6e11593f9f4437c4aeb44d4
pdb_7zom_assembly_1,7ZOM,1,https://files.rcsb.org/download/7zom-assembly1.cif.gz,1,132,132,monomer_short,2023-04-26,812ed36f2a81c94c8e03026922b9561c9921d640c9746df3c4c6312e54e98b2a,5c9ed2cfe3e85e52985cb7c7a982867db91100dab8cc996e84436c22ecff7e9b,c4dffe0880eaaf796c10b26ed0250b188b3a17c8dfa20bd02e16cfeda3a36f67
pdb_7zpe_assembly_1,7ZPE,1,https://files.rcsb.org/download/7zpe-assembly1.cif.gz,1,388,388,monomer_long,2025-11-12,4f6d909d980d392c70a80a5a7cbc6517dedabe7fb4ce016cc975679732b48252,ed671d0b5a95b346f75c4954a98f9e40705d2a8aeb782abc714de206970ccf96,cee405d46026cfc26e9fd5aa312afb2d89e69e1eb74579e2a201359558a0de35
pdb_7zph_assembly_1,7ZPH,1,https://files.rcsb.org/download/7zph-assembly1.cif.gz,1,256,256,monomer_medium,2023-05-10,b40cdb1e1b75799536bbae1f0eec9a20ee7f241d5a980de9674ba99f93503a61,a90b485e6361a61b48d664669a0f8a2f11ef56a277ca423a67a0aaff6e0e5520,7af9a2e0804a8925cdbf004113a77ec629251552f092b171638cfe37ba8d3a60
pdb_7zrx_assembly_1,7ZRX,1,https://files.rcsb.org/download/7zrx-assembly1.cif.gz,2,158;158,316,dimer_small,2023-05-17,41b4e5973f18e8322600be53a966a66dcb2069e9e8685e2c57c7ae397864697a,dbf9641f949b01758109436c89c66598f1d671ee072252543485208f835c4a5f,4fe8777ede31f0253c776c15f655df412513d70272b29a7c4a3f1a3d5ab348b4
pdb_7zu3_assembly_1,7ZU3,1,https://files.rcsb.org/download/7zu3-assembly1.cif.gz,1,132,132,monomer_short,2023-05-24,3ac08530e2758f1fea78b69a15c83a7c9daad0f5721a2c15d09fbff857cac3a2,bd115198205e8e0e089caba16bd45f8e8a407fd1a65842d837db0fddc5d83170,17f1c9331f3d98c1991aa9e2708a5be1092c04dd8befe5b5d641f4a852126921
pdb_7zvk_assembly_1,7ZVK,1,https://files.rcsb.org/download/7zvk-assembly1.cif.gz,2,204;204,408,dimer_large,2023-11-29,b531a17a05b0805bc141f9f8fb7ad94c0512048e5252274f6460621ddaced8da,93589bc528ff36da37a19e3e96d8226f0da351a8ee785201be61630f0cea78ec,3d3a124e35f735a52950262c744c15c40301142b7d9aaaa9aec6ebcae6f6eace
pdb_7zvo_assembly_1,7ZVO,1,https://files.rcsb.org/download/7zvo-assembly1.cif.gz,1,141,141,monomer_short,2023-02-08,8f405f036bee158c10b423302a3bc525b23595537e0d85bbd96047068184cec2,64fb4faa4d200f3a52f3c427192e4fa8481d6d4904f6f1e2df8a6367a84fe5e8,24886458a843b07be9be2a6b85961ba092c88f3ab979b0ae39146eb8fa8c8a84
pdb_7zya_assembly_1,7ZYA,1,https://files.rcsb.org/download/7zya-assembly1.cif.gz,1,303,303,monomer_long,2022-08-31,3d05b44e4d358dbc1b2faad0fb377cd6a2a8068a26a40e2f07621bcdad870066,e977f36d8fdcb4a9c5c68ce379047fa032818bee009869398fc392c9e46a6913,26b090a18fb85bbd7b29cbd71422db0817a40c952e017cd8f220802870a27177
pdb_8a00_assembly_1,8A00,1,https://files.rcsb.org/download/8a00-assembly1.cif.gz,3,136;136;136,408,trimer,2023-01-18,f268c177b636b8d98ab05c630749c78228d07b5ab3563b20a2dcbec2dffdfc1d,66804a280dbdb3cba05b0f0a519ad9c02af317f06165bbf0905b2c3f3e27d0bc,e2181382ef3c899927f98303fc69c732ca930a31a71c1e8986c9951b8a8db977
pdb_8a0s_assembly_1,8A0S,1,https://files.rcsb.org/download/8a0s-assembly1.cif.gz,1,159,159,monomer_medium,2023-09-20,1b60bc6a1be9b6f3deb46def951dbd3e3a6f6463beb114873517830a6ed5da14,d047e3803962d4eda4b005968782dea461ef298336c0adfbcb04729eb2d3a9d1,4b5de6268af9241b31c45b0e270a7d4c6f68f74a931f22fd1c23d524ebe0eead
pdb_8a1b_assembly_1,8A1B,1,https://files.rcsb.org/download/8a1b-assembly1.cif.gz,1,306,306,monomer_long,2022-07-13,6071bfb8938be0e22ce641ab2c5b899b67a5b61089a2ed1ab4df7eb02ce1ed2f,44fea0762d39920e5e34d1626150e90abce95fabeeb8d4fbd3d4453433ff0479,ea36d0b8918f55b65be482791f63dbe8ef5072c4c61fb8f8181aa475949a4179
pdb_8a2f_assembly_1,8A2F,1,https://files.rcsb.org/download/8a2f-assembly1.cif.gz,2,146;146,292,dimer_small,2023-06-14,3abadf80ccd334c0c6681f46ca045afe8e0e5afea1280decb53e151704f248fc,5cc0f96039608d54e4c5e273579621d1c5405c3d9ff7bbf514cde331416c4715,be322fb76b859319d78679bec402b258990f15bd2b1d3577e1b30d8b914dd64e
pdb_8a3p_assembly_1,8A3P,1,https://files.rcsb.org/download/8a3p-assembly1.cif.gz,1,220,220,monomer_medium,2022-06-29,24895f7552f790d180c5a4dea9e2d245a220d8e7db3971f5a4ce4ecd740b4155,407fddf6711bdbae86d52b6411c9a02a9843dfb782ec8c26c1f9f6714a93db3a,399ddef9a0da131f0242ba1d57d54e8580c89c2a73b4627da46deea33f1fef1d
pdb_8a5c_assembly_1,8A5C,1,https://files.rcsb.org/download/8a5c-assembly1.cif.gz,1,248,248,monomer_medium,2022-08-03,5657fdd633c18552a21059e5a99e9b6d7152d92065a2ca0cd6a28ced70bf1fae,8de8ac4ae9dfab564177173debff5fc0f3759645e1c7f397ef76e1ad257365e9,8088b2d42359ba62c090b413fb364f481590342b86e1b91c06a998c296200ad3
pdb_8a73_assembly_1,8A73,1,https://files.rcsb.org/download/8a73-assembly1.cif.gz,2,346;346,692,dimer_large,2023-05-31,d930999ac48edec4505bc4d622b816019522fa32398e4f87d1d93596b886ca86,24ad4947b7b8ccf8f66e9bc8a4a9e742477b54641f3b7600ae9ebd51ea435e79,8f11268eaeb58ce85303cc4e63dc836a63c4c29219d151064895334aaa721913
pdb_8a8i_assembly_1,8A8I,1,https://files.rcsb.org/download/8a8i-assembly1.cif.gz,2,371;371,742,dimer_large,2023-03-01,db9a0e1d2b2ff15157553111725472e57026caaf4eb87fd5bff95c9e1299f8c0,f17da2d7bbb8800ff552ea989a84411013229bf20fb9e7d00e81088b20d1202e,631afada8a68db8fe99bc4cf62e9f5141dfe5770b237562809f622ded946ebe1
pdb_8abu_assembly_1,8ABU,1,https://files.rcsb.org/download/8abu-assembly1.cif.gz,3,251;251;251,753,trimer,2023-02-01,5969681f03565c68195e3d816cd65e2f37792d852cb0a27a37c4d39f2a2e5e97,6dcc5d4f6bde61df324fb42f5df5db21d1ae4dd7438ef6277668e83ba6effda0,fa292f92af30fd51e3419d6bf62bdf15cd0993e8e88b776a506061fad6c80248
pdb_8aci_assembly_1,8ACI,1,https://files.rcsb.org/download/8aci-assembly1.cif.gz,4,197;219;128;218,762,tetramer,2024-01-17,31407e576f57d9357ba72be7ecb0ef00a8c23f0e3d90111acd26242b7d6863f1,7c4848150f243b495c8d8c075685a87b26eb9df7b06ad63a4d1d21f656cced53,4fc23811f02fe8f002017c0afd61ce6327f1222e7efbb862e3d4a4ee8e0da758
pdb_8af5_assembly_1,8AF5,1,https://files.rcsb.org/download/8af5-assembly1.cif.gz,1,189,189,monomer_medium,2022-11-16,90dfa14ad0b1fe97c3f08fc3871b506f53f12fce9c9db796f9d0400e0ef87441,c86ca1ed8329917b7e97e83d2c878a5146100ff198050d09fd2b56c7b7e2ec4e,367220546f33ddab650b0aa5e562e0f67bf8fac951df54bcc2811f425bf95a11
pdb_8afp_assembly_1,8AFP,1,https://files.rcsb.org/download/8afp-assembly1.cif.gz,1,216,216,monomer_medium,2023-03-08,d503773ae2f58c8a0499fc41cc9cbf16d459f416ff9227069dd823cf4c785ddb,6de3826a272bed7ce2c80c842f9769177e4cf570487fd416e6ad9436a25c818a,8fd5cde8dfed3ba58272f2c3db55df70fb94fead50a7bd6aa536ce3122a41af2
pdb_8ah7_assembly_1,8AH7,1,https://files.rcsb.org/download/8ah7-assembly1.cif.gz,1,104,104,monomer_short,2023-03-08,341e496bbfd8c10d747fa63486c71b0461c1d20de5efc2ede8259b4cd788e308,084a99f07384b9545dfd4ef149d76fe6e7907d025015ccb18a99c69cd984a472,4080a61324238faa9d6eefb821863587208f22bfd9bd308c9bffb202c07c4246
pdb_8amp_assembly_1,8AMP,1,https://files.rcsb.org/download/8amp-assembly1.cif.gz,1,74,74,monomer_short,2023-02-15,6c3fabef9d530c38a15af67585f9f6971ba3044248dcb4ff72b064f986d101d9,2053e3a57af659b059fa72b2b5b94741decf6d8c31532cc27e6ef6f0fadb4183,1a23fee934ce44f17f0cd2a5fa5deb0c844e466b240ef6378bfac44671f9f51b
pdb_8amq_assembly_1,8AMQ,1,https://files.rcsb.org/download/8amq-assembly1.cif.gz,1,484,484,monomer_long,2023-02-15,cea2f9256435407be60ac866b1a2e1020c83458af36fc4e6dacc7749fcb1bb56,69a142d74cd8ac9bf18e5d285e3df8a1934fc56570ae55c7b22d5bdbb98f5277,8ecd465b1cbc749bacc3910f690c2db01055a6ef0aa2f994181a43a645ed48a9
pdb_8an5_assembly_1,8AN5,1,https://files.rcsb.org/download/8an5-assembly1.cif.gz,3,196;196;67,459,trimer,2023-08-02,fbaf808bf43ab3bf211c0372b8fb6ae873e761e04e9cf5563cc974b4600fef76,e2065ea89688345f4cc3654e3977cc5e8f99349afd188fee61284421c544a339,ddb40e86b52cf34f487775f0ac732e0ca511f29395db8f00c6b1aa51cfda9354
pdb_8aol_assembly_1,8AOL,1,https://files.rcsb.org/download/8aol-assembly1.cif.gz,1,145,145,monomer_short,2023-08-23,23b0036bb16ba3c4db85443931f0e973a2db66e7f223125cd8344867110c129d,6ca2ad613adfa97440e4429510e3d50cd2cb778d04508d182698c4c3a3c75984,3639818bd2db564fdcbc9357b2769bc310c682b8fa45212c970ce532b508e117
pdb_8aom_assembly_1,8AOM,1,https://files.rcsb.org/download/8aom-assembly1.cif.gz,2,222;119,341,dimer_small,2023-06-14,a73aa22eaf3153428130b637f54474a391ed1a8537846e1cc155f59d95db847e,9c0e5b524e47e0ce191bf03c249ef1eab0cc9491c435a66894f8300570f1e15f,21b543e19e0001e4404aa6352718b729ac0b757643c5f0797d4a3f3d51ee23a1
pdb_8aq2_assembly_1,8AQ2,1,https://files.rcsb.org/download/8aq2-assembly1.cif.gz,1,531,531,monomer_long,2023-07-12,a7cb447c1bd3987ad8cf8a969143ad75b63083077c26ec828d86d86818624357,dff71835c6a2d9b28580596beb52f943d1ef5328e7d51215d0d3a4b4d2268078,aee1218a22fd9d218d5049ae364f70796f9b37520d2d02cc380b50fd465b4041
pdb_8arl_assembly_1,8ARL,1,https://files.rcsb.org/download/8arl-assembly1.cif.gz,1,246,246,monomer_medium,2023-07-26,a7236e81ed9f8ea757441559ca10bd16df50f0afa1533631f1be67114eef71ca,2d2a6d09da9fe66aa27d4ab23aabb19e1e5f0a66eb0f84324e4dd52b5a03765b,811a972c5faa56d2f45902720085c3c6fbb886520c4436ce97bc4da4e534f188
pdb_8aw5_assembly_1,8AW5,1,https://files.rcsb.org/download/8aw5-assembly1.cif.gz,3,310;310;310,930,trimer,2023-09-06,05052b55c0853efbd964f63a296eeeafce86c08621593261b262e7134067bdc1,4d25b357dfc57cf5a92038e2bbf2ad2678fc9d62b6feb7415e7eceef0ab92b15,07e71f582881edd42bc72f07d8de77cff2aa5bfbf8db30c2fec76177aa97ec7e
pdb_8ax6_assembly_1,8AX6,1,https://files.rcsb.org/download/8ax6-assembly1.cif.gz,1,593,593,monomer_long,2022-12-07,2ea3edb6d4769a433bb1d69d878e2a18dc2b45d03cc6c17b410b8c570c08315c,9e1aaaafe7e623a9ad97e51cd36e3c2a91312c4492739e0d544502afb0adfdf0,bd77b30f98d2da6edc2c52bfa13f540221518a882347072d13ff141916b546a2
pdb_8b1v_assembly_1,8B1V,1,https://files.rcsb.org/download/8b1v-assembly1.cif.gz,2,365;365,730,dimer_large,2022-10-19,62c5e39df90490721adaf35c9f2a2ef6e0cba54c47d4101b74b6015b44d9e052,d302bd848b9e7a9463c3f7983f7c018a0dcf4d353b1139f0ebf4b513b3adb327,ae22fee0bae325e3239bbffda7d1ed67e8253ab2fe92b3d4dabc7250fd06f151
pdb_8b2m_assembly_1,8B2M,1,https://files.rcsb.org/download/8b2m-assembly1.cif.gz,1,118,118,monomer_short,2022-12-21,7c385708cd64d6d4e6da32b0ff9c64d2c241a5d1f875cc750df16059aaf212a4,2a8cb80483f89558a6927bcce30f0f070a489aa5a1416b0b9a0e63f5d2150f7d,e737538cde27336222be755909115b15808ba4760f8c1f93000fd0195da57222
pdb_8b43_assembly_1,8B43,1,https://files.rcsb.org/download/8b43-assembly1.cif.gz,1,820,820,monomer_xlong,2023-04-26,d220f918562c8f230b39f7131ffaf12424804864a6d69bb00b4418f32c6aebfc,811160eb3acea86d141a842f97287b2111eb9443e3156803e9ffc0f53c6eeed9,991ca52c1a9a097a2385928d58c900b7120f5e1688f0e6db71204f4db6e33c87
pdb_8b4u_assembly_1,8B4U,1,https://files.rcsb.org/download/8b4u-assembly1.cif.gz,1,277,277,monomer_medium,2023-08-23,a55de88689694f8a2c45d5ede2e45411e714bdae51b40f1a803a053078903403,c040d4eb0ae952735d419329ef7e0b78031f6efc9b543d0d68b750edf528f741,dbeea9d2b24847255304a01226ac7f23c54b6062ceace9abb5600e0458157a9f
pdb_8b7d_assembly_1,8B7D,1,https://files.rcsb.org/download/8b7d-assembly1.cif.gz,1,199,199,monomer_medium,2023-07-19,7a87d4a03d7a5ea77548e53a396bdd0107f8a886b11ddf4af30d22426d2773e1,6ef7ebecd9f6a0348175c61b25a6dfc756dea250032cbae22dfdbda269258123,19c0d773e640f64863c7c490ef6226dfb9226dee26995c88e47afe101fb60843
pdb_8b7s_assembly_1,8B7S,1,https://files.rcsb.org/download/8b7s-assembly1.cif.gz,1,542,542,monomer_long,2022-11-16,d2897aeda54a1e41bccfa094782068fe7bf80ce63be962d1332cdbfd8cbf86e2,06f4c6581dd9faf9b7c2c7a81aaad2a4afbbacc034189bde108793adaa22c55c,d1ef97e69fb15cb61cf765df21396ba78f7c86be05d8d5a91a3ed640f82c0116
pdb_8ba5_assembly_1,8BA5,1,https://files.rcsb.org/download/8ba5-assembly1.cif.gz,1,144,144,monomer_short,2022-11-23,deee9e33d6546678b93470ad1478055cc48364b6ee339386ca162e631abe1d20,231468cdb5e891926e332225d59548525e823b649a776d4d60d80cabb961ca01,2f7a652d5a4370c327545ed9079bd97ca7b256edffa447339036385bcd7da57a
pdb_8bdp_assembly_1,8BDP,1,https://files.rcsb.org/download/8bdp-assembly1.cif.gz,1,534,534,monomer_long,2023-01-11,eed848328045f4d7990d3154754177f60765df9d7706e8bc8cb7a45ed802f9c0,4346892073d23f4358bf632edc133c2ae38f5931e26b532fe3f84bdb5a708b7d,d2b7f39172f7f5d5501c4b47d2ac7a40a4bf0b9cb6849ea00b392a0c9c24b787
pdb_8bjl_assembly_1,8BJL,1,https://files.rcsb.org/download/8bjl-assembly1.cif.gz,1,316,316,monomer_long,2023-11-15,4834dba4d3ca11235b0677689d4ce946e482d57f7d4e30bf505f6a06dcbbc357,51060de1e2d6b26566e4acc6b5ef537c3c63590acc717969195351a1f618204b,45c1605e96ca905007038f8484dfc162067b7ff29f01de40b29acd0727a49d95
pdb_8bk5_assembly_1,8BK5,1,https://files.rcsb.org/download/8bk5-assembly1.cif.gz,1,134,134,monomer_short,2023-09-06,fd723b99b84c4c8370076f07488aea751eb5633b07fcc560bb748706c279bf54,bbd668332a9946b7f270489db4b88e45db6c278f825b368bfb1162224f1492b4,b4fb8545d0d30fbf03c62d2eb23f59403bd772ac1aa60cdd09131194155fc797
pdb_8bl6_assembly_1,8BL6,1,https://files.rcsb.org/download/8bl6-assembly1.cif.gz,1,176,176,monomer_medium,2023-10-04,5d737c3d175899a1b59e0e079fd4ed619de221af45866e37ae62a45dce376068,81844b670b231b4eabab6dcafcbee0156da33058b7b98434c9e7b4e2233e0f1e,f3947eda449c890d315d5d517d5d7301b15889bee1568e081700f30bee5d5aea
pdb_8bl9_assembly_1,8BL9,1,https://files.rcsb.org/download/8bl9-assembly1.cif.gz,1,148,148,monomer_short,2024-05-22,a427bedd5964b096456c8615939c8d5665453a7a6b2cc5108d03f5bf4cba97f2,7b2e51d68fdced0ebf70a89de9393eb88e1592677d2c274e48272b7687a1e964,c7c08b8235d1463c64942a41fc6ab77682f1bb3f548287d7584067aeb69dd159
pdb_8bnw_assembly_1,8BNW,1,https://files.rcsb.org/download/8bnw-assembly1.cif.gz,1,297,297,monomer_medium,2023-07-12,7fdf154a8e6a655ad1f94209d95c68ece0e490a9429d82efd4e19140b2746266,e8c5ad07ba00439495c0e18282cf0e1b76993aef20a4eaba4d79c5749cdd035c,c51f93cb933cfd8d8e4ce83284a1f3ec0385305654ced675b1e49cd16551d331
pdb_8boj_assembly_1,8BOJ,1,https://files.rcsb.org/download/8boj-assembly1.cif.gz,1,96,96,monomer_short,2023-11-29,c71dd33119abed628652e6f1b348b20ebb165cd6ada155172b25e3265d53581d,efb8c07d7b2668f153cb5123501a32cbd063b9742909d13ef0dff7c232f14df6,42aef063cd460ddbecbeaca39786bf5d20e5a4c0924391514ae45adc177ec772
pdb_8bqu_assembly_1,8BQU,1,https://files.rcsb.org/download/8bqu-assembly1.cif.gz,3,320;170;167,657,trimer,2024-03-13,0ec3891300acb25a1ef1090617361d9a25e93edb41f03d20a145fc3d31bb4709,d78ceb8cb38f9d7d24bc34d8445bc7c610c19d9fcad6a56a9394846cf6605e0f,ffecaae04c335cf647aba23f6e5640223c104f7495086ce2ee8954082cc505fe
pdb_8bxa_assembly_1,8BXA,1,https://files.rcsb.org/download/8bxa-assembly1.cif.gz,1,116,116,monomer_short,2023-02-22,67dda4855ec2a8035cbefe336ae4725fe2240cc109109c86d9ba3b1d370f6772,6a7d9d9a322b58be7d608ef7ab7f86a38bb957b7d8d158beedce96e060c39b11,36a59386d3dc7b11fa283ba2d8299184eb49158738cdb02429db086f8fe3c44d
pdb_8bxz_assembly_1,8BXZ,1,https://files.rcsb.org/download/8bxz-assembly1.cif.gz,1,234,234,monomer_medium,2023-12-20,15d80becd0276dc1527b01389f11be52e8997eb671ae5849ba9a978d416dd240,ccd149ff28e6c5f2f45a03f67cbb223c7c4557bbe7b26aa83ad5c72ee1343236,d288cf68fc853bb9769a80fe0396f6eb19157a2113512f958a1f9a33d50dada6
pdb_8bzi_assembly_1,8BZI,1,https://files.rcsb.org/download/8bzi-assembly1.cif.gz,1,306,306,monomer_long,2023-01-18,ce217a9c1567c1827bd28f37a4fa3b3a363c88bee5d5108c3ae633aa7e8a08ed,0995e742df6b75c18e2e8a1989df98f875c575fa296598df58ab0429b4483dba,a8dd98ccf476ba68d3ad6ab2723308aa0ac58407e56ef829023edfc878f31cb0
pdb_8bzn_assembly_1,8BZN,1,https://files.rcsb.org/download/8bzn-assembly1.cif.gz,1,125,125,monomer_short,2023-12-27,16e8e27f13b39561bd3c96ed6efecb57cbf1f11dcf9bc3e60f7ad0380c182e19,5d544ef7df75c83fd05a2f1d158d35d3e76522c685ffc14c7395e95f02047ad4,f6f2f4c3537abdc55b05e829cd77f01ee45fb297a528017151b16d7e764e80a9
pdb_8c1i_assembly_1,8C1I,1,https://files.rcsb.org/download/8c1i-assembly1.cif.gz,1,265,265,monomer_medium,2024-01-10,dcf4fa1671fd242a7182d37eb45b1b42b7faef16cdd25f035fc44069e40059dc,30fc19c03d43cddb5fd1bdcb1942df5225efdce550120ef66cd625ea62c221b3,27283407d1027f49c43c83c0dce2f6c6766fa9003c08193dbbc8f5ebd47e22f6
pdb_8c32_assembly_1,8C32,1,https://files.rcsb.org/download/8c32-assembly1.cif.gz,4,215;215;215;215,860,tetramer,2023-08-16,1b2f4b883896dd5009413b3d7772c28315e95b53e602c52106250a4b3340c235,551d85e99a7b8d586172f1f40762a25679f91afa34bffeacb0d46ea33bb7bc8b,a706a13c489bd22959e0bb437e4ea19e6466efcf083b1a242bb4ce1109cbc1ad
pdb_8c3t_assembly_1,8C3T,1,https://files.rcsb.org/download/8c3t-assembly1.cif.gz,1,73,73,monomer_short,2024-01-10,59f24f1149da051ec96ee4ed40dca4a26681073fbb4274881c6eea866febc752,72fd34edb7a4de5c306638641c3a20a9bb0d87623f43e70cc92e7af4f9684aca,466d8372f2df9e33b7c6a74ec3e16d8880c17f7e9d41aa4956e3436ed881e8fe
pdb_8c5b_assembly_1,8C5B,1,https://files.rcsb.org/download/8c5b-assembly1.cif.gz,1,668,668,monomer_xlong,2023-12-13,c200e2303bbf01249ceea477a38d8feff91a92fde6ab0af9c7d599c1849fd7ba,d8cb02ca9eadba1a65ad0d3a6ad2576b2eaab2b91be465d979bb1284aab511b3,fac017a6fc64fa999a06c417f53d35de34696f7431f910a53be02cbd5194cfd1
pdb_8c6e_assembly_1,8C6E,1,https://files.rcsb.org/download/8c6e-assembly1.cif.gz,1,125,125,monomer_short,2023-07-05,488f03b4d8152e665b1e3822e1638e378323994128e032fd3b2eaa201e2ee376,de9363646602d543a7b0ca5c875a48ecde027805a93300b8a85f6a8119ecb424,c4fc63eb9b7fb601b1ff0a1b0a7ca63ccb0e990e2bf1c80fb98919bb9c9d9e8c
pdb_8c6l_assembly_1,8C6L,1,https://files.rcsb.org/download/8c6l-assembly1.cif.gz,1,336,336,monomer_long,2024-04-24,0e65c8b1a43c56583cc4aefb81c7f146be65383edde6843cc75a00c1fd658d09,016429a3f48a85b298ab33119329bfc4d945289917f01099d6ef9af51e9980c4,f662394e80ffe615a16cae98e1d9d0f6af6fb8aa72ee480d6f194125c77b5fbd
pdb_8c6z_assembly_1,8C6Z,1,https://files.rcsb.org/download/8c6z-assembly1.cif.gz,1,630,630,monomer_xlong,2023-05-31,ee38a4317d89c8883c86dd08ff92b6717b89fea5de391410236e6aec87f1da11,251c02fec6363f18f4b17eda23e045a4c746846935594b2d5d609b033ac25452,ec852369076c636a165ee3541b0f1c9b304be5099c0f5f3c38164044a548edf4
pdb_8c8s_assembly_1,8C8S,1,https://files.rcsb.org/download/8c8s-assembly1.cif.gz,1,343,343,monomer_long,2024-01-31,f2e87d6215fab514a8a377169ff958f561521b260abaeb9122f323f433e3ba66,3e7564ab5aad46b60517b4982c0a59ecdb0195172a21f539453664f3c589f382,5317536c865b266b90aadf0fd65445c34e9b8fcec6a5ea632df6b23a63add52a
pdb_8c8u_assembly_1,8C8U,1,https://files.rcsb.org/download/8c8u-assembly1.cif.gz,1,1032,1032,monomer_xlong,2023-08-23,379ca30512a5bc86d8470dee9b58c2ff751d00da9c4f50b58b33da9ab4af0ecb,af4743cfd759afb3a78f0a241e170eb7d676e5ad2ecd4e1fe1f8bb76895a58a7,3fe32497a84c7e393659e8db4c949929df95aac622e7df56809cbe16529d3768
pdb_8c9e_assembly_1,8C9E,1,https://files.rcsb.org/download/8c9e-assembly1.cif.gz,1,921,921,monomer_xlong,2023-08-16,006b77f6a23750d8961be7f90e709707905441b2a4850fb1d2759b6165374dbf,3508c99bb16b33526211333c160dcb6a004efbde5c41c0d0ff35c377aa1652e6,92857c8c9724397ed9100b600ebc3bcc5f280af86572ee3ce4fd5b65f034cf0c
pdb_8cch_assembly_1,8CCH,1,https://files.rcsb.org/download/8cch-assembly1.cif.gz,1,128,128,monomer_short,2023-04-26,a0c08975efabb02730f876f9318b83a1659f866ff69bfbd93beb718ec392199b,914712b097891f138bc3db4956153b951b77287a4475033a14810e9e6fe933c6,0347e301931a31fa339508384e6c07282c60d47d4e0b5da6aa03ffe5f4786a4f
pdb_8ccr_assembly_1,8CCR,1,https://files.rcsb.org/download/8ccr-assembly1.cif.gz,1,112,112,monomer_short,2023-08-09,47940001a0f9d0195139b8fb1ff633741f7649f80238f9664d63acc3ff3e9151,9c0f8656a237345ed4d24019770d892f419714a373616cf049f253069f4acba5,561d4862db58c4011cb7caf48efcd433085259fcec62c1812fffd4d9c0aece51
pdb_8ccy_assembly_1,8CCY,1,https://files.rcsb.org/download/8ccy-assembly1.cif.gz,1,804,804,monomer_xlong,2024-02-07,6d0d4bb08913c97f05d895bdc1a08115b763ceb8b073f686c11768a58bf1c566,6e03095c85c3306ec5c68de53d08de52ae4dc76be3e03fc815606a450bc33548,62a051622493e614805db905aaee18f2412d693e6b392b33c67174aee85b78e2
pdb_8cd4_assembly_1,8CD4,1,https://files.rcsb.org/download/8cd4-assembly1.cif.gz,1,177,177,monomer_medium,2024-02-21,ba7965a379822258c9337a9c97e706dab5d3070254d05731a4aa88b2e7c4d743,2d6acd068da1f24f8642ed8aa1889dbdc1b84bdd0f9a421121e809ad88335904,56091b3d3c0af13b1caf738ff79316edbc4591c811820a3da9f0014f4985ff88
pdb_8cds_assembly_1,8CDS,1,https://files.rcsb.org/download/8cds-assembly1.cif.gz,1,127,127,monomer_short,2024-02-21,2d36f7ee53f90909120c1dc4e83a88a03edae35f3bdab6b4f16e700a02d0245a,69b87d91973a3254b82d36f1e863ea12786f7ad1f0fde74fb908a5a9b3b5c21f,c878b59b4464d1b7f748cc1fac210668cc5b02404731ebec22691c1c397e2a7f
pdb_8cdt_assembly_1,8CDT,1,https://files.rcsb.org/download/8cdt-assembly1.cif.gz,1,123,123,monomer_short,2024-02-21,ad617858c11ef70ac513b0dfe35e2fe3002e201fed1fd97618f3cb3710febc5e,c65e82eecade18d5ae1795e6cd2df0ccf38fce294de65479688f37f869abd3cd,6267bd8bb4708800574dd9b5f80046138c0ccccf483c2f98792fe83dffc8b315
pdb_8ch0_assembly_1,8CH0,1,https://files.rcsb.org/download/8ch0-assembly1.cif.gz,1,141,141,monomer_short,2024-02-21,aafb1eed6d2882e0217edbf10c70b50853bc85fe8205ac50409cf00c78405f1f,6dabc5ad9ff09e561685ad874ee082408b0683bfc1fbfcd133f92cdc7cbb66a8,0331bf5638fdcd66a18bb03c8fd25395c88d56bf2a1f06aafd2f94078b5a837b
pdb_8ch8_assembly_1,8CH8,1,https://files.rcsb.org/download/8ch8-assembly1.cif.gz,1,320,320,monomer_long,2024-02-21,e0e37a9a5f2e8b8627f59bba81300799e765530bce036c1f36d0006b70e5cb88,a919eb84a8e9964acc03eefb6d899bcff09f803ddcd5cc77ad7b23b4498e2ba9,aa044f4feb094e664214cc5bbb90a74d3ef314f8f11eef489e80459efb9a0ea8
pdb_8chc_assembly_1,8CHC,1,https://files.rcsb.org/download/8chc-assembly1.cif.gz,1,499,499,monomer_long,2024-01-24,efb0d1b639c959cfc6cccb1ead2c4a98cb642b36237b72e27fb3c7bbca9d68f1,7416d9e9ffa3a8a35147d54c3f8085508e31f635c5a884f29b5f565a15fa644d,4e6ecddb8759cefa9ca27d1575d1654a9f9cef2c7372ca137ed52d9626d82e40
pdb_8ck2_assembly_1,8CK2,1,https://files.rcsb.org/download/8ck2-assembly1.cif.gz,1,97,97,monomer_short,2024-02-28,227e0ba83dd1cf0bedca2439c60482cf29bce5307692fd8c1320f39949c163f2,2671dbfc7452ef24f4e25ebc8543f6f7ec3cba1dd94f670ebedbab91f0171f05,6e4d79a9eaecbcb2312165dd945817f2e81a6a64af4b09287a150b7c1afe8e7b
pdb_8cna_assembly_1,8CNA,1,https://files.rcsb.org/download/8cna-assembly1.cif.gz,1,640,640,monomer_xlong,2024-03-06,cc42aeb69ff73eb4e860b75ce25b93829b2189d291fd7c4ca4841c46d5edb2e6,12e6c2d430a6a6d3bc515a242ae31cbdc8278c1db185268d8edc111e15876ca7,f4aa70dc8fda1c6321ad3ec66fc4879d81eb1fabf032b9e0e3d0ae25ab14b510
pdb_8cnc_assembly_1,8CNC,1,https://files.rcsb.org/download/8cnc-assembly1.cif.gz,2,203;126,329,dimer_small,2024-03-06,395e093854a9bd2fe9c6ddb6b111bfd37e11fa7851e78dbd205eed007e8f0b79,4ceecb49b6dd6ad1fb579a9d786174728a92be1b8fb5411c92b09bcfeff3e43a,3a0e5fe0b12d50c97f1079f30d464f4b81000633eb1113aec3d1e42bbfc5ffe9
pdb_8cpi_assembly_1,8CPI,1,https://files.rcsb.org/download/8cpi-assembly1.cif.gz,1,277,277,monomer_medium,2023-07-12,2b091433cd6eca083471ede39e8e0783111c44f696a17e1c558cf96c975ebb24,c2a4c0aab0da0500a73f7eeef54f46b5ab621c75de9bdc38efdd66a44668ee42,7401fee893eb1c652f89e3a31c01f803275315261ee0ac938f21de95a1fe297b
pdb_8cq4_assembly_1,8CQ4,1,https://files.rcsb.org/download/8cq4-assembly1.cif.gz,1,425,425,monomer_long,2023-08-30,8a5f99a8bd128fec845c4b8cae63dfbd6a250f75deda4e484e9187e9a82a3ca9,29dc69584554f91099f8c1c83cec068eb8e4c8f03eb828a9c4e7e7729ba8bf35,a9858c273deb16d15aeba358009fe129862148ff0f9b20af3aa4a139e5f77b9e
pdb_8cux_assembly_1,8CUX,1,https://files.rcsb.org/download/8cux-assembly1.cif.gz,1,123,123,monomer_short,2023-11-01,3b78b4a6a498f7ad7d6ab4246c481706ee89d651c423d64c81dcaa49760cb70f,68f577623cd3c10b608edac52e89ee77e500ef5a3c3d126756c424e92e145d95,58690e758a6396988adbaad4851a23aa2695ae93c08b491f685a257f4bc765c7
pdb_8cv8_assembly_1,8CV8,1,https://files.rcsb.org/download/8cv8-assembly1.cif.gz,1,385,385,monomer_long,2023-11-22,3e0854d1046d784cb56966754b6ccef7272e08609f149eaa0dc6dfeeed415af5,b903eff3adc58c8f5c9c9706b75c79c702e692ca9eea1b5e00dffecc8fec0dd1,7a65064da0a4aca104be4a175dbeb30635be86b3e282e037282251ac2dfd1a12
pdb_8cwv_assembly_1,8CWV,1,https://files.rcsb.org/download/8cwv-assembly1.cif.gz,4,205;156;220;217,798,tetramer,2022-07-06,4b13f63af9b77da45dbb198837086e2608e22a56555cc88f23f3a3253af0d33f,caae43ec13201c1b3060a10bf52c7dd37a3b4b6d10a778cd125ad3ec980ff23d,7e49af42465ec09bef47033d2f75a9d27a4ad9b25176d0916ce25b013a942981
pdb_8cxa_assembly_1,8CXA,1,https://files.rcsb.org/download/8cxa-assembly1.cif.gz,4,273;273;273;273,1092,tetramer,2022-07-27,013883122b16a2d2fb15e1d3ef780742019c607808a9ad50b46da7465d1256e0,c8eecf88aaa79b7db43eeb1a678189e035bc4b34060d6f1426b719b47e588706,31c9aab0e4996c96f92f50621b8fcf7ed3fbfc4a6bf193526ccbfaf6cb67c073
pdb_8d0i_assembly_1,8D0I,1,https://files.rcsb.org/download/8d0i-assembly1.cif.gz,2,143;143,286,dimer_small,2022-09-21,cb50fc943544f8799a6f871fcaf19ee1f592d1121e86d7ef50dc2fc6580ad9ca,34198a4e2457bf378d3e5948f1515a868d5a2887b53acb0d9482a0ec611e7d8f,80e715c8d7c92683e503658e1ba487e958e960e102308ce0be5f110b40ac5681
pdb_8d1y_assembly_1,8D1Y,1,https://files.rcsb.org/download/8d1y-assembly1.cif.gz,1,397,397,monomer_long,2023-05-31,6780905581292be88500ccb50fd1c385298b818af207de215b226538b7a87fa1,5fe5ba6bd1df552aaa4731307e3e8a866fc8721753c91c5880e53cf0812f0647,919e1756bddffc55e92d8f948cfc65acaa09458438fc8fa6f02b985638ff34df
pdb_8d59_assembly_1,8D59,1,https://files.rcsb.org/download/8d59-assembly1.cif.gz,1,262,262,monomer_medium,2023-01-11,87cc0642070635020bcafeda2371d6f0ea3f160e2e26008107cefd138cb42917,4441582c2088c69293a619be3a1af5d797676b9767870a8e4d17862f9ad8786e,da8977aecf3f10891707bc07aa49eb4b94a486c469ed8992471eed4512907f55
pdb_8da2_assembly_1,8DA2,1,https://files.rcsb.org/download/8da2-assembly1.cif.gz,1,393,393,monomer_long,2022-09-14,bc1d425bc0ce57089cccbe0894b3cae68423fa328bd961c840059cd00ec673c0,25f420cbba27dfd9e68a2c50e000d58b03e31b11e31fa54840904338d98555b0,0a5b3fb533a747d62d3b1994653100829ea3b4efa72f975a1afe8548203bb6f2
pdb_8dak_assembly_1,8DAK,1,https://files.rcsb.org/download/8dak-assembly1.cif.gz,2,184;184,368,dimer_small,2022-06-22,b25d086c5f6d7d32d41762ce0059615ed09d876571703c9be4066d842e1b2c5c,be772ea6f59c45979dd6b3feea39fc2056b65b321311b3ff88e14244ddc797be,5468422be2fc7c8c3f7d6ccd1242daa3eebfaa7642e806f5e4437bab0bed3eb1
pdb_8dde_assembly_1,8DDE,1,https://files.rcsb.org/download/8dde-assembly1.cif.gz,1,192,192,monomer_medium,2022-12-21,792a6e52542f43a95f403238b54360c03b0564c86efddbc6d53a593a58976517,54a22d5140cec0145d3ad7be3cbb5a93d2aa2aa9294a190f26f9be4583b6ab0c,6fe4a805e1ed5ab50cc8dcbbccafda1354aca52b7561ee28d09ca27aa0eac89e
pdb_8dez_assembly_1,8DEZ,1,https://files.rcsb.org/download/8dez-assembly1.cif.gz,1,173,173,monomer_medium,2023-03-01,cc8a1f8a4c6f0761f452f38e531a3e583619b6b65c3d5d0b5d9b5c6afc5f6c6c,3084467950de957f93ce70210e2113f8644ca63ffa4d01aa4a79a8af0a3177f3,19179e5ea8e3d57f6fd9817eddbc1c884493c51a0319ff4e1f405ee80b8046de
pdb_8dgl_assembly_1,8DGL,1,https://files.rcsb.org/download/8dgl-assembly1.cif.gz,4,91;91;91;91,364,tetramer,2022-10-05,8e9c5bda6f4a1c9f1f8c35029b30f03be3c4504a5b9b70bc81471939c6301bf2,2c74e68548149b57628e962de367b0a1e8cc33ecb87b8d0a9f2c628a75b78ed2,2d8428873f183849eced3f50dc9ec6eaf488b63bff5f8f4245c7ce37015dc55b
pdb_8djf_assembly_1,8DJF,1,https://files.rcsb.org/download/8djf-assembly1.cif.gz,1,312,312,monomer_long,2023-01-11,5d968a9aaf3460751fce16286d00db6879618a488d530f2c732d6a43e42f2f96,dbe27b234b5c3f669b0146c2a2902d5ed5fff4a0ebd31525b50c8a0c57fc157f,91efea553ad71b1b3e1abd8557b7496443946f59f434f63496062df209920800
pdb_8dkp_assembly_1,8DKP,1,https://files.rcsb.org/download/8dkp-assembly1.cif.gz,2,396;396,792,dimer_large,2022-12-14,c68e47143b37835486cb373721951ae836b4285b268ef579ea74297ba3792612,c2dfd36fcba9931e6dace85198ed362c4466fb714d28699196042fec25cc60ed,fc0edf64523eb47ec22df75feb5c725f9d18eb99f832f2ac704efd6636765e2b
pdb_8dmr_assembly_1,8DMR,1,https://files.rcsb.org/download/8dmr-assembly1.cif.gz,1,399,399,monomer_long,2023-07-12,33364066f912d908d21f9dba233bf9b2c92380f7ef8fd2e5598a27abda272179,f83d32333e1ce94584aed476f4548c656b4fc843ea65df8e7bde7a35749eef2f,81a40856f6f276f21072950f177c67066fba4e88a68bbf78d4091abdeffa720b
pdb_8dpv_assembly_1,8DPV,1,https://files.rcsb.org/download/8dpv-assembly1.cif.gz,1,169,169,monomer_medium,2023-11-29,a5561a0f2570edfbc6777086d2c855e8cc756e66ca926910044bcaf3b52b1df5,4e960f974d24da455eb0ba8ed106380b8930f4f4f0847a32afea68823acae1aa,c54c7f3a1db0d530f19658d621e55e4b66eb5d3cb070b5d080ec9234a15b2485
pdb_8du0_assembly_1,8DU0,1,https://files.rcsb.org/download/8du0-assembly1.cif.gz,1,334,334,monomer_long,2022-08-10,72e1c6a043b60a452273d52efd332e5fc15f26d2be5061b8e47bd6f23c66530a,cc204954119b5e22244ca6bb5411e5a1198743c08c11e0c84e90f91e9d82e3a8,a01ab52eec8fa40015b90e34a6a8b10f684530b781d46b3ea0d653751a2eb67e
pdb_8dub_assembly_1,8DUB,1,https://files.rcsb.org/download/8dub-assembly1.cif.gz,2,255;255,510,dimer_large,2022-11-16,3b0082c1e69bbed4ddc8b28a42042cbfe8e8a5e1421f2d9849fd133a2c6923c1,01008046d4ae1534dd21ebbb10925874b417fca14583d71ae6604e2dca3972a9,fd9f5651beeb729397c61ad0fc8f5985e05ca451d0a638210bf95be9f9ca5501
pdb_8dvq_assembly_1,8DVQ,1,https://files.rcsb.org/download/8dvq-assembly1.cif.gz,1,166,166,monomer_medium,2023-03-22,a0b353c462e669f1306a855cd039eca35f1965b14588cb41d72fa955722f53d7,2979d6553c442002031df94802b8b5672b698bc2ade1764748377cbab1322a6b,8ebc7818ec6d81c2f0e641275595ebe7d5311ebdb683d96c7b9b4432a6be495e
pdb_8dyi_assembly_1,8DYI,1,https://files.rcsb.org/download/8dyi-assembly1.cif.gz,2,127;127,254,dimer_small,2022-09-07,ff60bf9fe5baf86c8936cff39c25a3ec4ca4f3249abfe0f1fa247784d2503a81,40d23139860357f5ddd3f09b28637467c8fad98da6081cf6c2e21e921fb97c6b,da4b9352f2871ad139c63efd841778fa00d36a38f2f6cb3bb353c2f2e5c2cb5e
pdb_8e0d_assembly_1,8E0D,1,https://files.rcsb.org/download/8e0d-assembly1.cif.gz,1,198,198,monomer_medium,2022-11-30,7b4d17ca4f731a134b1561357c273cd5d3ae1e9d659d75898e8a2e16a9b22a31,538dc50418936aaf199e163caf91ac3f981d22f65887c78a959e7b1bc491cd98,5bb981965db652b5a4b471564c4db51f60a300f46d270691323ade94e2e56f03
pdb_8e5h_assembly_1,8E5H,1,https://files.rcsb.org/download/8e5h-assembly1.cif.gz,1,372,372,monomer_long,2023-08-30,12e133e858823c085d43f8a7d368fedf235a2ffed74b87cfc12fd900790e922a,33a74af59b26631ab9c00a0902fa7a2f3417d63ca50a460ea4608077d0f4fadc,2cf07a1a64451895e3bbe1a43c78a83e1c82a194c05fb863d74eb57e9df89ad0
pdb_8e7f_assembly_1,8E7F,1,https://files.rcsb.org/download/8e7f-assembly1.cif.gz,1,618,618,monomer_xlong,2023-03-08,3dd111c704ba6847f5f901e2834ce519f725953ee20fc10b0fb532eaeaa38d0b,89862a185aaac040c88a694ab2b48ebdc7dd73ddce8e943f54f0d0d308f04fd3,67a890104fa390ab57ce5a33256ec03305a5c38e000561acc89167a2bfbedb2c
pdb_8ebf_assembly_1,8EBF,1,https://files.rcsb.org/download/8ebf-assembly1.cif.gz,1,718,718,monomer_xlong,2022-09-21,37044c19489b4cabc5f715864524ba9a756de929d4dcf7562d800a98927087e3,4b9337a68820f056247c4abba2d2e93ca908027db46fe8dceba9116969cf345a,9a026501882359c3b1b7e5af4054578b6753bfabd2d939d101ddf0b5731f9680
pdb_8ebr_assembly_1,8EBR,1,https://files.rcsb.org/download/8ebr-assembly1.cif.gz,4,267;267;267;267,1068,tetramer,2023-03-08,6d3b118729736fd8365979f1b206159b763e49459916013c4865555080b187dc,648fbae4e0a4f588369443c7612eb42cb8c860e68d52556d48761f0286685142,7cb9859507ada1ff904c93f123c14298c9a422fe242a33cf79fa843ba89f857b
pdb_8ef2_assembly_1,8EF2,1,https://files.rcsb.org/download/8ef2-assembly1.cif.gz,2,228;220,448,dimer_large,2023-08-30,98ab0033ccdfc2d45c6e51f317ba61b0646b0e338c81205d02940c26c3d4fd31,0221510b0acc9de9550d7d7a898d1c1f31c537144e5b389950f84dc840b38333,b579e719608ffb32c82162d19553a168ab59fec44096592ea1eb9ffc7df62cae
pdb_8ehd_assembly_1,8EHD,1,https://files.rcsb.org/download/8ehd-assembly1.cif.gz,1,127,127,monomer_short,2022-12-21,7ddeb4a88dbe2427f26c830b5fa39c31c1ef672f3fc4d64ed26093dbae8612e1,f9da839e2b57a942b119f33db6dcd03d7dea7e130ee3bc1728701c2bb2961519,fa3a65e54e773677fc63492a66b322f606f64a331c641ed3b9ab7c015c0d85a2
pdb_8ehg_assembly_1,8EHG,1,https://files.rcsb.org/download/8ehg-assembly1.cif.gz,4,364;364;364;364,1456,tetramer,2022-12-21,ba5058e02994a3405ab98bcdaddc75f17f100b0a0e8dab4fcac14550858114c1,56048ca8703136b207159ec2c627b5766c7332364cf0a142330f714c50f10696,d5f7fa04156bbc9550c0051e8be4a71d99cadfcf810446ee5e539ff7a4b32329
pdb_8eov_assembly_1,8EOV,1,https://files.rcsb.org/download/8eov-assembly1.cif.gz,1,146,146,monomer_short,2023-08-16,0e2543dad2028c27de1d1fe180b7bbfe615c14c84869acc065c4420082709cec,38bdc0e7b38e471dad95241bb94119b3371a5b0e098067f08fa0fd573d9644ac,8377f0e5dcd26e98336d00dbc2f468c183f361097d99715927be33b23c600d87
pdb_8etz_assembly_1,8ETZ,1,https://files.rcsb.org/download/8etz-assembly1.cif.gz,1,281,281,monomer_medium,2023-11-01,956e944f56cb94bd9a159a269df6cd5a59fed78ba9f9c0bada2f6422ae98d656,f86dc130cde17d3538bd6ce542d8c7b319461f7000dce704594e3c5afef46e98,9b04c1a80ea092be60c47066ccfb1208290c317ea3623629dc665287ab255f76
pdb_8ev5_assembly_1,8EV5,1,https://files.rcsb.org/download/8ev5-assembly1.cif.gz,1,125,125,monomer_short,2023-09-06,6feb9f7e609eda87eba4190fb3bd85a3c11b9f5e4895e7c001cdb7ffae49f403,7594a6fe1a29c6a14f51d8540379c8974647a7255714bf2aa20d20343f305d36,ab293c1d28bb87375951ce4d696bdadecb73b168b5e29b8437ce0f6f074561d2
pdb_8ex4_assembly_1,8EX4,1,https://files.rcsb.org/download/8ex4-assembly1.cif.gz,1,451,451,monomer_long,2023-05-31,fec16ed51a6ea09045db660b0b9504760dbfd6d117be7d3752b090038e1b8f04,aaa1653a27b3b1571d0276513b0fc0e799f3efd0ed2d42c084c38eb9dec99375,127923bec87869ce0c1da92972887b95dbf7e9001468797a6388f22f92d55588
pdb_8exo_assembly_1,8EXO,1,https://files.rcsb.org/download/8exo-assembly1.cif.gz,1,1080,1080,monomer_xlong,2022-11-30,7fd5c4141c0fe2ae662da4e5d2a2eaf1a5782855c6f0061a0e75459cf7c0e220,2dc83d0d0c67a680c9e9855aa20c698893459d23c31adb629df2d4187950d323,929915c578a93a31436d17a8d63488a995c9caf7600f982977383985fd404361
pdb_8eye_assembly_1,8EYE,1,https://files.rcsb.org/download/8eye-assembly1.cif.gz,1,898,898,monomer_xlong,2023-01-18,1802caffa404b7f28266c411f44d04748a2121c5a0a6ef59087ecbb3100a44b6,b2bb71247517bb74ed6adcc34ebf532c9ebc0e57de4cedac3f334b0cbcfbbc36,407eb6bf7a5f5040ab5e172a6e0f27109a366894cc0e49d39002c564b3a84c26
pdb_8f23_assembly_1,8F23,1,https://files.rcsb.org/download/8f23-assembly1.cif.gz,1,366,366,monomer_long,2023-03-22,32f42776f98e497d1e9a07d03d82dd8b00085fa8546c9ac39ad6ccc73e084ce9,dfdbf0b234a9533e38747922c927a5116802fdda7944594157adc4ebf6e66c67,2094aa0d037f29d751fe23deb111aef4e8d7c61546693130ee34b747aed35a61
pdb_8f2t_assembly_1,8F2T,1,https://files.rcsb.org/download/8f2t-assembly1.cif.gz,2,221;214,435,dimer_large,2023-12-13,d0243e8f063c8017b396669f0fb9d8de9fe6c324fc0b8515eca42dfc38d85992,523efa54ae0bb92a3656e85a5204cc911ab4c0e0be72f937db7e299f599a5adf,0b55533abc6a52c5cddda14240ef955d28dbe535f059f8629868782634b84b6b
pdb_8f3n_assembly_1,8F3N,1,https://files.rcsb.org/download/8f3n-assembly1.cif.gz,1,646,646,monomer_xlong,2023-07-05,2ad207f50402bed5d9cae07eba7f08ebecee3bd726c9ee34672192ff6ab40810,560ace55fbc131035bf42edd29f5a65c981ef19779c28d2a4f0e37d09d503b59,0ffe47ebe906cfe13dd91b4256ece417569ea510d9fab7a4d893ebba8f1cff43
pdb_8f43_assembly_1,8F43,1,https://files.rcsb.org/download/8f43-assembly1.cif.gz,1,111,111,monomer_short,2022-12-21,c802abbf8f103cfed29f0a2bfdde6a45f73b116a5c0c18b6c4f7799a19ce3200,5f7a6a6ba4b9bd4aa536ffa8c9f5dc1bcaeb76e0037558375bd79d8a6736bc61,068e8a2cfffdcf7c40bb9a939f71530bbe4936ff6be241ef793e54ba3f9e38ca
pdb_8f5d_assembly_1,8F5D,1,https://files.rcsb.org/download/8f5d-assembly1.cif.gz,1,803,803,monomer_xlong,2023-06-07,b2887c3ebea0678dfd38c12fe46e1af4d51a8f72fdb38b6a2c723bd2f8fce908,eab952b4735bcb115f98857d86ed4f9f539c64bd0efb82a9385dd1f62e564ad8,4d1cf45504344849f33bb7e7d2b95fb7e86c7094e97a55a301ba021812c088c9
pdb_8f6g_assembly_1,8F6G,1,https://files.rcsb.org/download/8f6g-assembly1.cif.gz,1,123,123,monomer_short,2024-05-22,250a0b13b064d7bd76bf9479e584a78b5840c1ab2bb4bc948ac9b1f247eb37de,a9d0419515d6734921c57a74e8539412a95d494c45d9d20b0902cb6eade9ad0c,1d7524e7ff463f4fadf98c7d1c99dab2013cf261c82593f6dc5083b7078c27a0
pdb_8f7g_assembly_1,8F7G,1,https://files.rcsb.org/download/8f7g-assembly1.cif.gz,1,461,461,monomer_long,2023-11-22,3354dd47a63816835bd4a720cfce8faf4b66eec4e117cb918587254db70a82bd,957fa2d5628ad1352770cdccb470d168105cdccdb4b9a0da339301ec3e795659,571dcfc3612d7d1e44609e91bf731268975e0338cefeb534a70cd1d5b76b6fa8
pdb_8f9z_assembly_1,8F9Z,1,https://files.rcsb.org/download/8f9z-assembly1.cif.gz,1,353,353,monomer_long,2023-01-11,1465c50dd0dc560ff529e6d65943617d7ffb2c48186413b1811c93364b549ad8,20ec9d9c95676d7f9dfa22fc3942a6fc6787317841b84382592f4ce53d05318f,b079a3122d6aaa40b7c41d1d452d7ee37cc1680175b0ca199195c3127d1534ed
pdb_8faf_assembly_1,8FAF,1,https://files.rcsb.org/download/8faf-assembly1.cif.gz,1,136,136,monomer_short,2023-07-19,4b001180181d67e3a2da64ff40b9a8af3c05cbc69f0e80a3715472508de3cee8,289739379d29e70c43bf24fb8d848268c220dca1e112f697d1a0d62eefe49320,e63d5ed07878ab87011e509375b8d9493dd4c68304c4133d290764db76970eb8
pdb_8faj_assembly_1,8FAJ,1,https://files.rcsb.org/download/8faj-assembly1.cif.gz,2,265;265,530,dimer_large,2023-10-11,261d5c3c30e40196ee1a99ba76827b151f6480cbfd6d68ca6d6fae825bb6c791,a5ecde61e991cd0da7c607e10b4eb68601c6653fd70e987d1c888e24604418e0,110ce0cb8e4765a44725dff5c2ee432a2346d50f434eeb6ccdff1c0a49196a83
pdb_8fdm_assembly_1,8FDM,1,https://files.rcsb.org/download/8fdm-assembly1.cif.gz,4,141;146;141;146,574,tetramer,2023-07-12,126106c9550eac240fda29c5e6e8c8fc15e7bb12b3a8f4afed8811dfa923d4ba,8e94a99bb2d1357e4446f3ebe904cc2fce547548094735fadd7ef22912cc76d8,88b4db639a8a28e7c702f24658b66011155d076413c79ccdfd2a89217d31960a
pdb_8fei_assembly_1,8FEI,1,https://files.rcsb.org/download/8fei-assembly1.cif.gz,1,705,705,monomer_xlong,2023-02-08,b11cb918983ee9fbcfb5abd247a02f58422efc4f70ad3b3158225491f8056248,69f9354dab465ecbf7e44a898cdfc9d271534a5af7ea0a328bf4b1d1b08cb1c8,88003332c4f79f31418b620068078696cd7a9d303015d59aa91ee5f2354ea348
pdb_8fek_assembly_1,8FEK,1,https://files.rcsb.org/download/8fek-assembly1.cif.gz,1,434,434,monomer_long,2023-11-08,32740e86e52fcaa850d9cd195fb86021416a4c09a23aaaca08cae74564545e9f,61d0c70bc78f840f61525eef9c5a0540adfff769b6e22cf6914da7eb44a970c7,02d4d6df39e80976938abec3a8bd1d1d74259829ca31b1d7c945340b37c413be
pdb_8fem_assembly_1,8FEM,1,https://files.rcsb.org/download/8fem-assembly1.cif.gz,1,366,366,monomer_long,2023-09-20,98063dcdf968355a4d84b13965a43cdd696aa8aec55f2329fb0116577029e45d,743778699883b8e20327414db171ffee7195f0965e6f56d761dc624bad1aacc0,47f5d76f3ad21e55844f45e27f830d5ed2fdc4b71f864fb81c9d5a8d70e62051
pdb_8ffe_assembly_1,8FFE,1,https://files.rcsb.org/download/8ffe-assembly1.cif.gz,3,613;276;225,1114,trimer,2023-03-08,27334a0be0aa57d73aa6fe601cb8c6b5ccbc29b57d3be5d9dab8000421ee7e58,cebf66c4cbfeaccf611294ec3468fc8feda21656d8565fca8b46e64feef2709c,a73d5bfad71bb9a998fb9fc84922fd05982a314fb445f62931520edae3cf29a9
pdb_8fgy_assembly_1,8FGY,1,https://files.rcsb.org/download/8fgy-assembly1.cif.gz,1,258,258,monomer_medium,2023-04-12,11ca93a68acd01171405a06cd37b3f8da06c2ecea3dfdf514c4b3a08a6d5c08c,1683c1f25401f2e44ec2cbf8a93dd2a688b9248a178fb48c562008af0f6a91dd,9f6b31d8deff5de5afafb4b614f6d2573a6300467774e320b751e12925604889
pdb_8fir_assembly_1,8FIR,1,https://files.rcsb.org/download/8fir-assembly1.cif.gz,2,355;355,710,dimer_large,2023-05-31,0be3309c4833a1002e338a63425a167c2d4cfca47e4e7958ca75aa3951009a84,cabed69c2283f781d529b3db27af2bcd988ddad63450ef38aefb6a56543f08fe,cccd652ef4d26109d38284f41dc7755715406f87d34b7e7a55932ea834860fc5
pdb_8fjg_assembly_1,8FJG,1,https://files.rcsb.org/download/8fjg-assembly1.cif.gz,1,109,109,monomer_short,2023-09-27,1a4b24b967ae626dc13cb7ce4d111c3c58eb7c4fdd6e7f0323e3139591ba27dd,26b8a50ac1f4f0074b41eb361eef324a4be8381d22dbe8ec18bfdfe6a7106d17,301af179455454436925665dcaeee2be86c09c07e4bd0f30be3772a4ed3b6d7c
pdb_8fjy_assembly_1,8FJY,1,https://files.rcsb.org/download/8fjy-assembly1.cif.gz,1,210,210,monomer_medium,2023-09-06,b63563340a7e80d91bc07daa056efa3e3259969a169a23e8fb2793dad35c3699,a4e4aab6efe7e21d38563de56ad12797d216e15e1439f90d81e6cc9eda152e28,56def0a02c57b7d5156f694609343fd6cc98814836e25f00310b0d4521ce73e0
pdb_8fpx_assembly_1,8FPX,1,https://files.rcsb.org/download/8fpx-assembly1.cif.gz,1,183,183,monomer_medium,2024-06-05,62366bd85a13c627f5b51a5bd8134adc80307a8dc40419fc6da5f662c6093864,001b212421ef7033814b12414eb84aee952a404b7196ff7ee556b3a95d05e399,5c585d49d169c04a99c67df8469566f61aa5b49b90a69e2b7375914a0525a3bf
pdb_8fq7_assembly_1,8FQ7,1,https://files.rcsb.org/download/8fq7-assembly1.cif.gz,1,126,126,monomer_short,2023-10-04,d3c2e78a12a32179e5c4db0e73d92dd25eac7d918c143ca45d8048f7ed0d48d2,4d961f7388c5309764176231e3a620a574c56dedf0e0230fde6951a413f3c75a,c6f13f512da1f8169ba0842a8bc5dc03275b9efdaec90a995f459328df402314
pdb_8frj_assembly_1,8FRJ,1,https://files.rcsb.org/download/8frj-assembly1.cif.gz,1,309,309,monomer_long,2023-07-26,1fb44c8c90ef26eb4973520db0da1263b4a0dc68c565db227c340404180a0781,636262d12eb62a7bbbb0f2d46834a5f9817d74b4a828be878d78e59574dc8830,c8e69bf82d4aa83138abbf9b816502be2a5727a20897209b161cb34585045487
pdb_8ft6_assembly_1,8FT6,1,https://files.rcsb.org/download/8ft6-assembly1.cif.gz,1,266,266,monomer_medium,2023-03-22,d1f60037380584e25cc015b3a4658747a4967aeb2a54cc3ff30875052d55e948,637fec31b502b369e82f3bf501125deb72db9b94c4e4bd4f4b97294ba4700298,ebaafdd100353bd57175a7fcbe1bc8f880a81a3255c1d034bab22e730ebbf9b3
pdb_8fwl_assembly_1,8FWL,1,https://files.rcsb.org/download/8fwl-assembly1.cif.gz,1,567,567,monomer_long,2023-03-08,a31635b5f740131e39416a964921711a90876661c9082aa4ce207f8d067c0cf8,1d2cdc6d43a57bd2f03ab9a36afc6f1ecda089c9779432b3027705441d39768f,3bad1a18d8ea254e9875babd1613dab375e97859248c3d8bf99573f02ab6ae26
pdb_8fxo_assembly_1,8FXO,1,https://files.rcsb.org/download/8fxo-assembly1.cif.gz,1,116,116,monomer_short,2024-02-07,e02e08587ae80693b49381d27fdbbab7c236ee4c051ec576d2c5e47c1dfb1dd6,405e06b6cf5c1bca4622c507d51dc11d660f4f2d5baec6e1da548f32cafa6911,02d6ea4b0a17f020333572b9328b359c3e4665acf774b429fe2b9b7014fc677d
pdb_8g16_assembly_1,8G16,1,https://files.rcsb.org/download/8g16-assembly1.cif.gz,4,334;334;334;334,1336,tetramer,2023-12-27,d4c2fa582d59acfe952a2a41ef2fc273c5e3a7e51ab8b03aee87644bcb1780ad,ec3fc165261cbcb395e6aecede73f39735c96450e5de41c7e902342957186931,2f1b8915466f11384edcc823297acf2179f71fc45adf10abbe8068fddbe9c3f0
pdb_8g24_assembly_1,8G24,1,https://files.rcsb.org/download/8g24-assembly1.cif.gz,3,117;218;223,558,trimer,2023-04-26,07be2e6c19e63dcf8e542c2319c14662de4b6cd670534e4a97174833ac68ce23,c67a443f9896a2f6eb8754379e54fc06aba70a77fa5330b456e0f678f8c23d77,13e18edfc47dafb641e535cb8b51bfc24f5a027cd2137398ec5abcd451b614fd
pdb_8g43_assembly_1,8G43,1,https://files.rcsb.org/download/8g43-assembly1.cif.gz,1,107,107,monomer_short,2023-05-03,b818769d59cf6fd4f1022afa7f6b60e90feb3ecba9b9867182a471a9039cb1d4,8f4a8c1495f32308f1ad298e65e9adb658b2e4eac858449db661b837653f9b72,6c2320419f8dbaa94c8292988bb75e9e15910023c3e4a35c668ff1d7decd0b08
pdb_8g7i_assembly_1,8G7I,1,https://files.rcsb.org/download/8g7i-assembly1.cif.gz,2,138;138,276,dimer_small,2023-06-14,49b856593057558ddeaa9e12c31b4f6cdf993eb3eafcd62bb89bbe2832233f2e,6984a25ee6f5a8c9db906a1150f787e7a4f34dde2287ccffc70af9c282a726e4,e012cfd691ae4e8b716f9b5081aed7832b202d58bb61ba3197ec80f10f018d1d
pdb_8gac_assembly_1,8GAC,1,https://files.rcsb.org/download/8gac-assembly1.cif.gz,1,106,106,monomer_short,2024-08-21,76773f134a157a75e808832ced1ef6303d762e1b05c08d74fccfa24be9381ec6,317bde5e6d4d92c64f3a6a0426ced6a5886ce02a0b651ed83937ee82b837c112,f1bb705b2f1a1e037514d15cc863cbeec02af181c5b7a0599ff6a3fcff6f30b1
pdb_8gc6_assembly_1,8GC6,1,https://files.rcsb.org/download/8gc6-assembly1.cif.gz,1,123,123,monomer_short,2024-04-17,c9569f006b94b15c9458162ff6c026c56c84ed242de5faa28e8af5ee67957578,2e21f373f3d1aa4746cc85022857545dd8381f080d9c11f1240ce5c11a5bff76,0168e982b6690156133912aae0ebac8968995b558913c96301d1093fa0e9f1e1
pdb_8geu_assembly_1,8GEU,1,https://files.rcsb.org/download/8geu-assembly1.cif.gz,1,141,141,monomer_short,2023-10-11,8665deba5580cd38afb3d55bae4c456b4bb5ea1077377ec959c22e4f4d7633e0,7c2c19e1865cc9697eb2c6840d2f551be58bf8f11786c2a2f87b9e4364389744,cfcdc2239832057124fca71a42f787c221a92d6850701efc08531571ccfbd43a
pdb_8gfh_assembly_1,8GFH,1,https://files.rcsb.org/download/8gfh-assembly1.cif.gz,1,544,544,monomer_long,2023-05-24,e8c5ba55fea9043dfcea2dc93793e7c30e40f58064d56728937be07031668809,7ddb95e837e5d2b9534ab99474cc780be01c54dee1287073ca872dfe9cf295b2,93bb120727b503ab916547b336f4fdc95aa932865da221c0ba1eefcc16ea83f2
pdb_8gl3_assembly_1,8GL3,1,https://files.rcsb.org/download/8gl3-assembly1.cif.gz,1,232,232,monomer_medium,2023-09-06,88f83568b3343d5d1db0b574d6cdb75df79420816e88e488ad425dc992ec23ba,320edb7b63b692199bd4a463082b7ac300963cb2e544ecec216b746bff3c308f,5d10686f60b2f2b79cca61d2a365f186fee9a458ebe91e7dce7be45dd1f81f21
pdb_8goe_assembly_1,8GOE,1,https://files.rcsb.org/download/8goe-assembly1.cif.gz,1,544,544,monomer_long,2022-10-05,3570365aa0d642525e64e6f7d39e22fc514f544d3a6b2b7e4fdf7a245a97eebd,28cf5579f064bb639d462db4bc20e0103f0f5d1f903d38a628cf6558131a01a4,3e67e6b52669b6f1f2e13a24df7c1daee830801752a0a5b48137c5f581fde257
pdb_8gok_assembly_1,8GOK,1,https://files.rcsb.org/download/8gok-assembly1.cif.gz,1,273,273,monomer_medium,2023-04-19,34b2f27353e1ca0499587efe65e160a107b93f00d87db67f8b01ef1f94757515,d6a73959e779d92746a3640c8bf0dd5f003d4a150901ea782e3a9f5ca680ad3a,bceca199717960297554e9aca5705d4fbe3a772dfbdd8c3bbee26a9e5a5e3ade
pdb_8gph_assembly_1,8GPH,1,https://files.rcsb.org/download/8gph-assembly1.cif.gz,1,211,211,monomer_medium,2023-05-24,d4e5ab5dcadf02d4c462d1ad24c4a015b826ff6abca4a28b060bb77b8a756adb,9a66476e582cbcfe1926a79dab9430a51824f5195e148e6e18d611b474354dad,fdd0eb4113148a2b5dac5eef5f49126784d09c23f6b88f4f942878b2e79f8d8f
pdb_8gr5_assembly_1,8GR5,1,https://files.rcsb.org/download/8gr5-assembly1.cif.gz,1,343,343,monomer_long,2023-09-06,50156e88df1ff4d1bebecf2abbafffe2443380fb98e49a3abdbaa5405371cd66,cbca61c4bb3868ee0e21762e108c86ed8125ba6e9ac4a58e097589935761c3bd,cadd33e8b8b2b9c41a54ac8e8ee74417a9b8e69a102c2623c1d56dfde6cca7cd
pdb_8grf_assembly_1,8GRF,1,https://files.rcsb.org/download/8grf-assembly1.cif.gz,4,460;460;369;194,1483,tetramer,2023-04-26,6e1e100961f855b445ea47d50b18682a0296c0f53106dd4cfb54436d3350d84e,ce28de44bac4e299409dba078bce8c0de0ae0d1c1f773d1ca50e5d863f59d1df,a1937db72e2a66a8391facafb070c1b4947184ed72d04f66cf4cecda127c3302
pdb_8gx4_assembly_1,8GX4,1,https://files.rcsb.org/download/8gx4-assembly1.cif.gz,1,407,407,monomer_long,2023-09-20,3eadb44cbd690c5ae4e8b28e0f04f4be359811a68c228e160dbbbf5db715c9af,d9264cb63765a67f32b03e14416b22e15cdd1995b31ac218753c0605f0227c19,78eb52f13d08199cdb5ed1dde1a469be723aae3c61952ebc8d79970279001a37
pdb_8gxn_assembly_1,8GXN,1,https://files.rcsb.org/download/8gxn-assembly1.cif.gz,1,236,236,monomer_medium,2023-09-20,4bfe07ecabfddbb2d33659bc0dcba1fcd63361e0814af41740ab02ca7e5e58d1,97f37f688331961f6b00cc879a73ea95c224368470b5103ba92d25222acb27d9,a5494732c04e9fa8a8680834c0a2ad514daa28eb9e4742746967ca516ae396c6
pdb_8gyn_assembly_1,8GYN,1,https://files.rcsb.org/download/8gyn-assembly1.cif.gz,1,160,160,monomer_medium,2023-04-19,7d157e18370662ce71af475f8ca5283a8acd269bb10cf0253c6f6c249122876d,78b1cbf78e0c408c5a4fa43e29d8b8de80787f703b60781836181c907bb69b14,0eb332560185ce5fd28a9f1cc3b19250de220af269aa500d098e872f1d0fa928
pdb_8h2b_assembly_1,8H2B,1,https://files.rcsb.org/download/8h2b-assembly1.cif.gz,4,373;373;373;373,1492,tetramer,2023-10-18,b641e92df2d861815a389a2bcf5b1a27b0af2dd5ea5270544b535ce01257a2f6,7877b19e9423527d6038094b98ff92a1b9121dd9181b7b4c7005761c5f6ed160,7ae6aad638af5d7292c398fa3f0bc245600b02c6860bc085add3bbf5b472350c
pdb_8h63_assembly_1,8H63,1,https://files.rcsb.org/download/8h63-assembly1.cif.gz,2,462;120,582,dimer_large,2023-10-04,99a8e9b1c185479773be4df0951523238c63c634688cc995b39d6e83be3488cf,9e17ef349e7a7ef8960803d9061ff25c71ee2b0ac83e25a2d94f9e9e9ab5f083,a366e3bb326b0e8ebba68a218f5fb09154ae4cf121a21b5b9994cb531ea4b1c0
pdb_8h7n_assembly_1,8H7N,1,https://files.rcsb.org/download/8h7n-assembly1.cif.gz,1,140,140,monomer_short,2023-10-25,48b8c52de298a5df5be85f96553e75dbaa6333ce5e3105f20d569d9f7abcacc4,b3938412afb86459ec6b3308aa8287fa820a46c82816f5385b1d92eab8d9574b,20cce3dde4c8f6305ecc3e3afebba0ca34954323ed7ac5a0683e7d5bc21f0775
pdb_8h7o_assembly_1,8H7O,1,https://files.rcsb.org/download/8h7o-assembly1.cif.gz,1,281,281,monomer_medium,2023-11-01,21541eb74d25f60cc1ee6a50895cbe32cd2738e59eaaf6677617b46f60952f37,ce283e2c6334e49442b7d9ea253952ed49ee29d27134aa7717dbfebcd3146191,64be8ca55f90c4f842a8b1de95ac9a0e1d01c5916d57a82df3a7cd8a616e41a0
pdb_8haz_assembly_1,8HAZ,1,https://files.rcsb.org/download/8haz-assembly1.cif.gz,1,246,246,monomer_medium,2024-02-07,15354623bf0e0ff39508699cb9311dfaed39f1ba6b96766d9f00cff93a4a276e,76c5e7321a34bb64ca206de0367005040ea4d6139d952d243912fe0c7660ea90,ec570c867d4b920fe97e83134bce3c0b423863aba9a9d9059a21ac6f50a4d7d0
pdb_8hbs_assembly_1,8HBS,1,https://files.rcsb.org/download/8hbs-assembly1.cif.gz,1,409,409,monomer_long,2023-03-08,edc594dbb817d734b777fb8474443179c84d97b4906bc330359a50399c5ed08d,f551c77f22c14fe0cf40de1c878c2d02a16a57929b68a4e7200978af3eaefdf9,70b8dfb050fb8042310f97e93eb3a45c66474012f9d7ea3b80f055ee64a2645d
pdb_8hcs_assembly_1,8HCS,1,https://files.rcsb.org/download/8hcs-assembly1.cif.gz,1,112,112,monomer_short,2024-05-15,9590bebd9650e691fc3473d924fdb83ad87a0403f0dc95a00043c3e9ff7a9215,2e4491664ed2ea38d1ed0b9b2dbcbf51f80ebffa1d772457355ea9d8d8f30103,f8d0a70ccb4fbd9947313e1c5bd502cdb35f8b3fa289ddab844970d2cd985799
pdb_8hd4_assembly_1,8HD4,1,https://files.rcsb.org/download/8hd4-assembly1.cif.gz,1,605,605,monomer_xlong,2023-02-15,c6a42c1dd1e8672931fb05157fba53aa453aa0df5eb65de52b158a240ac7e306,8d97c975e6521a73e55c87d3b7fe5dd3e9ddac30f8d87d64d9fe170eaad34251,c543af680f8f6232fe6f513a2f027017a07d2935306a9dd0f9e488b9f4ee96e0
pdb_8he4_assembly_1,8HE4,1,https://files.rcsb.org/download/8he4-assembly1.cif.gz,1,280,280,monomer_medium,2023-05-31,e088b9be8ef4f5fc6cc4b6c3a7599aad92e741ea363f1773336903fe4dfbf2cf,f6b0676708156dff0ecb0d4572c5f8d747dd890265d1cce5b180033dfb1d84a2,2d0a6570a4a144d30afe8caad465fa6d9fc53a5583144f65f6963ca1ddfb2ce1
pdb_8he9_assembly_1,8HE9,1,https://files.rcsb.org/download/8he9-assembly1.cif.gz,1,255,255,monomer_medium,2023-12-13,cf5de4f47f4de7d9432c77701c69687c04e6ff07ca1980eeb71d8fae0e549e04,841485f1f001d27116e540e0652c84271ffa3e391ea66e59b2be22e3917e3c73,7907139b37182cd9b09a6c67f8b11123210dfcf8cd0c200c174daff2327d539a
pdb_8hea_assembly_1,8HEA,1,https://files.rcsb.org/download/8hea-assembly1.cif.gz,1,246,246,monomer_medium,2023-09-20,876aadfe6280b2623550cbd70dfe5428733124e36ec199e85f361d1186114618,66783f848832c81c56454657cd8a072b716b2fe2c37482acdf7c27ae00e2d59f,0009d11ed25475c6e1d0ceb87ab29f168215549a03792051751c80b01aa39593
pdb_8hfe_assembly_1,8HFE,1,https://files.rcsb.org/download/8hfe-assembly1.cif.gz,1,617,617,monomer_xlong,2024-05-15,7f69aba6b465001d13b7bd7589de4d14647de313773b2cdfa0446b095330ee08,f1a4762676942b0718f7c56e59d535767f9be32387e834a3f553e48f7deb1383,b51e37841bfc41a9afa3d5c0dd449fb1f8dc9b9a150fc221dda8b8df71fdeeaf
pdb_8hfk_assembly_1,8HFK,1,https://files.rcsb.org/download/8hfk-assembly1.cif.gz,4,279;279;279;279,1116,tetramer,2023-06-07,1e10aa023eb0e4bf0d2d8befd9401808e367f040cda1359691a1785197d80cd5,6c87f3d7956bfb34208a097dfcfe01709ded090f1d7b564df5a2beac59155890,f61342ab8b511905950ee246f9368f64d8d14b15cac9bb6cf23a47da5db87c87
pdb_8hi5_assembly_1,8HI5,1,https://files.rcsb.org/download/8hi5-assembly1.cif.gz,1,667,667,monomer_xlong,2023-05-31,2bae17a117d02bcb2d2a06b05a3da2b0cc44b75f04044505c2f6a615fdb2e75d,7931d1ce559e4ed314e054d227539133ef5507a8427c0763c85f298c0410c384,1f1847575176dde4d93269a0d32d82c074f00397efb1358704148a5c235ee956
pdb_8hj8_assembly_1,8HJ8,1,https://files.rcsb.org/download/8hj8-assembly1.cif.gz,1,609,609,monomer_xlong,2024-12-25,76eea4afc77b32b2d949c5d7a1c30d2023e26e9ccc18866ebb8155f17a1f9b17,4317b71622e62e6c7c24c446933d7f6ce1f2f6d6059b3b88c4c702d42cca83e5,e0044da57508397db92850224c7f478d69db645b9aeeb13c93407098f0e4629b
pdb_8hln_assembly_1,8HLN,1,https://files.rcsb.org/download/8hln-assembly1.cif.gz,2,200;175,375,dimer_small,2023-07-26,c4c2c149bde4fe8b7b462c1f2e1feabb6819367b87cc37f1dcec3bbf04a8a97d,dc99ee26c8fa1e029dbd683792ff4684e0a3171e405b60c4cad996fe880dd0d0,3402736f3ccc73461bf0c244f493ed0fdbfae3c6bd1d096f49fe94a2389d5731
pdb_8hqw_assembly_1,8HQW,1,https://files.rcsb.org/download/8hqw-assembly1.cif.gz,1,311,311,monomer_long,2023-12-20,d63f8fea968d9e78e587e3878609f461f66f5ecf72bd3e456f3c859690eb495d,ec274ef7717556f8dbe6876397f2ce1f7285e81549d9118d943df9fcbc7013e5,9496e297a0efc1472cdfc78d7418a7d85e848180cef88d31d80ac5175acd90aa
pdb_8hrm_assembly_1,8HRM,1,https://files.rcsb.org/download/8hrm-assembly1.cif.gz,4,119;119;119;119,476,tetramer,2023-12-20,a01187bfc76cfeb472a063031f37e2ecbec92c81f5b48a3494283f073e259888,f1070a9775e1408bb6129eaf0f2bde3b537ea953954597b4fab15f856145ef52,6fe533859b157213b37852bc2cfa013d0fe94d63e962fcf992cf8ac16ae03008
pdb_8hs7_assembly_1,8HS7,1,https://files.rcsb.org/download/8hs7-assembly1.cif.gz,1,126,126,monomer_short,2024-01-17,f9fb6154d42ea29370c8850151c82821bcfb089eab47109f1d994d536a31f71b,27a7eba3834509f390bffa7a2cf332e5e2f1413e29fdb2d5cd7b2ebaba51b5f9,dda6497cae99535d76c0595d57adbf9abb2cafcb184df17ee8336e6816654c1f
pdb_8ht3_assembly_1,8HT3,1,https://files.rcsb.org/download/8ht3-assembly1.cif.gz,1,104,104,monomer_short,2023-07-05,ba80801b68a302f1ff259c249550e8e7662e6a55c71cf0a5b3f7387246030a2f,675a1a2bff3ac5a52013d76c21bebe5216834a128c255de400d55d81cdadbe41,8cb2f690504a8b1f5375d9b330a47774483fb3dd6bd6143c0f2d78c4908c30d6
pdb_8htr_assembly_1,8HTR,1,https://files.rcsb.org/download/8htr-assembly1.cif.gz,1,171,171,monomer_medium,2024-05-15,4aff6c32b3ca776589395dea77120366591752dd9e4a68470247df7a748759e1,f53ffe0c32175ff70ebcfec0bf84a9f212c39496a984f11b1257b5421af8b14b,e0cb9976c7fd54f6abdb66344da09580f713a575bd884c9b4c7375372a019a5c
pdb_8hu2_assembly_1,8HU2,1,https://files.rcsb.org/download/8hu2-assembly1.cif.gz,1,163,163,monomer_medium,2024-01-17,f59a8038802706a6c8e9a4546263c54a4acce4f979d8b20f205a58809aca6158,9b33a41fe6cbba8e1cda4ffe4e0049b8f9b3205b8034ec5cca5cc22d494faca8,9139a5dce9852a6a045e1689b4e62a9a5c75cfb4ce0330ff977ee3f1235ebd01
pdb_8hv8_assembly_1,8HV8,1,https://files.rcsb.org/download/8hv8-assembly1.cif.gz,1,331,331,monomer_long,2023-12-13,df743d83b70f4d23151aa42dd1cba0ee7adc84b9b0af657bac24a9c14c609246,0b61d9682e34277eab98bcb077050ca5b46ce7641f5f9a93d14de79d51097944,c2923a9f35e85b085f32c4ffc8c0c6c31fdbf9bda076d75b602365c35849fd61
pdb_8hvb_assembly_1,8HVB,1,https://files.rcsb.org/download/8hvb-assembly1.cif.gz,1,614,614,monomer_xlong,2023-12-27,60b64c11b584f312a68d5a7dcfcd7d107549a1bae06d58187c7c2507430b880a,5151740646f99df5056781623baeab0e1da718873e6ae19f5fe83bf45edea364,a6e28fa068fd220763b4e1280c6f2098238120da1abf34056f10e2a7cbfdd28f
pdb_8hw7_assembly_1,8HW7,1,https://files.rcsb.org/download/8hw7-assembly1.cif.gz,1,356,356,monomer_long,2024-06-05,9020abc948f99f007f6e206f76fb47c2bab25114033f6a19a2cf9112d12333e9,e689a814bd5a663f05834a28bfb42f36b3512fb7e028543e09ea96860420a42d,df5b76d3f5a3dca83ea16ba6917547de5f045f7a7c4b998a40e0547ee3b28a55
pdb_8hyl_assembly_1,8HYL,1,https://files.rcsb.org/download/8hyl-assembly1.cif.gz,4,170;165;170;165,670,tetramer,2024-02-14,66fe24296a9bf74cbe913208faff523aef8883104f83f383f460ae3d3812902c,81e37ed7043db2ddcaf23645596a91c0b8c197c1662ce6d208b18d3de9f2c08a,76f1eb17cb6221bf64f21f7ab8aba5c8d2e0e2634d66e5109fcc703d74aad4a1
pdb_8i0b_assembly_1,8I0B,1,https://files.rcsb.org/download/8i0b-assembly1.cif.gz,2,301;301,602,dimer_large,2024-02-07,b97d02fb9f8da786eb9354d50a54947968088ea0d552288fd69a5ad47c3cb23c,d00feb13043898950b9cef2acdb26d471a3ea16e3934de4f35be0000781cba06,ca0a71746cd171a9bba275584f2ee0cc6b372f4328eff0e5ba8e394b04bc6468
pdb_8i0x_assembly_1,8I0X,1,https://files.rcsb.org/download/8i0x-assembly1.cif.gz,2,520;520,1040,dimer_large,2024-04-24,d14924c591a27bffd1d6ec05ac9317a6bb33e394702de0f7174a211887f02396,0a635dd07da803059b27ea21b85e3d484d2b5dc45ab863bea6d722e9a98460e0,871b8d0106bec156a3244e47ae74e0c81fbe6c224046f1a33bf99ca8bde11c2f
pdb_8i2d_assembly_1,8I2D,1,https://files.rcsb.org/download/8i2d-assembly1.cif.gz,1,117,117,monomer_short,2023-04-19,65b9bbebfc283818c06ccabd5fae226ea5aadf1b2510b2073cdc727b380485e2,2340b0990f335f2131c2672d372f87a29b26623830596b8df2a63fc7b454a233,4f6ddd32bd52684795c27cb0dbc4f9f1470909b03e94c69b9396f5ea942f7216
pdb_8i3p_assembly_1,8I3P,1,https://files.rcsb.org/download/8i3p-assembly1.cif.gz,2,198;198,396,dimer_small,2024-01-24,62af18025a33eb901b22d4cb261bfd2b4bd6aeee54abd28ba12c8e64a0504aa6,e47e744bd822ed5c7ef710e938cf9e0874848e751d6c45e9fbf2630212e52d75,0d9c94840dad52df26c4264cc8f3708fbc6404279073d747e4dea32ba62cb2f8
pdb_8i3x_assembly_1,8I3X,1,https://files.rcsb.org/download/8i3x-assembly1.cif.gz,2,71;71,142,dimer_small,2023-11-29,e0970a078d3292f3ad7b15a23a32c5f359be2c17e5f2a68b8b8b492bf0e39d9f,a02d1d93bf574f045b0eea9e0523bb1c300caff93c57a0d599245b97f65de665,77987a77f3c2242eee5634b1cf2d4b10229e12c0f6a062804fe009215de63ec5
pdb_8i57_assembly_1,8I57,1,https://files.rcsb.org/download/8i57-assembly1.cif.gz,2,143;143,286,dimer_small,2024-01-31,728aa810f1668d4e0ce360a24c73054c110ad79e1bcc1988f2531f44545fd19f,b6b5d07cf9ed0950ef64bd7144924574bcabc0d2aac41da3828d1a026f3297f3,7163ee26907352a589ad7620fe5bc5918191080ccdc423ea517ba9ac9cd723bf
pdb_8i5u_assembly_1,8I5U,1,https://files.rcsb.org/download/8i5u-assembly1.cif.gz,1,799,799,monomer_xlong,2023-05-03,fded0d501dcda8bad4b287ab068b99799281e66bd72194700de6553eb088e2cb,6ed5a59dbb9ea05e934d4c90ec5122bac972ce5492630548839b2fbe909821ab,5605f3214e1cddffb7830085a1f1fa7b307c9f671d399081e0e16e5fa1a8593b
pdb_8i6b_assembly_1,8I6B,1,https://files.rcsb.org/download/8i6b-assembly1.cif.gz,1,238,238,monomer_medium,2023-07-12,75050c78f791c000bc61da7e92fc4b8058bb6bd6838983266c8bc53fccbe3657,12e57f7f17c2e1077361e22c10a8a8393ff76a27e691d225dae687174e60c45a,260c0cca1e05cc8aacbe9fbbcbd0a61a41d6514502b80bf5759187edf699a807
pdb_8id0_assembly_1,8ID0,1,https://files.rcsb.org/download/8id0-assembly1.cif.gz,1,776,776,monomer_xlong,2024-10-02,be80ba4ac4c5bb2068a438ad6cd9cec2457c93d555e9cd2e80f30b687bd46408,6814a09aa878d592051cd393371faf792a0cae0f690e3fe617226c4105438bd5,903909c9833e4109ed4992f2d24a0f9c7266560eb4d27f9a9dff15bab1ff5bde
pdb_8ids_assembly_1,8IDS,1,https://files.rcsb.org/download/8ids-assembly1.cif.gz,1,563,563,monomer_long,2023-05-03,245facf9173f07509b6d2f0639ae7b4579328f00654d52b0fde95b36d4824d2d,d17a38ce2e5e50a6920fdd8311e499e0c164cc6c31716c6fac9392c35989a703,2364a6358458eeb8c28334a7f0ed9b8c066070d00cb71d202df180e68c580dd7
pdb_8iha_assembly_1,8IHA,1,https://files.rcsb.org/download/8iha-assembly1.cif.gz,2,129;129,258,dimer_small,2024-03-06,d88f26de25276290af40d038c988dc1f1e43c8aadfc0ac296b1e8b5228e96945,b4c5e56777baae821323e2a917e9702b23c75c11352774722e27d94bdbd2294c,369bcb31c3e497fe4c8dae049342f969d896b4ec588585e79d19a07e235f74d2
pdb_8ii1_assembly_1,8II1,1,https://files.rcsb.org/download/8ii1-assembly1.cif.gz,2,159;159,318,dimer_small,2023-06-28,168ebb5b839899572079e368a5e98030832761688fa78877809e4bf497727823,53d08ee81bcc72ed01ec08ac6b943e87436fd9ac1a2e09cade323f2a65dd3e51,ce9d62ebc1e0d418181f8a00681cc952d46f6c88f7a2f521b67e3e2346b2d6c8
pdb_8ii8_assembly_1,8II8,1,https://files.rcsb.org/download/8ii8-assembly1.cif.gz,1,226,226,monomer_medium,2024-08-14,27ba4aa926f007b04d64175d1a280dd0e635e7594faac2c049bb79ebacefd1ff,df099140de17501816f9d7bce2080dc1b787343d52fb84332e3d9d165051028e,57e5dba8abfa6e5fe994636f8b6b98f3dca11b7056a884ec2467ad59a5d5ccab
pdb_8iih_assembly_1,8IIH,1,https://files.rcsb.org/download/8iih-assembly1.cif.gz,1,207,207,monomer_medium,2023-06-21,13a36d05c930f12066bec1c3e9d15c20dd9ad82fc7af7b990a8c096afdcaa83d,22c7794974d0e456950e99adab017001b0c112183195dace8de0e03a9836d9eb,ca1ebc63b7b6cc502add7f1d0fa30c40ef88ae1553f282247533872532e8c2bb
pdb_8ijs_assembly_1,8IJS,1,https://files.rcsb.org/download/8ijs-assembly1.cif.gz,1,126,126,monomer_short,2023-12-27,41cea1877287eb0049bca7877541be3f6cef9fee698463c394dd8b896fb5d10f,ef6c572ee8c7c18d29840f58ddcb1e48213076b121d058486e4f89bcbaceebb2,fb272efa7f52fd087eaf413b21105ad022667268ab203778abcbbbb5d8f0c6d5
pdb_8iqa_assembly_1,8IQA,1,https://files.rcsb.org/download/8iqa-assembly1.cif.gz,4,243;243;243;243,972,tetramer,2024-03-20,6090601e4c5c63060329867e4ab412adacf297817f3cf97f5c7be506b97c82e1,ab9121b97075527b92467d64503e665772f28d349b429fbbca612618d7890e1b,0c01c623fcaff24179dfd54935a2bd242efb07728bb1eb36577bfc631183717f
pdb_8it9_assembly_1,8IT9,1,https://files.rcsb.org/download/8it9-assembly1.cif.gz,1,491,491,monomer_long,2024-02-14,e0e6e0bc215a397ac17c60022fd099880722502cc1a4a6b47fa079156d870d0b,3c6f6d6704957ebf6a9f7870c9127ebf51e6bc441b7007acca34139c752ad604,41bee1080f14abab55cdf608cef4e43125532ea7b2d644932645958076ff0049
pdb_8iwi_assembly_1,8IWI,1,https://files.rcsb.org/download/8iwi-assembly1.cif.gz,1,106,106,monomer_short,2023-05-10,bfd6e8521d68daf0596305c735e01cde4ae4c9a079b99ddcbc2f786e82f7e0b3,4e0408ec2945214afcb738a54b8db8ecc4cca14a4cf1a020f522b1bed9638a71,ac5ca6bd9aee548564df5fdc3c56e4762adc7898aadcf550f35b767f22424309
pdb_8ix7_assembly_1,8IX7,1,https://files.rcsb.org/download/8ix7-assembly1.cif.gz,2,221;221,442,dimer_large,2024-04-03,8aa64308c856225ef87976289672de2cfbf20bb7952985e69d15caa35ac7b991,563954801d776ea2f4e77abf2d8f2b8a28a6c4bbe7e86f777f1bc5afb8ebcd3c,783b54c90d86d56bb8089071906979d8319c14fc0acc55f0d806faae61e731df
pdb_8j4b_assembly_1,8J4B,1,https://files.rcsb.org/download/8j4b-assembly1.cif.gz,4,104;104;66;66,340,tetramer,2024-02-28,13fe217bf1f990d8dfccd5d93dfe7e4578e75f3822031f52e84babae293e76a9,1ef203338846a1982730bb6ea2225c8c72a9bd65349fcdb55cbbbeb2403a7c4d,e294b7be096cb8168cd491fcd33a31dc9abbe2a180fa91064b215692f76cc2cf
pdb_8j4w_assembly_1,8J4W,1,https://files.rcsb.org/download/8j4w-assembly1.cif.gz,1,149,149,monomer_short,2024-10-09,0182a9e36679a364857cd9bb291ebd98c7c4c60a4c0d934bed20bce6703c2d11,e4707a06e6653faece8019df9e3bcaa45bcffa7c18a0ae0e14f165f76ca4439c,71aeeb05a982388ecdbe04051cb188cd652dcf7b80fdf08f2f76cbb87880235a
pdb_8j64_assembly_1,8J64,1,https://files.rcsb.org/download/8j64-assembly1.cif.gz,2,185;58,243,dimer_small,2023-08-30,77571c7601113bfd14d78123c72fe7a33280061f79f3121a5fd789d7bfc646c4,2f86305744d3bb2b34968569bc72d8aa044a32e8ed80d7753f328e8cd6c921f3,bd76d9f8519f448593a3e5c045b0de60d770adc3cc68e23ff9683b7f493a46ee
pdb_8j81_assembly_1,8J81,1,https://files.rcsb.org/download/8j81-assembly1.cif.gz,1,100,100,monomer_short,2024-05-01,1bcdf2177b6aaca30b24e1eff1ce3c9402ff3d66d05f9cbd9a8572278eaa8a89,4bd060533eb1ba98d42c6f0ac226169cb86d741144a783d2461ccbe742b64e9e,531cde520c7c9bf293e938d425bf2fe457ff0e2635d27063a2c15ef5b230143f
pdb_8ja9_assembly_1,8JA9,1,https://files.rcsb.org/download/8ja9-assembly1.cif.gz,1,468,468,monomer_long,2023-10-04,522cfbe93e9bf6fd84c909c362228beb8372e4032bed44886f87678d61627fe3,a37759efffb50f2ae83b6ec75c24c1223d20039cbdd17d39477d2de60aa81e50,603051620bc60d5a89df3b55bc8b00b302388a1f22efb1ef71de7667e785e162
pdb_8jdh_assembly_1,8JDH,1,https://files.rcsb.org/download/8jdh-assembly1.cif.gz,2,166;166,332,dimer_small,2024-05-29,50697cef0317b842dba8670b00cdc7da305e1e7c70490fb7bd3cb5154e232a3d,6f059d0263c639ad1cec0e7281aa4b9f5f7ef55384ad2b16c8d0f35f0f90960b,7e45d739b678ca9cc27712fb939d293542b96ab68cd79a551752ad9e3180d72e
pdb_8jdx_assembly_1,8JDX,1,https://files.rcsb.org/download/8jdx-assembly1.cif.gz,1,471,471,monomer_long,2023-10-18,e8861525ae478254f692c4b7c6c63d0ee6c8c8dffacc1f974ace90ecd97d9aa5,88afdf2d91a255f66c70941ee08a8d2508a6154d57b66ac1a5e29330b2e87696,4b4e8760194602cd52e294a4c50f8aac9da9056fb783a3e10175c92a9e1a3288
pdb_8je0_assembly_1,8JE0,1,https://files.rcsb.org/download/8je0-assembly1.cif.gz,4,387;387;387;387,1548,tetramer,2024-03-20,2deb9621d9a7501b42d902b2f854b2dc8cbcf1b5124182687ef9e31324fffade,7302f5831daca0dfa4fd3b9583caf053a2a8c5c82102b00382419721f53bfe42,f50b35dcf40b866d943297eeeb70afaf68a7b9cf6ec86c1dcff1af9b935b91ba
pdb_8jfx_assembly_1,8JFX,1,https://files.rcsb.org/download/8jfx-assembly1.cif.gz,1,263,263,monomer_medium,2024-05-22,83ca909c23761ae2eac6507d12c5c372ace8a64800de04ec573c4b3497c182b2,5d688f49dc828f677f345a25405f55c4228b9e736e78952a89dc65692a079b46,01f4f3fc5ab7e3056504e9454a61e0651952c4e2efbed0365b716d1d89b12013
pdb_8jiy_assembly_1,8JIY,1,https://files.rcsb.org/download/8jiy-assembly1.cif.gz,1,241,241,monomer_medium,2023-09-20,702cc1444ffc7c8dc900da139b266538ba2fcf4217b8ea3064e8fe4bf1c547cf,c7304972a5b26814d385451f20d689153e6c82ee18bcb3afdd785084ded6b861,6a66f8ab1a6037327ec2922a0aba268424dd980f0311cd309689a0fb2841ae32
pdb_8jjh_assembly_1,8JJH,1,https://files.rcsb.org/download/8jjh-assembly1.cif.gz,1,204,204,monomer_medium,2024-06-26,a01707a6db4c7fba7a617bd7114159ad67bcbc2e3f42cd22efe7987c89f16e4b,fadcd2409ba47579c62b381d689ab98711d583df82eb63d73fb1ceae023a5de2,33a47ffaa1d1b2cfebf12c8ab494972d7bd9f29a30b623dfdc2c9efd40f5093b
pdb_8jm0_assembly_1,8JM0,1,https://files.rcsb.org/download/8jm0-assembly1.cif.gz,1,540,540,monomer_long,2024-06-12,cba70676d029faa14d856caed8b81461316922d53413b71b905e291e692d7fd7,63c08245d90be3384e45c336fc76a0065a34f5bb9c3ce0aed7e4e896122401b6,2d08ff5c5e6b4f668db50d5fc00c0291b596d924a6c5c0340c28af6a06147c74
pdb_8jn0_assembly_1,8JN0,1,https://files.rcsb.org/download/8jn0-assembly1.cif.gz,1,89,89,monomer_short,2023-12-13,1027d3e9d8b44294c85e6086d9800d78bcbb73293206c9404045a06503f4f1ae,99f6c8227d7c1c85f8f9f1f7baea600d9777e725d21418f64df6b7837ebcb14a,277ce9503d5f50e55ad5895f2184a3c82138553ab5f133b43d9b96a5befcab8f
pdb_8jnb_assembly_1,8JNB,1,https://files.rcsb.org/download/8jnb-assembly1.cif.gz,1,94,94,monomer_short,2024-06-19,868c57e5923ed8eb2e4f5bf6af053f13c8a0334e79915eaeed66ccf4e3eb5e95,77d3696ee7e91d4bf26d96f53f36dc3aeef455bfb11a20a4cf947ea00b024bb0,bf6866a9bb83b65746be2fc3f1003caf65b8f5d558c1a9562fb23a364195b163
pdb_8jnt_assembly_1,8JNT,1,https://files.rcsb.org/download/8jnt-assembly1.cif.gz,1,77,77,monomer_short,2024-06-12,aca87836579eee6d885cca9b605764bfac948eef4099210df4f2ad428002b9c9,39856fd6ebc663a67fbd92879d130712ba9be880837a90b001daf6f5217bb2d3,cebe60460d2942812c3fe7fd3ab513c4ed9cb3a7be06e5973df92dfc49ccbf33
pdb_8jot_assembly_1,8JOT,1,https://files.rcsb.org/download/8jot-assembly1.cif.gz,1,354,354,monomer_long,2024-03-27,443a3a363b74162f8bc663566c3b8124841c72b094ac4b139a107a15d9c015d0,10c8808aad5a1c26a5bf1ada395ffb91d435d9ec814edf43594c096c9d569ccd,c370842504069d9a8bf08aa75e837dc20d1e987a28f416fdab4651839f2145fe
pdb_8jt8_assembly_1,8JT8,1,https://files.rcsb.org/download/8jt8-assembly1.cif.gz,1,376,376,monomer_long,2024-02-28,a09f0893b5747fc655fd94607997c8cd29ec1f4f026e7f5512204d71e2f31f23,5a8327ffc87d96080cd5241c4dde170ece77694cadc906f9968c298d4e1c3c0c,d93ebbabbf173533660a2e74cdbb057a6e1f7a3f3b387e82efaf293fb97f33e3
pdb_8jtn_assembly_1,8JTN,1,https://files.rcsb.org/download/8jtn-assembly1.cif.gz,1,58,58,monomer_short,2023-08-09,63008ad734d9fc1d232a22f25f0ccf72ff69d3c2926cd97bf576c4c0f8022ea2,74c430a0fb387706d2a96ca2e7fa8c76e02719c68438735781d3c1a1e4857404,9aa40220767db6cdde38730ab74b9120bbcc989e87c920bd8224d925966eb256
pdb_8ju8_assembly_1,8JU8,1,https://files.rcsb.org/download/8ju8-assembly1.cif.gz,1,139,139,monomer_short,2023-07-26,d3107c9e1d53e6774759071a94ddb54a74696f5c77778e4466ba08c8985c9a30,120e76f5d238d0e04be52a46993ba63171391f341723d245aae139e8acbfe12a,1aa19e258a8e2ebebf1407fc79f3819d89e50ffbaedb4ec51392bbdabd1b903a
pdb_8jv3_assembly_1,8JV3,1,https://files.rcsb.org/download/8jv3-assembly1.cif.gz,1,361,361,monomer_long,2024-07-03,69778b56737a9e434898fa613f575131768eb77b5e3819ad99040f363806cecc,db99cbe50367db944de4ff84029c273a2b581c986fe42c5f367bf28da9fdad7a,c0c7323166af74a6f35f89782547bbe9661f58f5e263d261637ff50ab613254e
pdb_8jvf_assembly_1,8JVF,1,https://files.rcsb.org/download/8jvf-assembly1.cif.gz,1,177,177,monomer_medium,2024-06-19,161e2895e3f4ccb4b8daa3feb0cd598ce1db887ac405c81bb9f1aef00e4ae11d,1e7bbe1b78b71e1bf4ad168fc706ceec0dbb0167ac0e8c879008a5f0108faee7,f89d2a833be8ba9cab6fc2f0c16ee51bfe7552b51e3e42961314a13f47eb43ea
pdb_8jvl_assembly_1,8JVL,1,https://files.rcsb.org/download/8jvl-assembly1.cif.gz,1,156,156,monomer_medium,2023-11-29,389eff4c703454e501775446bb2290899c86ffc1d3020c926f83ebc64c5441a4,1f2c0d20d6bf0dc23de646d7b3099741e7a99f62028fa6194023c9f24bd55b83,33fc3e654f4b3974006e32347e0351836de21bff88c75c19c2811d218e853d56
pdb_8jwv_assembly_1,8JWV,1,https://files.rcsb.org/download/8jwv-assembly1.cif.gz,1,325,325,monomer_long,2024-07-03,abbae1e6b30151ee921d87d546e88e54ab054250042eb1a74fdcfe3e9f43f3c2,820d6edae8e8c21f0120a9d21b040a58cf01709ad0d38bd1fd752bb5183010d9,4979d485698c28fbe152e5a109d5bf82dca7f4f17b9f3b0c90d9da12cac42b0c
pdb_8jxz_assembly_1,8JXZ,1,https://files.rcsb.org/download/8jxz-assembly1.cif.gz,1,517,517,monomer_long,2023-11-01,71f6951d585e58ba9189ebfe8cb1c7bac9dc78d937b891ccb388b53d96e2f54f,5558e14ac7a7f6bc6567860ee3c1889be0aeb22a7436b7748b6cdd5398fed462,67c9be7f8612e26338d45f8bc9cac7d9be132d8a390e8d0e6e970d9d8696ef74
pdb_8jyc_assembly_1,8JYC,1,https://files.rcsb.org/download/8jyc-assembly1.cif.gz,4,218;218;196;196,828,tetramer,2023-09-13,2cf2a9c133fa12c26bda9d7b5ca84f9a83fecca918537f66aa073c8de8a12749,a822fd11225b6f38001515e00776138ba23168f2e0d028df578177d57ce799e4,fb454a64565a3560d1f5acf93403f3596032722297cb0627428916dcb4b440f5
pdb_8jzc_assembly_1,8JZC,1,https://files.rcsb.org/download/8jzc-assembly1.cif.gz,1,197,197,monomer_medium,2024-05-15,9b0e482ed4f2699924fc67324ee1b2c3e2edb8a09a7036fdd3942f56f97ef6b7,68b7da8c1718743106c795212f0f700d5195abc8d6d61d4342d1902c6162f49c,ea7f0e527f4a9d3184e01af9cfe16ea0743252ea43b422210af88535f76476c5
pdb_8k1w_assembly_1,8K1W,1,https://files.rcsb.org/download/8k1w-assembly1.cif.gz,1,125,125,monomer_short,2024-07-24,6c64d8331a62d19cc076c7a4071b45fb89d4a426527c0483ee2371d555de9934,8b70181c58bcf4060950e02c75f9e3d71dc1e1eb738efdca8772fadd131ecb8e,84128daf203f19d20eada99307f16da4a74ed67270ef6f64c8e59127b8d848f0
pdb_8k2y_assembly_1,8K2Y,1,https://files.rcsb.org/download/8k2y-assembly1.cif.gz,3,386;386;386,1158,trimer,2023-11-29,f7cad1616d537558a07b72744900ee67a2f5e9681df1bc7357a9cab6923f2b79,1db529e69fd75eab32754fb6badd1f7df0ec157e798683a200c17d8941343f07,9e57271f237bcb5f47c856def4baa1e9b820d72105801b8a29ae3604e776a928
pdb_8k3c_assembly_1,8K3C,1,https://files.rcsb.org/download/8k3c-assembly1.cif.gz,4,216;238;471;471,1396,tetramer,2024-05-01,2e10979f56a4fa9f5c245249195e6ac21aed1c3baaeea59f7855a456361accc9,35da4baa540c74a69c09af2cf3cacfcd3aebd2de0bbee0434e199615599fdb24,51f777916a303f5a9b6ef3f7c5d632003632321b79879b5f86a8ce0c68e1c8b4
pdb_8k4m_assembly_1,8K4M,1,https://files.rcsb.org/download/8k4m-assembly1.cif.gz,1,137,137,monomer_short,2024-07-24,f29c9e1e519bbff26a794ac3ca75e067ce335a37d761ddbdeb18354826c03fb7,78240aa47c19bd92197d7012f105ba2c699cbfe975fde2ef1f8525fa9919f202,6665cda819fb966ae06eafdf2f121a37ac9165ec46f677f426209d0f2c877927
pdb_8k4q_assembly_1,8K4Q,1,https://files.rcsb.org/download/8k4q-assembly1.cif.gz,4,214;121;214;121,670,tetramer,2024-06-26,bb58f8b8ecb61e66f537d56b3293f04ffc12e42da486d76682b74aeddd2e8e9b,268e005c0e29855dc99c28c58dbe53c2de094bf20ea1b46829bfc8fe5d60205c,2dec2a926c7cd57d4dc60c7b6f782d37264c8e9fec9470b26eee3d69843bbb0f
pdb_8k5k_assembly_1,8K5K,1,https://files.rcsb.org/download/8k5k-assembly1.cif.gz,1,427,427,monomer_long,2023-12-06,afbab4982c5f12ff6e01a4fff26629415293f1c42e11f4cc2853cca0357a0a3e,1f342652af6b889d35c3e771fcffce32bdfbdcb3767c879f90b1f2524ee67c0f,a55ce7d5ddce786071bcb322925d78108454c0744ab2acc2d80e58bb90e4fe7e
pdb_8k5q_assembly_1,8K5Q,1,https://files.rcsb.org/download/8k5q-assembly1.cif.gz,1,163,163,monomer_medium,2024-04-17,d2f34a1fdacdcee5f93a75a5ba6e5c07723f26bed7f8c072f20f928c28c5fbbd,2a6f3647022e35c49da35a0b5928f9950002e6dafaac4a1fa8cc746b47502657,1986bcf2412a964bdf7a065eed655a90e053b18ba31a4ba9ff275b1cdfe98860
pdb_8k75_assembly_1,8K75,1,https://files.rcsb.org/download/8k75-assembly1.cif.gz,1,141,141,monomer_short,2024-07-31,fdcb9f395e687af4ebfd1ab7949b425d76c318ed4b5d9f12af260e8b09e135d6,1282c8a93e6e70503f5a0a858b72921d3e33b9b2fe800ce863c6bcad957a1dbf,5a36722251c149d0ec0c042d88b4ff95e91e58acd7cf192e56887be90121240b
pdb_8k76_assembly_1,8K76,1,https://files.rcsb.org/download/8k76-assembly1.cif.gz,2,249;249,498,dimer_large,2023-08-23,70297583d9c5106230261cae1df0a7c2f90aff052d6378347d47ac667c08ea71,a737c73167e676d06348be01cd34caf2db1a66698be94848fb98f72cd4ca7b48,4f9b0d07a7e627c34687b9bb9e44d474f492646e17909f9b2b2a88f2d9a17372
pdb_8k7p_assembly_1,8K7P,1,https://files.rcsb.org/download/8k7p-assembly1.cif.gz,2,408;408,816,dimer_large,2024-06-05,13e27787ab2826e21f2ac1216252e7b7af86c7ee476450a1e6382e36ef53fe58,9bde3f25ac9ce1b616ce61ef30de598912312e3f6d8d5235d0ec88b863680911,1517e01e816aa1d8068d6be1c0d483cf82126fd43f7de22ffe05827f011c9606
pdb_8k7x_assembly_1,8K7X,1,https://files.rcsb.org/download/8k7x-assembly1.cif.gz,1,856,856,monomer_xlong,2024-02-21,e5bf4e1bfbd17582539376989126ea76f7256430ee478bd445eaed6541f078b5,7b0280b1df801c343469e003502e33d1dd444682b3283980ca00036ecac7f526,81e68ba19447f680e6820e2d6dde3346cacf77c6ada6e135cfa390fb7e4de18d
pdb_8k89_assembly_1,8K89,1,https://files.rcsb.org/download/8k89-assembly1.cif.gz,2,98;98,196,dimer_small,2024-03-06,7746cd4340bd81b44e4c176441073ff5c53060619a192081541126b5df2c5495,73a877ec5580ce2dc8ed532714bf9bc9feb9cff3e18f3164c6734fbee547eafd,e5b23faf34be5280af9d17ecb36b331e5e451aefe64bed2540530a02b428d811
pdb_8k9n_assembly_1,8K9N,1,https://files.rcsb.org/download/8k9n-assembly1.cif.gz,1,126,126,monomer_short,2024-02-14,8c8fdf0c0cd3f64192456635893198d932b1efde01001d360777bd5e2a977f2e,ed926bf18a45dcc96b6e6f5d41ec7e5f102b73b7cc8b4c91e1252345ee79820a,b53f03f4b9cb1e584e9640c05711a42e4743dc641a8efc0252bfe4aaf4ee8dc9
pdb_8ka7_assembly_1,8KA7,1,https://files.rcsb.org/download/8ka7-assembly1.cif.gz,1,124,124,monomer_short,2024-08-07,1426a06c8ad839669cf026db3e138f35991576f236138f8d5c1f3efc49289329,88e0ed4507d983616d423ce36d1db253b94589e81c743af3927d39ebc6676205,30396f84efffe67b50e88ac7cd5a0d5f97f614e39c354781d7c2ca88d5f4a66c
pdb_8kac_assembly_1,8KAC,1,https://files.rcsb.org/download/8kac-assembly1.cif.gz,1,129,129,monomer_short,2024-08-07,d4dd5dc0c38c3ed4582dc17b7d81a7bbb90fba33eceb200f7b4462c891e9d7c1,e58fdc4d390e805f902f8ad2709b089458ff5292d5aaa8f20aa74070c75c70fe,818b26fd557d4297f3e872dbae49216f30cf049b805b2a18427f6f6951ca11d5
pdb_8kb6_assembly_1,8KB6,1,https://files.rcsb.org/download/8kb6-assembly1.cif.gz,1,152,152,monomer_medium,2024-05-22,5169f11392d8f2fe9adb035e595a39254475e1f67c3e1a3cffc09c8b883da978,4d869941f8b516e2fb735d75d8ac5a56cfc335b351fb0ec05f9b4d87e4047194,ad30d443e49ca9de3a88b3664f60ac3bc01ba8e759532ed7114f917016a4f5ab
pdb_8kc0_assembly_1,8KC0,1,https://files.rcsb.org/download/8kc0-assembly1.cif.gz,1,124,124,monomer_short,2024-08-07,5416ec9429253667251ed5afbb69dd484044f6e7a8d6284f9b640907f5e5f69a,b38073fe8625a589b0fd6f619e1081354ee440c1400c004637b7a00a3802227d,23d0827092954c47f264ac5092e2f1fcd591195db543fb84db9238d46584bbaa
pdb_8kcj_assembly_1,8KCJ,1,https://files.rcsb.org/download/8kcj-assembly1.cif.gz,1,181,181,monomer_medium,2024-08-14,99634ab0c67d718db8e34b29e563e7864e56ad200f5ae08081d846d3031bb5a8,db908dba541289086d8ca51ce060cb319a789891871b01614be959254da6f0fe,23527b6b1e807ce942c3c14cf81a1b3dec5074e205baabe74e137ef0d722b2cf
pdb_8ken_assembly_1,8KEN,1,https://files.rcsb.org/download/8ken-assembly1.cif.gz,2,227;227,454,dimer_large,2025-02-19,3dc438dcedb90c1e790297365addc68e1daa7a0a62c066abcc7e9b0eee73b220,28a23a1e773a58d8e4726e1e4eb9d56bb12e7507df93b265df8dbbde7cb5e477,76ef09c682301c52ba919d3640cd76f09f0737f20ab494ccb1d584c27adf0f12
pdb_8khw_assembly_1,8KHW,1,https://files.rcsb.org/download/8khw-assembly1.cif.gz,1,618,618,monomer_xlong,2024-09-04,7381885dc1ded47518289bd63fb8d45f7322d8dc03a4e06db549aa5b76c77775,3ed24a45816d93ed05e69ddabf6d703f9f1f26c531a8a557586332efffe57925,ee97f3946aa80ecd199b1c45e3ebf35fb88f32402b288226ecc7985da85552b0
pdb_8oei_assembly_1,8OEI,1,https://files.rcsb.org/download/8oei-assembly1.cif.gz,1,314,314,monomer_long,2023-08-30,cf9a93726f7417b408dee6fa9ad8cc6cb300bff2f3733c1298087e6002abb31f,a472a3d59d6c6565f5e818f141da2e0a0788a88251fea7dda307c272380e868e,2f7cc200e714f3e3b15a98e10b046e718ab59c77ab64db16622bd01b734ca88d
pdb_8ofe_assembly_1,8OFE,1,https://files.rcsb.org/download/8ofe-assembly1.cif.gz,1,171,171,monomer_medium,2023-12-27,5503d0105f268f169da73e971c9ae305bf3b3a48b697dcd5ff94b2b2100a5e3f,5700fe55936ce8a427a62c01cc2ed3c57815ee4fc942ddc926c94c692f82fca2,5963087eb48661f306c00f78a4f7a19e2122e99f49228b5cb5fc537541327fa3
pdb_8og9_assembly_1,8OG9,1,https://files.rcsb.org/download/8og9-assembly1.cif.gz,1,367,367,monomer_long,2023-06-14,ac3a84c826571a4f7b5fc301fc791b5e4ec601b8e8974675263a5fadaea7e99c,82cab8f0b666388ad1ec3880e60aa81615597b38f43998cf38445702fd978411,0de04b3426b0809e9f10ff2b1f11e8485436e0697daecf69efccdb9c36607193
pdb_8ohg_assembly_1,8OHG,1,https://files.rcsb.org/download/8ohg-assembly1.cif.gz,2,154;154,308,dimer_small,2024-04-03,bb2233f97923b613d9151e1ff1f95eaeda3f38e0b973a7e7071ba21b27f14fb2,72cc3d7ebb4981e669fbd8adce776094992e6f1940c870817c0b5c6f252c775f,9ffa74a9e19e1b3e707ddfb6f3b13450ab4fae4d0acd047cbc48bd01584dd136
pdb_8olj_assembly_1,8OLJ,1,https://files.rcsb.org/download/8olj-assembly1.cif.gz,1,264,264,monomer_medium,2024-01-24,458b5e537455c8af0fd8e7029273c8db85335b152286984817229a8d6da110a5,d3a884eb65edb26e476b97e26c05cbacfa051201eac7d0bc5509012ac9449683,88e9ce8c59030e903439cd5a9b6b780b387902d635458a2182a0fed395da3164
pdb_8ono_assembly_1,8ONO,1,https://files.rcsb.org/download/8ono-assembly1.cif.gz,1,677,677,monomer_xlong,2023-05-31,23656fd7e82fd94f87d05d3dd247a012dc2768d6ccef8414d0d48e234caf4648,69924295a8ee6ce53703d2fab9d2bd42322e264062e08592f85f446d86a65f11,2050a91c783681e38855db00e2d79991f005b7dd05cc003af29bce27a264ff30
pdb_8os3_assembly_1,8OS3,1,https://files.rcsb.org/download/8os3-assembly1.cif.gz,1,107,107,monomer_short,2023-08-23,95518e5d0254514b649a57f14aa475c15f55d0a37c3da9af0299f2ab5e1a9465,47035979b9e1595907ea57735c6f456b94cd2d421239c586e8a1488bfe9c9c90,692c45763f13c9a4e3fc36b16b3ba22fb2408c1f9ae6a397cc54beb3782f2bc4
pdb_8owa_assembly_1,8OWA,1,https://files.rcsb.org/download/8owa-assembly1.cif.gz,1,991,991,monomer_xlong,2023-06-21,3111a4f9f7cf5c5a674f261af3ca0a253e6eec11640f8c0bf95a28d8c48c48c4,0ee55837a8b1200400332e35fb94372c09e386656f7fdfa8bb8d8ff41500ed8d,fa31dd378c4c48385e87a4a7f175236209ea1566b3058f0e7bdf7290bef6db79
pdb_8owo_assembly_1,8OWO,1,https://files.rcsb.org/download/8owo-assembly1.cif.gz,1,431,431,monomer_long,2023-08-30,80983586443a4d3373937e6f8d4062a8790a74b1c6a3b4ecbc252bb835c3664d,16174f59b755a9da1dfa2b3d3af9724494655276823039af8b1b33f8ae221d79,4d1248d0232d097f1652374edd52606ba253a603375e6b00e7bcd585dc07d2d4
pdb_8ows_assembly_1,8OWS,1,https://files.rcsb.org/download/8ows-assembly1.cif.gz,2,122;135,257,dimer_small,2024-07-03,ee40be6c601f2d0ae6d24e3119d3d51c150ac1d20e7f7ddc06f2aeac6f56ba2f,d6e59654e99bf7f06ce65149c76bf17c805a9ff28e3de935e46587fb9b46d204,15ddefdc4e129662e17e1888cac5de8c78d15a41677a2ac6689d796882067411
pdb_8oxd_assembly_1,8OXD,1,https://files.rcsb.org/download/8oxd-assembly1.cif.gz,1,146,146,monomer_short,2024-11-13,01bb1f0a4adde8b6bea710584a5777c2f5cf09655706361bdae4c406ca343cd4,b68833accfa02899f2049abefe9c780bf1fa1d04a5bd6e0dcb43ebb49d896578,a5227da5d2f2c19c96dddf24d02919d2c7fb18e3f77ac5d2ee5064b5333c3c54
pdb_8oxi_assembly_1,8OXI,1,https://files.rcsb.org/download/8oxi-assembly1.cif.gz,1,104,104,monomer_short,2023-08-16,6666bcc7d5e70aaf869645dad970037b6d9bff943e051cc946b871c4aec1a9a0,5e11675be9676bbbd2e955c1bcdcf10deb8612e06d22c4a8205e496edc3c81a5,6f7bf43069f8245f181d425498eaae73f158536fcc54519245e7e00289bb5ea3
pdb_8oxk_assembly_1,8OXK,1,https://files.rcsb.org/download/8oxk-assembly1.cif.gz,1,99,99,monomer_short,2023-08-16,ee16189d349899aa4fe37cf9f3a728ca1225e407aa579175681b8e286b214227,07fe52c995ff0cfcafdcc03508187fa759b01a4c756c0164f28e45f3905c8b2b,7c929e2355e87db94e34c7a18c9bd3c64989022a0b1457843da7041600fc455c
pdb_8oxr_assembly_1,8OXR,1,https://files.rcsb.org/download/8oxr-assembly1.cif.gz,1,145,145,monomer_short,2024-05-15,0ab4ce200415d2ec69d9e27bba2f4086fabce0c1393ef90bb2b8a4dbf9d88cc1,6d9efea9896f9daf84382bcef9d5a52b01b4f8b99bdc228fa25bdabb884fbb4c,f13f0d1250c5c53b2bcda98edaef5ffb990d0b064ec773c7da8829a3c5fcebcf
pdb_8oyw_assembly_1,8OYW,1,https://files.rcsb.org/download/8oyw-assembly1.cif.gz,1,189,189,monomer_medium,2023-10-18,75169dafea08468a327a26920256d53177c6fbd90799388946df80b9c5bfecb3,98c7e37dc4bd1b6647ecf2b845b9ad4a396ebd6701840768ea9f4f316c381d17,a9cd1b94bb554918203fa9e1b4b7835d62e0896242fcd8c326772e5778a8f0bc
pdb_8oz1_assembly_1,8OZ1,1,https://files.rcsb.org/download/8oz1-assembly1.cif.gz,1,396,396,monomer_long,2024-02-28,cff35f076ed272ce45838709ff843b2c1601b3e818720aeeebd47bf9b10fd55c,0d1fb4fbd32b5ef656b14085eeda50fbfed52d5498982be4ac8da97aab9cda29,906c4f72364c5b68ef675aa1ef5b3d4164a51d4ef124ac6f66d2be398e6fddfe
pdb_8p19_assembly_1,8P19,1,https://files.rcsb.org/download/8p19-assembly1.cif.gz,1,377,377,monomer_long,2024-05-22,ef3760e8539822686ab6af890ecb3919e5bdff4d240c7c7dd2cbe1eb8f24ca94,2d0ea74d6cf48602e9fc7ca5e8feeebd6a3fc28e6a3c291528b8a7a6a6cb79d6,9dde4f6d2dc5944c830be101d5117e59c92c20b63bb489aba4a52a1b765e9451
pdb_8p1o_assembly_1,8P1O,1,https://files.rcsb.org/download/8p1o-assembly1.cif.gz,2,144;144,288,dimer_small,2024-01-31,d7e4bb570198c9e79ea7e884ab8191fe70b47b9ddb524ce7ac58d2cd706e2c5d,4be2f009f445d7bdfe1ac550de4f8d5ee2e1101c14e5873bf342cb158182e999,860b2b7fa1ef203b5b62b0a49f8b9ee6dd021952018cf52c74206fd1893446e6
pdb_8p2o_assembly_1,8P2O,1,https://files.rcsb.org/download/8p2o-assembly1.cif.gz,2,156;156,312,dimer_small,2024-06-05,32f3e52d790c272e9fde326807769c574809e477719bfbc0c8d41d569ac2c9a9,c5aad6ab93641b79c6aab16c44caed8a8a6317ebca53693f2cf536d9eeebb7b1,d402bb2a49a2448c558cc90f52b821ddc662349a362eb9a0db258fb9dd8923da
pdb_8p3c_assembly_1,8P3C,1,https://files.rcsb.org/download/8p3c-assembly1.cif.gz,1,126,126,monomer_short,2024-06-12,6550e414f36df9243242dfe081fdaa50551cee76a88f3d30039acdf126f7a635,83eb27443c6a63892db5afe94c3eb600b4ab30c78b62658fc06a3fe621880ad9,71fadcc0667b9611bd47d16a8c288b7bd38730bbf3f6e883afd61d5b244c67d5
pdb_8p8r_assembly_1,8P8R,1,https://files.rcsb.org/download/8p8r-assembly1.cif.gz,1,398,398,monomer_long,2024-01-17,05f0543a2f067bbc89dc5e2f501c90884f16e2af4b0f28bd4dd43a5e520e591e,a7ca55176c924e0c4c3ba0ade25cf337f96e8e244beb6fc02c59d6fecfd579ab,0df0ffcde8386c90e45852a64d9ef372c8195c10237f85fc11e03015c0a32d8d
pdb_8pck_assembly_1,8PCK,1,https://files.rcsb.org/download/8pck-assembly1.cif.gz,1,263,263,monomer_medium,2024-06-26,2015758b1b9df3697f4aed0eba5bef0fc128d6ae69e6776acb0f0701e4e098ac,0df3b12591fd8f6c98706f6dce4057a78ce5b473e2408fc9490e3ff0409562c6,95ae4741ccf0691c151454352dbf76352690cbdbfd45cab7f7f562d52a99a52f
pdb_8phn_assembly_1,8PHN,1,https://files.rcsb.org/download/8phn-assembly1.cif.gz,1,139,139,monomer_short,2024-07-03,775049cadd0a33f17af05d4f4272cf42247d2f54f1b5ebb38e84f037131c03ca,8740cda5fe9a46572c0e40de376a504288e94b29e2443259566318e89843199b,f14693b1600585dd0d32a16f1a52b3108b67b03c968f548810e6c9b87ff1f5e7
pdb_8pj7_assembly_1,8PJ7,1,https://files.rcsb.org/download/8pj7-assembly1.cif.gz,1,148,148,monomer_short,2023-11-22,5f5791126f7a6627bb47258d070daf9b36d39ce67c477494d5e30821e9619747,48cec818020fda9ef9c4c10251551b930e83ee692da60bb0bb5254bcb35f44b2,c0c176de51e9d8f52f06c23501f954f65432ba287ce1d2bdac89b0c5b4e08db1
pdb_8pnk_assembly_1,8PNK,1,https://files.rcsb.org/download/8pnk-assembly1.cif.gz,1,289,289,monomer_medium,2023-08-16,ac7952f56f44dc240be5d51a01ac16f7bf18b5cdfd6f8316e917c4158448b66c,d92000e5044e6edb1276b49e111fe07be64626b3aa156cd887550af9aa2ad864,1d97dc1a2567374cd301f52f4e50bbb31dc1c1b1c4202537f68429686cd2938d
pdb_8pqi_assembly_1,8PQI,1,https://files.rcsb.org/download/8pqi-assembly1.cif.gz,1,352,352,monomer_long,2023-12-27,5964d558838e389ea146c5cf94e6b4b59d743656d364eba84b01f570aecc2d81,7c2549e9e3e2582deab777c9ce97ce26f67efd278f7e634ee07d538658b23183,de4bce25b4e5b5ddb65d7a0239f83091d49502e48e32877a2a2f4a6f06dc0cb3
pdb_8pqm_assembly_1,8PQM,1,https://files.rcsb.org/download/8pqm-assembly1.cif.gz,1,82,82,monomer_short,2025-01-29,7052e6f8dee68d12ee97ab06c42f19469a61c2955adbf4a61556dd640743ab41,395de0f803bb5186fd38ac03901f4ae8470de059181062f39001422b7fd7c3cf,67ca1d06bc47799bfe72abb654f169589a29336970292f1caec75f213caeb47d
pdb_8ptf_assembly_1,8PTF,1,https://files.rcsb.org/download/8ptf-assembly1.cif.gz,1,342,342,monomer_long,2024-07-24,fba338063b49a3b0e25d1017a03d6e1f01d877c94b287643d332d4f23a0c40b4,336ef2150447cbe34ec76bce4a8a4ad89f0f2fea8c7625a7abca4f9de43ac877,05c377e50457322b018f8fe42340859d90b52c56358128b8004778c80d9743dd
pdb_8pu2_assembly_1,8PU2,1,https://files.rcsb.org/download/8pu2-assembly1.cif.gz,1,75,75,monomer_short,2024-07-24,61960abb121976b0789a53d58e3f3894a1a7670bb7b9ee5e470b163e6d7b7c69,1fc1dd10eb2d3210b84f103b25f0cfc5b6b6982e803313d9447c6e97a94c0470,55c5c562e0de271df191a4e940d9a1948e6a05be2202ced7a3e6e920daf745ea
pdb_8pun_assembly_1,8PUN,1,https://files.rcsb.org/download/8pun-assembly1.cif.gz,4,373;373;373;373,1492,tetramer,2023-08-02,b2773f3338f392d6850be5b23fc931da313c927017c5d1e5abdee71a21a15971,5a12d664b45f612f9ae61f236f43e77c52edcdce01856cda1fc2896938482e5a,7642ef7907742a6d88c11871e265b62b7cafc6c9c71bb18bc00a6f02ca997f99
pdb_8pw2_assembly_1,8PW2,1,https://files.rcsb.org/download/8pw2-assembly1.cif.gz,1,72,72,monomer_short,2024-01-17,fa4cfe288cd95026469d8779d8c9b1eff4466fbc60868bfe035df2e916189f3c,783759e0843e2db1e4db6814226f6199c7ca469c123963202f5ee59d080ca36b,7f730d65a2c17d101f8eeea40f37c637205770c49b4b3afd5062e494cc1264be
pdb_8pwp_assembly_1,8PWP,1,https://files.rcsb.org/download/8pwp-assembly1.cif.gz,1,249,249,monomer_medium,2025-02-05,9c6079c6508d0b99ff05ff1e5711b73ac2b4d03f0c42d7c272790502b791ea48,3a9c586ed47183a7f78f98f152113e3b93b3293afadb8ef113a3bd29525cbaca,7fe799c04f038b1a20563c37fe3b61949378073ed3f0b854ea906e075c56f8e5
pdb_8px8_assembly_1,8PX8,1,https://files.rcsb.org/download/8px8-assembly1.cif.gz,1,115,115,monomer_short,2023-10-18,88522f683ea7038d15ac640d9b899440f0be1fe9b5019397d47125ca11543b55,8d4bc26fc37a22dcfe7360fad490b2c3dfbad36adf76e1fea4f8c010abbf79f8,23ab20437dfa3590b4cd1eb8783ecff707d99518b3a976bc7abae15d8a19af17
pdb_8q2g_assembly_1,8Q2G,1,https://files.rcsb.org/download/8q2g-assembly1.cif.gz,1,139,139,monomer_short,2024-07-31,643d331f5729a8a485c03268140333d6a35655fb889de7be85d43d4422039b81,16dd26d699d8df6d158d8f9111656a985c58ee6039867215dae5b410f70acf57,77e584a1d8a8e31dc566e607a7bb38c19571db71d9361155d7c3aeb7ba954897
pdb_8q52_assembly_1,8Q52,1,https://files.rcsb.org/download/8q52-assembly1.cif.gz,1,321,321,monomer_long,2024-04-10,e773a1352f500549ad2f27bdb295709946ef787e404e76555d75d83eb933e425,e3d7e1d0d620b89abb1b9642d7b8c2dd18307a020074d4c40babf9a058407981,f250e1103a9b1bbbe63a7ce8ca41101dc8321b98367835d0d645556ed5ee5a6b
pdb_8qao_assembly_1,8QAO,1,https://files.rcsb.org/download/8qao-assembly1.cif.gz,1,95,95,monomer_short,2024-02-28,abac07fa6f8946c25ac21e8ee7f0b87504d05f4c0d1ff0293d347ee29bb53996,fad34bd600a530dc9f90e54d6d941c2727f0de172b25ef2a5c30c56860cc9983,b084d27cb0785a4d8eeaee24f9f99bbe1694a3d416283e81f4a4c072a0a0024a
pdb_8qee_assembly_1,8QEE,1,https://files.rcsb.org/download/8qee-assembly1.cif.gz,1,1170,1170,monomer_xlong,2023-10-18,30702bc7799e725b705f6899b93703e47642ba5ccb8276f2cc52120b020802c8,4dd734e049af8c4530ce4bd014d0fc46076ed8cdb823d0c27b1ebe4e1117c66d,d27157b603fc473659d9d650cd6f11a9fac67c24850ad02f30a051cce881d698
pdb_8qev_assembly_1,8QEV,1,https://files.rcsb.org/download/8qev-assembly1.cif.gz,3,324;324;324,972,trimer,2023-12-06,0297da5494e12b01e0266b9a305287f40f6c02e83bc1c8ae84f4a3c24c8e347c,aa7066a81f884afb2019bb7c250c5704864745e3e3d153be9109e4416eaff6c0,cb4b76bd214cec0f50a7d970ebc11260d9fa5becfe865dafa27aa93d5e7965f9
pdb_8qew_assembly_1,8QEW,1,https://files.rcsb.org/download/8qew-assembly1.cif.gz,1,135,135,monomer_short,2024-09-11,7e29d58baf7d33676c70f8971457e724e07e0270df4c9e083de874f408e19694,e27b524ca4d562daa2efe20e99c55f0705f953ffa7c5febff82d0d6517d62870,1bfcce4eb37333077fe23b1660382ff96442c66671d34c1a9c199e3f59abcab1
pdb_8qhr_assembly_1,8QHR,1,https://files.rcsb.org/download/8qhr-assembly1.cif.gz,2,147;147,294,dimer_small,2023-11-08,9d3967fbbe9ce332bca6f966188381a0d515b7d7b4e8ecf7a6298af42df312c6,dc20e371d1f47a3fc053c0866e09869fc1d10051d997350ca98bec9cf7046555,78c70fed0ecbc00c8021c86ba0d7a9973905e0cc3aa027cddbfb1ddefe05d0c1
pdb_8qio_assembly_1,8QIO,1,https://files.rcsb.org/download/8qio-assembly1.cif.gz,1,138,138,monomer_short,2024-07-24,42e7d9a21b841f104b81d64cd48095a777fe4831b52bfebfc1d287413d25dcf0,0241cf96acfc1fd7a30004bc198f5b9798a6ea970229ef8dd3d2be9c82a13148,196f00ba432172c755a92f4bf2e3d3ef671bacf0864169f45d8aab836efe0435
pdb_8qk1_assembly_1,8QK1,1,https://files.rcsb.org/download/8qk1-assembly1.cif.gz,1,545,545,monomer_long,2024-06-26,1fa52e424f719af311731b1d0f4a83438ea13db3ee84cb53de2a7a2752702994,1f33b213e9ec923d48d3d2d66a120e1f701091f2d9021f31f08e64a0f4151ad7,c28bf5c5d9643a327c9e09c0269f46d6e199e8a28a59fa5e20af1e134765e453
pdb_8qla_assembly_1,8QLA,1,https://files.rcsb.org/download/8qla-assembly1.cif.gz,3,451;445;169,1065,trimer,2024-11-13,7c20060a8852ced09da5db945a0df4d8bc62f728143b6c98a7311ba8e1a9f869,7daa46c4dfd88fca185df507ef38f7a912c164d1c8b64886796fb5ae6398c6ed,f94d2153d8ccd9657c3a7ad5e888b80d70e5016962b0b93683ed8dd8c9a9be08
pdb_8qm8_assembly_1,8QM8,1,https://files.rcsb.org/download/8qm8-assembly1.cif.gz,2,215;215,430,dimer_large,2025-01-15,39ddabaa104e57c075bf9810da859f8d290c66ba6c6934ee2ec025370072c5e1,ad0d8a2f0c87f2a7fdd582c2d874bbbbbbf7aca1a5b05309ee26597a0b29fd43,2707b3566c2839234f538132d2e881abb7aeed4a747540282e8dc699524276bd
pdb_8qnc_assembly_1,8QNC,1,https://files.rcsb.org/download/8qnc-assembly1.cif.gz,1,511,511,monomer_long,2024-05-01,b7610adb0ad33412582cb997d06a02eb07301de927a302c75a460ac9d0969697,448687230db3afc224f055b5090e819fccc362afc50f36f4c59150fd7c5f5e11,26c2cf52f2e0e7c41aa78e323b7cee356679872c559cd1dcc13102c55656520f
pdb_8qoy_assembly_1,8QOY,1,https://files.rcsb.org/download/8qoy-assembly1.cif.gz,1,1149,1149,monomer_xlong,2024-07-03,0b070b8e811ced37177a6e5ae8a8c991da125b26c4be141507d045e6c374fe12,b409b6060843b532d1d179ddb6ae2b916ce18bb5a34517b34d16cdae6f2e262d,6ed10a208edade9ddde5a12d0193e7c2afd23f3b8eb68279ec137b5c71d0f47e
pdb_8qpn_assembly_1,8QPN,1,https://files.rcsb.org/download/8qpn-assembly1.cif.gz,1,613,613,monomer_xlong,2023-12-06,3f45442244cc30f4c5e46957e7e60f56227d6ed4671758ac0df9da5314cedd4d,ec4b44873f31c2db8b53fcb293de4f999afb6f032bf3a5db6f627afce8ec9860,e57a6f42495df0ebed4ca130cdfd11fe5a4ad57fb1901e3eef64ec2484830136
pdb_8qrw_assembly_1,8QRW,1,https://files.rcsb.org/download/8qrw-assembly1.cif.gz,1,547,547,monomer_long,2024-08-14,c437a45de2dde72928935e95e3defcf33803631616d3e27eebaf8ca07477d16d,f59f5954782d78079a8891f603093b9598f40b65dc582c8228d4c55791be14e3,f9b9749ecedeed46342dccf9b9e4d556f7f0a2804ccb5f53d41a5b0c83f189f6
pdb_8qtg_assembly_1,8QTG,1,https://files.rcsb.org/download/8qtg-assembly1.cif.gz,1,394,394,monomer_long,2024-01-10,5d25a35d89f9499baff659dc85b16905657610ae7eb52fbed8ba415923516729,f5788b143a965433bcd6b4245bfc5baad5fa7331dc7fbe85ef553d8ed761c943,39870a8adac172d08e317069df898806a0be34a59febe3061f43633f30603a59
pdb_8qwl_assembly_1,8QWL,1,https://files.rcsb.org/download/8qwl-assembly1.cif.gz,1,219,219,monomer_medium,2024-06-19,f9ceab82c0990eaa1688b4603de600a706ffece1454db9cc24f5dbfab53bb047,13c90277dd6cba3636fba8360d1486a62c167cc974e335058c7e41c8c37523f4,855f873110a6f999a07c6bc09e4d3939e23bdaf2e475550df55bb2bf44b8d10e
pdb_8qyc_assembly_1,8QYC,1,https://files.rcsb.org/download/8qyc-assembly1.cif.gz,1,1080,1080,monomer_xlong,2024-11-06,66c1d4650c9f1c411431233452353e396b9128e46414c266520629fb9441b384,8daea6edbe11bc4d1538e83982e240d4d1ef589737586e1317085e0dce20730a,0fd25390a850fdff3c024b70af8dc9ce26a69cd93394b1274231cb4955b62e21
pdb_8r2c_assembly_1,8R2C,1,https://files.rcsb.org/download/8r2c-assembly1.cif.gz,1,169,169,monomer_medium,2024-02-28,e9a4f6cddf1164c0c58fa58017968ac25246244cd8153400fb7588836f8f36c1,b1887c2805bf61d541ee65105d5e8d71dd250ad295edb03c66ffdb37725bd172,b412830eee80bc45b24a141c55f907d24930faf3ca7fe74701ec599acd1d9bd0
pdb_8r5d_assembly_1,8R5D,1,https://files.rcsb.org/download/8r5d-assembly1.cif.gz,2,175;175,350,dimer_small,2024-01-17,ac922bbbdcc7ba104f5bf468ee5471ae3b4d7b888a3801efaa15e49701e85c32,74351f1412470a6544f936caf2ac6d03ede3c1c7d96fec9ef5c84db916aa444e,c89a7115271217aa72adb53b8dbfd7772b57d25c8283069d12e94ea183bf1b60
pdb_8r5e_assembly_1,8R5E,1,https://files.rcsb.org/download/8r5e-assembly1.cif.gz,1,366,366,monomer_long,2024-11-27,475b1a2aec27bf1901c1fb1834db0150a7e7fd9e944c913f20db8026d8cff805,836d869cd22bcdf1ff234bc2d9e9f43e12e9b993a908160e8bc5d4faa9fc3aca,9a353d8f5a71ad0ce17e5a4b2045dcbe992f4ea9d35359efc369bb2511e08fb6
pdb_8r5l_assembly_1,8R5L,1,https://files.rcsb.org/download/8r5l-assembly1.cif.gz,1,280,280,monomer_medium,2024-10-23,a36e2af78181c47325c68d2949841fe703f79ca61b493deedd0d1a05ec6b0611,0d0c77a7b45646f6e81c82ef393a4999f08cabc83d76406c8ee627f2609e29a2,98400ba42bc768eed193cbd9a61c9b6cdb911afd34709e086e58d4a5c7eb35fb
pdb_8r6n_assembly_1,8R6N,1,https://files.rcsb.org/download/8r6n-assembly1.cif.gz,1,118,118,monomer_short,2024-10-30,7d9e70cd0a3074610dd4f2fd98a8577fb6af2155cfa1bc1261bdfd87b6c94559,7962af484741f23c0b2b0218280f2620f675f4afe2a8256f1b5af7b2215c8601,8f1a0bbdd3ec61eee24c9d34dbf2b71d71c8652443468cb08d209afb3a60e8a8
pdb_8r73_assembly_1,8R73,1,https://files.rcsb.org/download/8r73-assembly1.cif.gz,1,636,636,monomer_xlong,2024-12-04,85837d45d917b711e5c46685ec9b265465f2bbe5ae117a75a76479d4b8ec4f9a,d5c8d60fa38c13905addc8592eba4f4634f1fb5049feb39d7f8470b1869f7af9,f29cde6ccc44982913e30ca491374be1dd406432c0f062add2308df9d70571e2
pdb_8r74_assembly_1,8R74,1,https://files.rcsb.org/download/8r74-assembly1.cif.gz,2,135;135,270,dimer_small,2024-06-05,f27e9b028c8ba8d55281859d5b5758eff50d7be1c3f2afa1ab46f0c3077e70ab,0a861756c2e5edeec18de983ae4187f8fceda8b6da58a74081d628d4c961ea86,8f7b7fd749e63c43d7b330b84341a1e981fe3c78a49e952864b641bc48a3ec09
pdb_8r9l_assembly_1,8R9L,1,https://files.rcsb.org/download/8r9l-assembly1.cif.gz,1,152,152,monomer_medium,2024-01-31,fff08b0ed1ca3f81991166c8ab8ebab8434ddba52023700dfbd2134cbd786222,f9eb2f5b8154237df4338d319a6e793b1d14ef440a5e3a15d3d9e1922e4d1e00,c66aebeb03c3944e49992dd25efa5582f3b31898c6c012aaf5a02e4e87ef9b64
pdb_8rdl_assembly_1,8RDL,1,https://files.rcsb.org/download/8rdl-assembly1.cif.gz,1,244,244,monomer_medium,2024-10-16,13cbdcf0d3b85a2cf904172d27f22c1db73b3d2268acd09a38a242703892dbdd,fefdd2720ac7ea7b030a5675e94be87e67c1987ace41fc3fcda457ef70eafbda,1b8578c8754afaf3cb6d77df85bac434f7089c8a3a4b4409d43083eba9676bad
pdb_8req_assembly_1,8REQ,1,https://files.rcsb.org/download/8req-assembly1.cif.gz,4,232;232;232;232,928,tetramer,2025-01-01,8fd1e6cfed29bfc7c503d6fada58f1e5dcfe2e50d6a63b99a1b7d0933ab927bf,4601ea82a9e2db2ba42bbc7443ca2269fd94c193142c46d228203516d81de5fe,045a48fa868b13b78581afb0390648fc3547539d1c546c8bcacf365b6be9f919
pdb_8rix_assembly_1,8RIX,1,https://files.rcsb.org/download/8rix-assembly1.cif.gz,1,314,314,monomer_long,2025-01-01,d38b9e13c293a7f3010b7c827ba55650c29eee98c7eda5d038ce531eb5438a0b,fce11750b2d72f150a9db2a99b08df9622a8cab97c94c5a6ae11abb233720629,8bcc0e32f536a1362943bb718a7e90afe2780bf17f7df61aeda326efde056b80
pdb_8rpb_assembly_1,8RPB,1,https://files.rcsb.org/download/8rpb-assembly1.cif.gz,3,223;217;125,565,trimer,2024-06-19,d060b63d308eb182f6fbfe6c97f29b6454bd27d4a35da449f01592b6b30ebebc,c5d4cf254218d8962f1bf5bcca6e219d6ea8cdbbaa03d77deea291df0e4d7458,6b0625a83bdceb0fdea310bd60a44afdf7493b9ba252bad2e6f0f9c4b49392a3
pdb_8rqg_assembly_1,8RQG,1,https://files.rcsb.org/download/8rqg-assembly1.cif.gz,1,169,169,monomer_medium,2024-07-03,96d5eb4d16bef15518ad93934c240c8d18701ec5e762df2c101c60a0c58e667f,4732d072c57d8e44e43cd718bff8a2abd9a4051bf311345b343238030e41da05,30876447ebc34b284f9cacc7044bfb483ac2e3606dee7a61a50f18d614cb57ce
pdb_8rvi_assembly_1,8RVI,1,https://files.rcsb.org/download/8rvi-assembly1.cif.gz,1,444,444,monomer_long,2025-02-12,4dd28745e963193e94e9aa0b28403b9592b7c95f4114faa4f34fc2fd457eb57b,a5155bb0c1b3f056974a1fe3265be29db5610bd61e120d0a3db4ea11287380dd,7de6bc20510764f652a18ff7692a7a02be4359a1313e037fa083f54dc4f84e72
pdb_8rx8_assembly_1,8RX8,1,https://files.rcsb.org/download/8rx8-assembly1.cif.gz,1,165,165,monomer_medium,2024-10-09,d8a031d94d1e4ad5e467519711f763d0b6ecfb90411b8596bbc60a4dcb9a1f1e,633a1d8e43e311c30a36be50957908707541b4abc1854bae0480e0513435bd60,2379183aaf98c1e393741af005976d97216fc158b31b9086c7b515618ce2c8b1
pdb_8rxi_assembly_1,8RXI,1,https://files.rcsb.org/download/8rxi-assembly1.cif.gz,2,405;88,493,dimer_large,2025-02-19,527644ae00cfa516e6b1309595ca169a71436e9b0e4c976b633b56c7af5433ce,5b8670390ed60d9aa970ac707f19796078bfc1f5b329813ed2840f278a9ff021,b6bf4268b8ac015ccc2629a53554682d88875a622a63f44fd89ff930d1c45891
pdb_8s0l_assembly_1,8S0L,1,https://files.rcsb.org/download/8s0l-assembly1.cif.gz,2,395;150,545,dimer_large,2024-06-26,7dc97190213e7a02d7c8776eaf69dc0486b13d5abc0d33141ad890c3e1f387a8,6c9f66ff1c63d67cafda5c021a507eb5411118548af174eb58e56cbe3b1d6da9,d6e2f7d0961cea634668f4d7155153b31d6852e9e9382ce8a8de0a6ade49f483
pdb_8s2n_assembly_1,8S2N,1,https://files.rcsb.org/download/8s2n-assembly1.cif.gz,3,142;140;111,393,trimer,2024-12-04,a0d2ea20bf5127eedfe49909f811cccb9da7412a325dc32a228171178b56711b,857ab45106824a15e7d5c9d68187e6c16f70d43d8c6a17f6ca18d2c26fd7456f,da22494978e84501912b108803cba533f5caf72a64b89cac3fd645381e5f469a
pdb_8sca_assembly_1,8SCA,1,https://files.rcsb.org/download/8sca-assembly1.cif.gz,1,218,218,monomer_medium,2024-03-13,6b4aa4ca4b729d63a10f4efefaef461210f97c65e46221d360314d8fb0f9df3d,8bbbc91a535293aa42cae6f9cb6ba8c07fc70352b7ebb036015936050554d148,a1508695a1722830a62001cda65a32a376275d3ac54e2a09409cf6168e6c80d8
pdb_8sdr_assembly_1,8SDR,1,https://files.rcsb.org/download/8sdr-assembly1.cif.gz,1,397,397,monomer_long,2023-08-16,5bf5d8ca2acb7da2c4d16eb62a356ec25d88dd1c8777a7c4f544e6745e27acdc,bd47bb4b357f391823e04f670c5a6f1589cc2be2775cb7338031f9b5b4ad4db7,bbb621eff2a8868bb9ac09d7ab5c48ceeac704ce5dcfe8edfce68720f550115c
pdb_8se5_assembly_1,8SE5,1,https://files.rcsb.org/download/8se5-assembly1.cif.gz,2,129;129,258,dimer_small,2023-10-11,102ee4bc01df9dc1cc17c12ddf6797d0c03cfa062757def438d88c038608ea63,2d60f22689c7280fc681e97fc96ffceaa2713874358b746225ade2a300073e7b,c4e44a2884cf4eec6dc0554d273758161efd44186677abb4268f192301cd7cc9
pdb_8sgb_assembly_1,8SGB,1,https://files.rcsb.org/download/8sgb-assembly1.cif.gz,4,347;100;207;243,897,tetramer,2024-04-24,da8c4dc4e7c9ab2212a2b8dd52127407d2870a0f41e6b14a227439b00d58083d,8dcbd002d15e8c2bf23c6da003f989f119df42e1d10fd9c3dd4f53cfd1233c3d,ed5a6f3fa5b2b2d2f0012cc86a3a6458fd8ac5a417cf7b87217b9ba9268ca1bb
pdb_8sjb_assembly_1,8SJB,1,https://files.rcsb.org/download/8sjb-assembly1.cif.gz,4,88;88;99;99,374,tetramer,2024-07-03,fb4c70f977d6084ef90b8106a25aedc1b9be7a7ea08fca3d5fb04136a84a5f8d,b6545160273feefdbac27ed7e561214344c0210ade934448eaaf40d557b024a1,86f729f070bdee1328f73ab2619f57bf311394efed0862b2232d57537d07150d
pdb_8sky_assembly_1,8SKY,1,https://files.rcsb.org/download/8sky-assembly1.cif.gz,2,312;312,624,dimer_large,2023-11-01,541bf0f627b1e682417bd23d663a4288fe5631b33a76b030b1e03ff69d85b627,729cf5988b34a3f32d72edf2b5ba98fe4a0aaa0501b67ac60fac2ca7f24b9664,3085ba2e6699f68d5a2ed00de22dca2bbe788d279aa29ebf8a564be2037f4595
pdb_8slt_assembly_1,8SLT,1,https://files.rcsb.org/download/8slt-assembly1.cif.gz,1,282,282,monomer_medium,2023-06-21,382a5854f222feb668c347e03953b80ea829439a4749105e94a4d988d206c1eb,4a2e5d02cc5ce2ec3ac0bfff800385c47e24cc86f0c746e0c9143bf8b1ca998e,8ffe7ee299167e7fd4f6ea491ca87a385c8f348301a236ccf70e06df99bc15ee
pdb_8snq_assembly_1,8SNQ,1,https://files.rcsb.org/download/8snq-assembly1.cif.gz,1,170,170,monomer_medium,2024-03-13,05495f4e261e81123c197a99638d716a04a5ab751facb52f9898aa61f62c6636,e63382bdb77f16b19861d817100f9d740c22c0fcf174ac4ffdf9139bb78ba7a8,db26b06ad6c5b3d648ed92e6785a2504bff809740e4a91f9f0344c6dac0f9a84
pdb_8spg_assembly_1,8SPG,1,https://files.rcsb.org/download/8spg-assembly1.cif.gz,1,867,867,monomer_xlong,2024-07-03,0437f74a2bc4ecb7e9f58e18e47490177ba85554f78422268df65764997b11a3,406dd6fde54d676b24c5658dafdf461886dcbee2626923a840230b5e48d28a56,0ac6c33229cda7e4cc957e0cde61d7089e8d4a04c09cf210cd5dbc406cb6615c
pdb_8spm_assembly_1,8SPM,1,https://files.rcsb.org/download/8spm-assembly1.cif.gz,1,499,499,monomer_long,2024-04-10,69eb2b6ee8854a5ad4e0ac920098dbff9e0611326e57b5ec7e2298027e9f63b0,cb9486fa77f0ab13a2e768ad02ec9260e7fa1fe6f1b658af62c0e949b08513ab,6601bc385e917f297caac5c0a63a8034de27cd043ed40208c58c030a510a16c6
pdb_8srz_assembly_1,8SRZ,1,https://files.rcsb.org/download/8srz-assembly1.cif.gz,2,92;92,184,dimer_small,2023-06-07,c120b6e59f3d2b160a416088d45f0c278384a54f4e54e1d2fa0ea2055041e03a,3a1161807a0ef95dac331191f2517ce8b1e1624442a6bf8256d807c7a0234920,a2af72c94ead6a45b1af98f901dc4f4c0f8e9ac13db3d6acc62c4e4a1728a959
pdb_8ssc_assembly_1,8SSC,1,https://files.rcsb.org/download/8ssc-assembly1.cif.gz,1,1150,1150,monomer_xlong,2023-10-18,115c4d6ff6074472e7afc3cff0dccc39bdf8ffd263612585d01e4fe5ba4f449f,145fdaaf55ba1ec7e9290c9f76aefc98e317352c6917271f21626d800382e448,dd137503bc42d16339a1679cd451f74ba7a56944d53de5c67452c9d04a8cf088
pdb_8szr_assembly_1,8SZR,1,https://files.rcsb.org/download/8szr-assembly1.cif.gz,1,1010,1010,monomer_xlong,2023-08-02,09b67e84bc6107c454f6107111549e07b126ddd868c66c90729e4e3a14c34540,0926a6225f36c2c61ac74a89967042e68028f104334a6e9193e6fa5d96c50d7a,ddc7fd1d5db6b14218db79ff8876ceda17d387e27c4db6af828c0a64fe1ce8dc
pdb_8t0a_assembly_1,8T0A,1,https://files.rcsb.org/download/8t0a-assembly1.cif.gz,1,411,411,monomer_long,2024-10-30,c4cbe9de1bdbb23b046e1c4da20ae1ea136cfbf8a2138bb2019b2db56238d734,88cef200c21aff07c8deb13be764ee6b18c6337ecd858619ca8c9318cafc4a4e,654a29c3b459861c4e127922123cef174077cacd345b37742c260a0db9ae7b4c
pdb_8t1q_assembly_1,8T1Q,1,https://files.rcsb.org/download/8t1q-assembly1.cif.gz,1,479,479,monomer_long,2023-11-08,1ef3759a0db7de4fb9701652397653ff32215bb22cade5e4983a660c57ac2a85,d53572888ed99d95db1cb115d0c8a90e451449284c56d2a958ffd9a7c50f296b,00fe95a88b9048f986ad41280bbb8a75fa4e48b753a901b2d85bf39318c6f46e
pdb_8t2d_assembly_1,8T2D,1,https://files.rcsb.org/download/8t2d-assembly1.cif.gz,2,78;124,202,dimer_small,2024-03-27,f38b9b2960625ee98281ca4e668174bfd6f65ae5509b55cd0a1bb0e35009b9cf,91d5e82131949bb227175660fec436501e37b9f0edcab09d77c64e626bb82b39,9c1813800c3ce30649778f0c5c2ef80d8d36326c41e3e181f283462a70840b6d
pdb_8t5t_assembly_1,8T5T,1,https://files.rcsb.org/download/8t5t-assembly1.cif.gz,1,208,208,monomer_medium,2023-06-28,9ccfecd13ba3adf5c2bad526717328f3b7cf2313bde0e13afeb5682a2c8b3af7,4cc3fb6cd445570e59e5dba3a96196175031cd5ac70067a94b1bdf97c5852df6,a7c174389568d8449cd989808f9ac61c01859938a09048f6c21b7ad9f47bb62c
pdb_8t92_assembly_1,8T92,1,https://files.rcsb.org/download/8t92-assembly1.cif.gz,1,249,249,monomer_medium,2023-11-15,03b5034febabaf7233997fc88186b52629ebca6933af42f59cfbf50f9c560889,ad66bb2644e90781086d153984c0efd968ad798d1b350a6878974cda1b254697,64ff991da210266ab0c0e356b8f937b4623156906dfec2e6ea68016840db6806
pdb_8t99_assembly_1,8T99,1,https://files.rcsb.org/download/8t99-assembly1.cif.gz,1,148,148,monomer_short,2023-11-15,9af6521550ccd0fa3d42008b61266ab7445995b7064ebb8fad744ada77a25cea,9d44e603386cc364566038c133a8cdd39b80b5a6b34100079db4c2f37ae301f9,964ccabc4f6b1fe7a6e3938aef65d3cc8004901e3baf5ce064c7fb8e5943d393
pdb_8tb2_assembly_1,8TB2,1,https://files.rcsb.org/download/8tb2-assembly1.cif.gz,1,262,262,monomer_medium,2024-05-08,066ffc3b2f0fa5cd3b1dccbe8f1bd194d10f00cd319abe85e775549963186a2c,6ec722f48c71af615344c3786115d9a98fb1038690d0a29de3784dd1acf57824,e0b1232538be329d9f2a9f3328bc82344d1f87ceca241401aa11d1bb54a7c2b4
pdb_8tbb_assembly_1,8TBB,1,https://files.rcsb.org/download/8tbb-assembly1.cif.gz,3,110;226;214,550,trimer,2024-08-28,a940dbf3cfbe2bca1d1837d927db753fd24bafeb3cdfbdf29c38e0e448a78f40,fc013ca89139654078924a426cdf523f8e5b8a8ff357ced3281fa8c6a1d4da7e,f0e234fb12782c925bb62fd3b2b1a1219a9b66db5474adeccc6fd4d23ebd29c7
pdb_8tdp_assembly_1,8TDP,1,https://files.rcsb.org/download/8tdp-assembly1.cif.gz,1,395,395,monomer_long,2023-11-22,24448fe07ff663467416d6e9b2dc4e12b9d8bc3078ae84d277ec231477c77752,ae15438f15c7d4f45fa236779d71ec2e585718e135d551ab778f36a6a058dd23,4dc35c4ff7aade3f40354ba5239905f6a41c267b194a42bd83cdd6d718da1c89
pdb_8te5_assembly_1,8TE5,1,https://files.rcsb.org/download/8te5-assembly1.cif.gz,1,123,123,monomer_short,2023-07-12,a0549bf70419fb3bda12fc517d60e545f4b45fcd11a9b5936552fd28dbd6ad0f,cb6f84095d7f38e0442661eb290842b0dffacb8ec9931a4bd85d566cb4256e47,80d0bee28b04d1d1dce42152fcd1917eb342ae88256a3e56d04bc7fe510b0c9a
pdb_8tf1_assembly_1,8TF1,1,https://files.rcsb.org/download/8tf1-assembly1.cif.gz,1,306,306,monomer_long,2024-12-18,760c56614e934ec0182303c11d5997bd4a48fe5813a735a3adde6aaab8bc593c,2b93901c8ffebf6f2a3119e16ad91891a2abdb19e70418191a5a8cf5ca4db0e2,b51003b6fa2b70e82f966d65070a733a36abb0e8026f913e4ce2dd1710aaf9a5
pdb_8tfg_assembly_1,8TFG,1,https://files.rcsb.org/download/8tfg-assembly1.cif.gz,1,688,688,monomer_xlong,2023-08-09,619c4e2de3c24dd72be62159f2ef7b7f97cf8f85090f719077a13b94b196581e,0437d6044fe26b036221da4f22dfcc9cd9b26c8b874d25073eb9bfaaeafbddd0,952e138e96bf290a484a9afed2836e6034693f5e1ca71b8d5f0e0e33a70a555a
pdb_8tgs_assembly_1,8TGS,1,https://files.rcsb.org/download/8tgs-assembly1.cif.gz,1,608,608,monomer_xlong,2025-01-22,170621346f74dd06516dc44d9cd56a473068874a3de7d0d4ed5f153623da5b89,ec935f70b3ce8e314bf6d8ba564dfd5971d8cf2745e52cbf502d7531b7b7582c,313553f1b783926609809f1b5691daced3ac2f657540ad67a1f7aa9612fdff86
pdb_8ti5_assembly_1,8TI5,1,https://files.rcsb.org/download/8ti5-assembly1.cif.gz,1,134,134,monomer_short,2024-05-08,49ccf1bda7aa579516721a5e2df1522d876b70e2ee59e3695bce3d5f77d1059c,f17f1a880384420b3af159afc78a472a6d9e5791745ba3a010e016ebd00b7d75,34be50b92a2a1b54b566dc7320b19b4c117704aa4e9123da6ebccdf5f46b17dc
pdb_8tmv_assembly_1,8TMV,1,https://files.rcsb.org/download/8tmv-assembly1.cif.gz,1,127,127,monomer_short,2024-08-07,cf3412748455a8fd49b140bb4ed731e191b769fb426f8767ff7593a51d7bd539,65cce6bbb72ab4be02794b1b1b2456dd97fafa0bc9540b28fb614c36123c9708,882e316b3701d15a90c15fa77e3dd10fa33197e1a3b7f9e355cb0b7a05da87c0
pdb_8tnb_assembly_1,8TNB,1,https://files.rcsb.org/download/8tnb-assembly1.cif.gz,3,147;147;147,441,trimer,2024-04-24,3f1d6517c86efb5af453816f74d64bb7ad56823eaa190d4c639e68a09b735411,6652972baba5e550cf06fa154f9d16e46c13db866143fb7be00dd13ea5198168,f0e311f077fd0347ab4e84aa3db912cbe2f844c532561ab7b05305db48b2ff7d
pdb_8tpv_assembly_1,8TPV,1,https://files.rcsb.org/download/8tpv-assembly1.cif.gz,4,218;218;218;218,872,tetramer,2024-05-08,7923f118d00be9f8ae079d06deff9b44ebd3dbff21cc33aea059fb301b4574db,ec38070ff417c0610456ba361ff715b9958627cb76e66cca4e19edfe4bc4d758,300416a105387895d8cdfcbcbaaff0540ffcf87ea83b54b18d14520a03143f78
pdb_8tse_assembly_1,8TSE,1,https://files.rcsb.org/download/8tse-assembly1.cif.gz,1,428,428,monomer_long,2024-08-28,295b694114806522f2a66387e9b4f15614e1452c2bc5f16123a299c46d5d5281,0478ae1fdcd94c4c27586f937f3b6569862131681475cfbd3e5a159ab5e385b8,c5d7307bd1deead01a9e4bdb863af24c85f2f7191a5a3d02dcaf2fca0749013e
pdb_8tx6_assembly_1,8TX6,1,https://files.rcsb.org/download/8tx6-assembly1.cif.gz,1,653,653,monomer_xlong,2024-07-03,ead6d893881740f594d4b4c1d5f628c231448a92b416125d92ae5b9526007771,b1cb147891fb44f062713ba9c3580c9a911c04ddb7050ea33cded55dbe2976a3,a21ff7f623d18cfb074be274c07fb01f282adf16c4972abdbc56558e17cd2e13
pdb_8txg_assembly_1,8TXG,1,https://files.rcsb.org/download/8txg-assembly1.cif.gz,1,170,170,monomer_medium,2023-11-08,460349591493a03bf14e3ac0fd1344f9c4d79c4270f844526c03504e227b30fb,1722bcfba644bf6e8d78a5cf0d92adee33fb95cf02f3e888a5681278d534c04e,0df9d09b4451360adbcf3b484879fef55f0df7b201d8a23da251223cf4b49017
pdb_8u0i_assembly_1,8U0I,1,https://files.rcsb.org/download/8u0i-assembly1.cif.gz,1,90,90,monomer_short,2024-09-04,6214867783aced40e404248f0ccb7be8affe2d32d014bcb360607c3c215704ed,b04a08bc43dd03406e34c90c1cda94d09ea4db3de95b4cc73e6a908e26b44b7d,a046c320f27ced6c1097eb9595447279c8316fc191b0a0875dcf16bcb78befd5
pdb_8u2d_assembly_1,8U2D,1,https://files.rcsb.org/download/8u2d-assembly1.cif.gz,1,270,270,monomer_medium,2024-01-31,020b3a2faf3612711ce8423ee10c54984376a2015328b2dadf1a8b3a661bd29f,f6a7318c95d7d02fc6fae0ef1b2cb8b788d17e818d5088dd81e64a21a1a59d5e,4e26a04b8c2de70bb7808d49ed6dc4ca46f15ef0272f478faa5b064378a0e131
pdb_8u2q_assembly_1,8U2Q,1,https://files.rcsb.org/download/8u2q-assembly1.cif.gz,2,479;479,958,dimer_large,2023-09-13,fd3dad3709b410b9f950fe358aefa87f61d43bbde3c746d97d18bc585fff13b0,946fae68450f64b568d027af10f69fbd445aaa9b06b549fa57bc40931351f92c,1b3b530f14afb6c1fc6368354a3b8edf6b7229c5ccdc131294cdf181d0072c64
pdb_8u4f_assembly_1,8U4F,1,https://files.rcsb.org/download/8u4f-assembly1.cif.gz,1,619,619,monomer_xlong,2024-02-14,73103c9ed434f73aa84ac23a311f3449d52a61616d8116eb0f68a47a7adc5201,35808ea7ae27badc290f970c2fd401d76f05a8b1fb815f8589e42ecca5ccafb8,a45fe6a1d951cadfc72bcc3f06ffb9da4a711f9248ef0c99644ed67783414d62
pdb_8uf2_assembly_1,8UF2,1,https://files.rcsb.org/download/8uf2-assembly1.cif.gz,1,490,490,monomer_long,2024-01-10,62883fa43956240515b550722d9d887db8f82f9a420bd12cb1b0b7f90517b39b,4a170926f2e4cb6fca70ebe44ab6e90c194d6ae3738d6b52385228463bd0da1b,849dd666000eec6b287c1b16b77f22dea88bd97ade42253a755296ea78c91f80
pdb_8ujl_assembly_1,8UJL,1,https://files.rcsb.org/download/8ujl-assembly1.cif.gz,1,276,276,monomer_medium,2024-05-15,42dd5b6b39d0cdfc5d37171c96ce4b08453e5873e47d2f31e16b4fb928f74df6,9943f451d47b51c94b3bf2427f9188882569f8d5fe3fd54b62733949b458866b,aeb8b94576f526a760d3cdaa589d3c82abeb28e2aebd133a98219216948b379c
pdb_8uk6_assembly_1,8UK6,1,https://files.rcsb.org/download/8uk6-assembly1.cif.gz,1,818,818,monomer_xlong,2024-03-06,de9aca11465d142916a28544562d3d30c04a05f33f6dc7a26c3d270fafa1d8c9,d58704fa404921f83ffe913be2687348fb865ed51a7a33ea3359a66cd7288d13,8aaef4e1b95527c4a2db8f0951de329ac9c25b937a47d8d7c40579c04f406b7d
pdb_8ul7_assembly_1,8UL7,1,https://files.rcsb.org/download/8ul7-assembly1.cif.gz,1,383,383,monomer_long,2024-09-04,459ed20583bb0d1cb313ce1a2ee79b0ca627330fde8ec0256aa13f0998da3c60,958c258d8ba06e0c1ced833cac5c94f811fc1e17851c88b06d56a5dc92abc7c0,01ca8d4d2ff581b7c219f4935032399940070d41de9841d2bd4f5324ff5a008e
pdb_8uqy_assembly_1,8UQY,1,https://files.rcsb.org/download/8uqy-assembly1.cif.gz,2,333;333,666,dimer_large,2024-04-03,55d2caeebdf6967f5c4aa943af1b61e60bacce11bba048c20ee7e537d00bd8c6,544c72186f6b0889bccb1e347aba0d10dc3c44cc3179643f4557bf9af54efb77,fc8e9e450366856381246a03d9a30953f735c69aafa91a8a3683a015cd33c0fc
pdb_8urn_assembly_1,8URN,1,https://files.rcsb.org/download/8urn-assembly1.cif.gz,1,189,189,monomer_medium,2024-02-14,ad69cc7c33f2c7dce08cebaf9f23f9591d680547f0f6f9f259b608cf35b6efc7,5815b888789d52548142dc431b29dba28065421ea775d341ebbcdc251965c12b,2e1a1b4036dd807214d4c5f681fdc8f9b0dd1c9f9f27a916a97526f44bb119ea
pdb_8uss_assembly_1,8USS,1,https://files.rcsb.org/download/8uss-assembly1.cif.gz,1,127,127,monomer_short,2024-04-03,56ff1c1980ea27ce2757990ed50aead1ddab1d53ea76c162914aa736764ec9a8,2b14e542557eb231b2767a4cf9f4a7d637eeed7edeba618520c51fa8586ac28f,5d3eba4a18a768f891a2faf56aaf61b812527d3f6a0d2939cf14f29b6faac7b5
pdb_8v6z_assembly_1,8V6Z,1,https://files.rcsb.org/download/8v6z-assembly1.cif.gz,1,261,261,monomer_medium,2024-12-11,0519c5d45d8c29081bd82ad9a5d60b89d5b95638607cb5b79f4088ce91740ca8,b2ebb29b803f83808068139d702cb64e42bb1787e673b30668986ecce1050694,bc9d2b23cf732eac5ddd7983252a0f48597e971ad5c44c10d77815c0d86fbc7c
pdb_8v9v_assembly_1,8V9V,1,https://files.rcsb.org/download/8v9v-assembly1.cif.gz,1,176,176,monomer_medium,2025-06-11,4d4c8e2ab0851d0e5cbf6ee05b3651e25e8b14a9b778816010e3604b07e304ca,968dd762f2bdd1ed6a49d1b806a6694cbb6a7aab4a83791ae1f63e86563175c7,42c9b5255f7a849ca58ed55595d848bb4ddb61caef6c2614e1f6481c9386fa4a
pdb_8vcp_assembly_1,8VCP,1,https://files.rcsb.org/download/8vcp-assembly1.cif.gz,2,152;152,304,dimer_small,2024-12-18,f8c23bda563ccb4b4c4b334e0daac30689d6443408d9a946caec23084a23fc3c,831f9649c6e65cd7895d25a3d994473f6041ea636dfc82d2050e2db4c2a1a5c8,0820125ca566203921e4e06123f168e7354fd593d6ff6d2e1baa81e209583a7c
pdb_8veo_assembly_1,8VEO,1,https://files.rcsb.org/download/8veo-assembly1.cif.gz,2,645;350,995,dimer_large,2024-04-24,22641a63369e679ef85870e474797f6a86ed378dfac837447466832aebaaf403,5a690496dad3fdc6eab99b87e2dd158f4b413491dbc851780a0bc3cf83a540ca,19dfa0ef32a07671fe7d9e7cec94fb030b02bf150bbbe9e62cf67f2e8f0a6b59
pdb_8vhv_assembly_1,8VHV,1,https://files.rcsb.org/download/8vhv-assembly1.cif.gz,1,210,210,monomer_medium,2025-01-22,a654aa663045116a1e0c20b7301786f62b27dc680750338713589243252578c2,dd9e2242deb9522d1e2b341dcb24ea9a0904f5d815eddcb3393bea73f786bcd6,030ad12e25c24b098d17d57ebadb37f0947989fc654f839db34079ca7fa8f9a2
pdb_8vit_assembly_1,8VIT,1,https://files.rcsb.org/download/8vit-assembly1.cif.gz,1,232,232,monomer_medium,2024-11-06,d246d2d9127ace78e6adc05b58ac52ac9448c1e181cb42ec17b30893af2dc9a8,d080017df09bbad1de5ef444b040cfebc7f00754704f5c7cd95b9c2753aebfa7,d08a024bd0b2bfde006c164ef9535896ae191bd7932a709470cab59641525278
pdb_8vm1_assembly_1,8VM1,1,https://files.rcsb.org/download/8vm1-assembly1.cif.gz,1,192,192,monomer_medium,2024-09-04,c948a2f58525a545d0e5dc2bd11260b94859bb124aa98db8c2f184cf9a88fb67,25134236f7d8f8b3cb2f2ccf60215e289b7a1175be5e81a95eaf33747697ef56,960055ee67f4131eac21cc53da0a90e79856908976caa2b14f9cc56b31e3add3
pdb_8vq6_assembly_1,8VQ6,1,https://files.rcsb.org/download/8vq6-assembly1.cif.gz,1,260,260,monomer_medium,2025-07-16,e6a24c903c1ef211037c64a6835a8a484f48b17be1cae50d6998913f21acf7d4,8e2861fc3a2c676dd5165c5d659a2f1286f10cf1c7eb56295cec03065e362f6c,87f15b1c3a97484bcbe58fa5f84d706a9b3e6bd5f2ea89735e2ef32eed7caa88
pdb_8vuk_assembly_1,8VUK,1,https://files.rcsb.org/download/8vuk-assembly1.cif.gz,1,90,90,monomer_short,2025-01-22,451e65f39f90d94863bdc655358a824e718c5b694343f1769d389ca003dad7c4,5d84f8d0b7130124e93fb04929734708ef241d2fd9e9c2475bc315ffbae7f85f,6799ec6d4a079929aea6b272c662a9b53ff5682452647bf8accd1db73de602ef
pdb_8vwm_assembly_1,8VWM,1,https://files.rcsb.org/download/8vwm-assembly1.cif.gz,1,367,367,monomer_long,2025-02-05,d6b56819a9eea7ec18a677e30a81a636e0da276e1af93d57149b50c7d7a4a389,a35fd94ca708e8fa78a32ef13d9e1ddca89d6e5fd5dc4d694ea8ae5b00771fce,7cbc3ee58e5fae7a417aa63a695b3775892c903ba959ea3e1dfe8b02d2e31c66
pdb_8w01_assembly_1,8W01,1,https://files.rcsb.org/download/8w01-assembly1.cif.gz,1,520,520,monomer_long,2024-05-29,b527d4d68119b4102e80736671653fcd7e1a69ad2a8e332a5b930a6c869752f8,2ba2d647b600e47d88e40212e5c0fb59e5c822b99428a6937a33ec3c2f471680,d0c8dd7ceb7e3713566c4c311c61b9c1475b606a8b58093292702803b75dcfed
pdb_8w0v_assembly_1,8W0V,1,https://files.rcsb.org/download/8w0v-assembly1.cif.gz,3,262;237;215,714,trimer,2024-03-27,12518b50935e49f92e14556db1ab9a2eefda1c3e09ffef51ae38fcd15a48e0ba,80540afa2c7db5ec161c82513482e4717b68bb4daf372716ccb88efb7dee7040,985375e4bb99bc654e4fd4526a1fcbfd2a57240b60520c29f1693507eb8bc551
pdb_8w3c_assembly_1,8W3C,1,https://files.rcsb.org/download/8w3c-assembly1.cif.gz,1,190,190,monomer_medium,2025-01-15,66df7c9c645d03e441e33b161c10833ad2099c1d78d843af6c5d5f65b921a3c0,c8946ead7b692597cafbbb12a3fe18f4f1474fc3ade05e4cbee2bf74a7a0e177,b32b59ae2b96fa43c7081eccb27c1e5ca146a1133f35d4b88c913ff1ab6ad14f
pdb_8w6r_assembly_1,8W6R,1,https://files.rcsb.org/download/8w6r-assembly1.cif.gz,1,422,422,monomer_long,2023-12-20,ed0c4f56ab526952ef973a917ae6f50a18dbf33efecc572097fc35a6c8ebc7f1,6a815d556190de2f89ac23f691457fdd6aaf240bdcd6d2649de34a48a3ef52ff,86df2b93d895a8f3610c80e200ceb6a6b0e47e3f056692b691df66f5185f04e7
pdb_8w97_assembly_1,8W97,1,https://files.rcsb.org/download/8w97-assembly1.cif.gz,1,143,143,monomer_short,2024-09-11,f333887703344b6223b80c121f758e460ad584b94a0fd0f4b85f6faae5b3953f,bc0b829cc6430fd5b51111f8b33a34fb5684309268c4ada197354c3d74ed1fbf,f721c025535733c3ab2a254a00d3177e9043adac8f1460f24988d61bd4e1c5db
pdb_8w9v_assembly_1,8W9V,1,https://files.rcsb.org/download/8w9v-assembly1.cif.gz,2,544;544,1088,dimer_large,2024-02-14,58b46860a4adaccd0dbeafcf7b0b3e3bd6a4a4be783cb071cbba0d715c27157c,a92e059a8c48d95a6a30d3bb5d8b241511dd9fbbf23212803c2d3de36972c42a,8e8540040d506a6371d42bc09ac780459cc4f02b02135e16228646cbf4725e79
pdb_8waf_assembly_1,8WAF,1,https://files.rcsb.org/download/8waf-assembly1.cif.gz,1,231,231,monomer_medium,2024-01-17,ffbbd4c7625c4808b37059b060bc785c120555b4e605ddb1108efc716b0516a8,d0ccc8149f7dfd38840d6bba882a933f9404b9a110aa2fb32785c17d8ee54411,89c776393dac3bbecd74192f9643aef40ee07ef6c3cea496f05af0f456e48fd7
pdb_8wcj_assembly_1,8WCJ,1,https://files.rcsb.org/download/8wcj-assembly1.cif.gz,1,56,56,monomer_short,2024-07-31,ad0d3f1dffe7252bd5925569d2948338414385fb8407b37ebdeb1aefe01f15fd,d0dfe4e42ce463222560caff2f2ea24cde6b92c035e5d50594914badf4cd3075,00424db39d5e75dbab304002edd8f32a76a8a57dc8f50aa19a3e5226fc157ea6
pdb_8wdf_assembly_1,8WDF,1,https://files.rcsb.org/download/8wdf-assembly1.cif.gz,1,291,291,monomer_medium,2024-07-24,0c68c488bebc02fd90ddab95b97f78e94e420645b6978c9690e928ae076e6e96,fad7107297c5dc50f18fe9c201730d642e46035e1f129927bbe315844994ea6a,479aa76402be28038abfd65f6bac3593c1f2e93f08e0904da55ba2f5e4097f90
pdb_8web_assembly_1,8WEB,1,https://files.rcsb.org/download/8web-assembly1.cif.gz,1,712,712,monomer_xlong,2024-11-06,4e5d7601db3231ae3196996ca812d98cfe54bbbd0fdf3bc11096c2a2ef9de374,fa045e000da37a1262921b3c9157055279ed40837ad1ebb04aa37966a9dd1d0c,aea6ce3c2a221b9fdd29df22227992c370dc89a53cfde2ca5748971856d9d57d
pdb_8wfi_assembly_1,8WFI,1,https://files.rcsb.org/download/8wfi-assembly1.cif.gz,1,569,569,monomer_long,2024-04-03,2e084152a559d6501f716eb26d1e3fd364738ef6151da45ccf1c96984da785ac,85ed9927aa06d81641efa323ed2e47a34641509ab469489760f84a7b749c8b35,e7d8fe26521da27e2fc221714449ae382fcde9dcfd791af7b1d77ef031905c97
pdb_8whi_assembly_1,8WHI,1,https://files.rcsb.org/download/8whi-assembly1.cif.gz,3,235;111;111,457,trimer,2024-08-28,0df31ae31c929c41e7f74a05c85f8759dd8b925eb148954f84bc0079816aaf04,281790a890defbdc46a8536f1368475e43b2a60cf667be790a1c6f06106699c2,0a6df0365df20655a34d5eeb854573e2a6bb7c0fbadb7d263bf4ddb8fc6754c3
pdb_8wj5_assembly_1,8WJ5,1,https://files.rcsb.org/download/8wj5-assembly1.cif.gz,1,140,140,monomer_short,2024-10-02,1949c0ae9d15207795905276f269036c55b58d8f42a908884f237b063d03519f,cefdb40eb385b75e2c1a4590f8f42f5248622d1d59ba7d23598809b28c405390,e65eb314db69a7b6734d4831e63ae5a5539b49b88d3f77d7c565d0dbb4f9fc86
pdb_8wjc_assembly_1,8WJC,1,https://files.rcsb.org/download/8wjc-assembly1.cif.gz,4,104;104;104;104,416,tetramer,2024-09-25,d21cd56ec05f886a70929a60c731421abdf65b17a87c063c9660d4f902a67920,8943321bb184a2ef95a799a5d3dd4b5a659f8c4e6c43ed4c597d15150999af61,e2951887eb97e0f50cf327d3cafca438d74c0650dfd41d580872669c1fb68e7e
pdb_8wke_assembly_1,8WKE,1,https://files.rcsb.org/download/8wke-assembly1.cif.gz,1,113,113,monomer_short,2024-10-02,f0795728d7f8069c6ac54b862f1f192ddb4080b30b9fbe6ff7fbec255fd0c594,eb031bae2940a61ab55dee61d18ec973fd9c76d8a0c6000531d0b613200d5646,e0c1e88b32b5e5c0cc16932cc8dd93a4bd2ff42f43e59cc1d26b9c57ed9ac31e
pdb_8wkg_assembly_1,8WKG,1,https://files.rcsb.org/download/8wkg-assembly1.cif.gz,1,333,333,monomer_long,2024-10-02,7d4197630581080c600fae3194a52dee4fb1dc7c32b4cf4b04737416f2a42aaf,6c2c6fda27b6dba9cc6a92b4475a4e4e4700c8545a56109a0716fe740ae84a06,a531ce6f564249fba351d190edb17f8b9e60f340ecc9f01b1a65ccc57878a63f
pdb_8wnf_assembly_1,8WNF,1,https://files.rcsb.org/download/8wnf-assembly1.cif.gz,1,920,920,monomer_xlong,2024-02-14,5f1e9bc7af6760e80cbde28300ce78057cd74fa2c7abfa7a15f40a6170355bd6,970a05ffa0b117181907e4c51bd2f612500169ba0445344fba558fb58e636751,62c9be9078bc573204b96b1fcb2ae24debded9cc90d82dd1ce7dd42a449af832
pdb_8wr5_assembly_1,8WR5,1,https://files.rcsb.org/download/8wr5-assembly1.cif.gz,1,145,145,monomer_short,2023-11-15,29234dbaf069c5fb94e4c5deaf55100475aad7941bd565bfe7beb860fa047613,d38a601772c7dc51ec0c1864abccc40a21b898305b3502bd7b4e578a52e85b1f,d8057e45bb2e4d4000b7a13f42067e0ee78f4629a79ce23caed4c0f693db725f
pdb_8wwr_assembly_1,8WWR,1,https://files.rcsb.org/download/8wwr-assembly1.cif.gz,1,95,95,monomer_short,2024-05-29,03a679f696c6caa1407f3201828f5227c1594cd97956f47ec62742cb20917e77,855bc8f14d00243dbd5fdbf9b24edf5f94d48104e628ea1fc89c1d3942f6ed94,3ab619f34346e4933cd66a633254ef3dcfb7398f48a9890e736ca9bd998168ba
pdb_8wzf_assembly_1,8WZF,1,https://files.rcsb.org/download/8wzf-assembly1.cif.gz,1,129,129,monomer_short,2024-07-31,eaf1f8d7f5bf78bbefe1100d912a09893361c57dda057f634adb5c5af6dfe79c,e2d42e52990b764f5a46aacb9666557307a3ef422d82ab31cc3722b17ba859d6,9a0adc9ae9ac95e356c8601dfcc0a761fa91b08e4a3017b44744fbc4c070cc3d
pdb_8wzs_assembly_1,8WZS,1,https://files.rcsb.org/download/8wzs-assembly1.cif.gz,1,119,119,monomer_short,2024-12-11,46e1f9e822aa35b2aa0423b4a35b1048c5c14d2732b39fc09388b87c10bf329b,8181595819a28736cf715dec211ae01c31e9f10840a668351a7d7ec87ae46ea6,dc607bd41fa2927455b66fca9fce8cbbd1b8823098817af21e8f6b747dfe5c5c
pdb_8wzw_assembly_1,8WZW,1,https://files.rcsb.org/download/8wzw-assembly1.cif.gz,1,358,358,monomer_long,2024-11-20,15e466e61d2e47f09ddab0b8ce8d4458daed2e04f53dc7584a5f3373de5ba517,19381926d1b3713d31f9a9b524d4f0468cb74fb026576dc76c61bddf944cba29,7957cc734a937d528d727d59a03a23a026115ad2ecb122c78d17804bf231d2b9
pdb_8x1p_assembly_1,8X1P,1,https://files.rcsb.org/download/8x1p-assembly1.cif.gz,1,250,250,monomer_medium,2024-11-13,4eee3fd21fa3f1c69eed1fbf443f33e1386e97fe8b28cd51cc51a8f10931c03f,d8fa532bf23e57a83c43f84342271122f14f7bc48a412a51eefd282dbca30990,05a21111879fea5902cf8cb066a79863af8ca037416f10fff3e6f006fb36777d
pdb_8x39_assembly_1,8X39,1,https://files.rcsb.org/download/8x39-assembly1.cif.gz,2,151;151,302,dimer_small,2024-04-03,1b261d300ec85f65f313287a42e26f895ba3cecc03eedb77caca61ca0093682c,593cb53fd5790673df1bc8ea6604cc1ec94bfc65e728aa9e5b8a735938138b45,fc9358efa9549f86e0f7d80da6613fb713f0b67a5c37e5bab4b59f46b04aa83a
pdb_8x46_assembly_1,8X46,1,https://files.rcsb.org/download/8x46-assembly1.cif.gz,2,290;290,580,dimer_large,2024-08-28,3fa5a024467a326ae023fc33b87145bd0a38d6522d78fdb49bde7b622f9e78bf,d2f6e483697c9b19365461ca313a33279c3ea883886ca2c25bcb720be2899e8c,d54d7a124bf45ef531d603d6456c157360dac2229eb8cbaf1808483aec4fe334
pdb_8x47_assembly_1,8X47,1,https://files.rcsb.org/download/8x47-assembly1.cif.gz,1,290,290,monomer_medium,2024-08-28,be7e825e8801664d4ee861393ac195817ac5b87e3deb6a5726d01d6b28dc543e,8bf818ffb17859f88ffed0a3df8b571332c262cc658534d725ada43f55c3b323,ff3a6b0de903b686464af5dfe6beae6cd14596cc392468c716a407ee28f9f1cb
pdb_8x4n_assembly_1,8X4N,1,https://files.rcsb.org/download/8x4n-assembly1.cif.gz,2,126;126,252,dimer_small,2025-02-19,e3f863eae1a9093b652035ede265f7b7370ddd80787062eea575cf5453c1299e,fb0cd464b5949585b4736a33dfff7b9d791cc2a26c424b6e6249dfe410511a02,dfc76b1129ffcb2360671dcec638c0f5b78de4ed0e04989b760d1d9f50b295e2
pdb_8x5t_assembly_1,8X5T,1,https://files.rcsb.org/download/8x5t-assembly1.cif.gz,3,187;187;187,561,trimer,2024-11-20,3a16c83de14d856e3b2388e5e1f5f772e8c651820f558ca0a6997c9f20e4ef06,513df38c0c142844894d8bd166091b4b47e7a968d8ea3b1ca05686abf5630baa,41714804e58914e8845c6c701e0bd766f3d887ea04b51cf07d1c157fdb00b4ea
pdb_8x62_assembly_1,8X62,1,https://files.rcsb.org/download/8x62-assembly1.cif.gz,2,151;151,302,dimer_small,2025-05-21,71547f569bde31f6ac1b5215364b12a8c1af502c31a15d94d3039e0308724adf,4c7371168b0078c58c65b3554d2989814ba11382606221b7d957443a985d391f,bca6fb2b6c7483adc79302f91c8a18cb238e2993d992546082374a0aaa5d36f7
pdb_8x6x_assembly_1,8X6X,1,https://files.rcsb.org/download/8x6x-assembly1.cif.gz,2,569;569,1138,dimer_large,2024-11-27,e50ead2e082eb17e52e0dd41c12d4a0746b619ac2dc4c749c9e4aa64883c9791,c51cf6f3c094620d2a9f2734b97a6afbaee35e9b12ad53cf3c255b3635f142cd,e6939c643bce9be56a583d657c08290ce3378ba42c886fb28f083d8d3c95536f
pdb_8x71_assembly_1,8X71,1,https://files.rcsb.org/download/8x71-assembly1.cif.gz,2,175;175,350,dimer_small,2024-06-19,4595daf605b0e1b79790aedc247ef7842ae0265efcfd9f75ed81d341f74f8866,89a7f9232a6ca7e3f82a30b09b8336ca3174f6232ed6d612552815cc1726e81b,cf4f9dd837f761013670d5574d1bdb0550329e4dd6caeedf05fa9cf67587bc17
pdb_8x7g_assembly_1,8X7G,1,https://files.rcsb.org/download/8x7g-assembly1.cif.gz,2,167;126,293,dimer_small,2025-03-26,ce3b7631c04dcf2caa9998eecf7cc0fc25b311f28ccfd51b0ecc0ddbd55dcac0,acaa0a4b8df83d47c63b0dff496b68f7ef9f1b9221f16c42eea22a169e0527b7,f2312e618edd04984eeadc78681dd93ec1be40469f2bc1da29ed36ca6fe0f105
pdb_8x8g_assembly_1,8X8G,1,https://files.rcsb.org/download/8x8g-assembly1.cif.gz,1,961,961,monomer_xlong,2024-07-03,c3b6d7a242e9e9554f84c3df50b527f188b65aa5138beb78478d2cbededd8c77,4e8b626ca0cf4a3bab5b2e1152e63f545a0d59e7e92d69d4a003354f47a1323a,caaef224bdb371f4af687acfc87330afae4762a6da6fd66b6ec442f0e9914a34
pdb_8x8j_assembly_1,8X8J,1,https://files.rcsb.org/download/8x8j-assembly1.cif.gz,2,249;249,498,dimer_large,2024-11-13,b29cc716db11cb98ced49b04531fc921bd7272cb06857f6a0437c0ad656e24eb,797f5108df22c753ee9294847a36db4a8dfa7dfc4bc798241dfaa31248e3b123,7732015369f17c38579c827f1d566f81d6b009b431d5bcce1054bd6a9f6ce9f5
pdb_8x8u_assembly_1,8X8U,1,https://files.rcsb.org/download/8x8u-assembly1.cif.gz,1,118,118,monomer_short,2024-12-04,57cd07b90322c02ca5379d9748060e865025d091e4774ccd173de75f4fa0b1e8,0370122b5ea9f7d466ffae3fd8695f5e37637039de22efae738c6e3898910cab,119811b2801cb096aa56beb4d1e68fa749ffbb3719475c83218854f7c035afa2
pdb_8xab_assembly_1,8XAB,1,https://files.rcsb.org/download/8xab-assembly1.cif.gz,1,96,96,monomer_short,2023-12-20,f9b6282c918d157ec0128c1ba6eb95cc13c49f68cf8f750c7c0376f8b83f1d73,76fe24fa46a92e610b173d4e030759076fb62ff78703aa03853afc7746c0675a,46b5e5e8a059b6011622f802b6a7703f2cb6e8447162b429f96e6a50914bafee
pdb_8xbr_assembly_1,8XBR,1,https://files.rcsb.org/download/8xbr-assembly1.cif.gz,1,526,526,monomer_long,2024-12-11,6161070a970ab4ae2eb9491834461b33d58f0e98c1ada5578f69e74325c088fe,37c21e2e953ca932603e7e5d3663c360d73906cd9053bf3afe845266eea4a955,f21cbe02122adf06953f5b7674685a631d6b6eaa6c37e37629652419a177a313
pdb_8xcx_assembly_1,8XCX,1,https://files.rcsb.org/download/8xcx-assembly1.cif.gz,1,419,419,monomer_long,2023-12-27,c773aaa39f28c8761221f768319d9b129d39f578ac0d9a002a899dcbb683a2bb,7134651c10abba889e4c7d26ae7d6e424d3af64cbd38a4c153df96e58dc45ce6,3cc4e5027afc166e4787da959f03ecb151a578168db3e4ee13d92071247a4de6
pdb_8xdr_assembly_1,8XDR,1,https://files.rcsb.org/download/8xdr-assembly1.cif.gz,2,242;242,484,dimer_large,2024-08-07,eddd2d5208a90e40e806509abba59ab09bf8160362caae69c65e726bfe491151,c2f8dfd7b04b5c5d433c22b024935628647c132f9eb635a49a8dfba82340a78a,b3631aee1b3a8281ef12ff4b95ec3387ff8d77f6b79cf6c446392c9f7748598e
pdb_8xf7_assembly_1,8XF7,1,https://files.rcsb.org/download/8xf7-assembly1.cif.gz,1,283,283,monomer_medium,2024-10-09,073d2bd0839cccf17fa42501140433808da6c45147fc3d375bad7978cb8c1680,19cfc62c982323a1defdb6fa84711216eed6c1901201769eb3e59c6f6269f017,6475fa374718ab078e8d44a77cd799a2d200f36f29661a7ab7114f0868d6a02c
pdb_8xhs_assembly_1,8XHS,1,https://files.rcsb.org/download/8xhs-assembly1.cif.gz,1,737,737,monomer_xlong,2024-12-25,039e2c5d577cf71abf0f823b4278a34a050057de9fd2e012f5155013eeb63889,d1af30242e4a5303f7c4bfc1926c78ffc921fd286dcb8070ead3449d4c11d4c9,f11163affe4fd44564820b755a9c83b748732aab1f7f6f2bb012cf2647e504e6
pdb_8xif_assembly_1,8XIF,1,https://files.rcsb.org/download/8xif-assembly1.cif.gz,1,224,224,monomer_medium,2024-05-01,357eb4d0bd88bce8a31afd9be6fa29f917f35dae5a9ba13c315b87e144df1d48,c25ae06bd5e7fc11272757d78afd7fe9a8cdba39872d8051b174a7c84ccef969,7f9f4a1d3201378b0eb2bfbdd066379602b901de0d1340e728150d5032192ebd
pdb_8xiz_assembly_1,8XIZ,1,https://files.rcsb.org/download/8xiz-assembly1.cif.gz,2,431;431,862,dimer_large,2024-02-07,cde96a3f5011dda5083c5c8fd1f4a3194a638c7d899027407b53c06e6f8c175b,cdd34e73b5ccc62600cdf5a0207f1cae84abe9a6b0edf47e91ba15b8abde4a80,8517b0cf2b4ae039f36a2bdd47aad08967304c540361d6c4fcb100fb186ac8fd
pdb_8xj1_assembly_1,8XJ1,1,https://files.rcsb.org/download/8xj1-assembly1.cif.gz,1,289,289,monomer_medium,2024-12-25,718f594481d1cbb317a4b435105101b6eb1336132a0f6eb8fbe15ceb772aa70f,5303e08889ce0244e687a7ac7adeeadd47ae293e3b656b175ee0006ca55e365d,6f8a852aed83012a9fe4395990299e1188c958b7458134bf0e3262a24d210a59
pdb_8xjq_assembly_1,8XJQ,1,https://files.rcsb.org/download/8xjq-assembly1.cif.gz,1,296,296,monomer_medium,2024-12-25,c47becf95aca132a041ad446797edcff6be343fe87e7143cc1c5923d4e1e9b76,f16eae8c92a894d89ef9566c303bd06f023372caa408884b29ad404f1ad60660,c382ac7f39db86d828565fc037cee091ca7b59a1c31e4809fc78135e8dc6738b
pdb_8xqu_assembly_1,8XQU,1,https://files.rcsb.org/download/8xqu-assembly1.cif.gz,1,145,145,monomer_short,2024-03-06,5baf8e9fe5ab87affed4dbcb53a75f9371a6b66287660db7180904b24a18042b,e0b8feb5f1a9439c8ed14ccfe5a756a4774b22f871057cb44c8e7ffecc931c77,897288e179301b24eeab6289a69eda53eaf49b6d238d51357be833addcf829e2
pdb_8xx1_assembly_1,8XX1,1,https://files.rcsb.org/download/8xx1-assembly1.cif.gz,1,318,318,monomer_long,2024-03-06,c0eb9f6b18fbb2159881c06e35d3c603bc206035932a6dfc67f1ce48138bd8e4,7b080e053d4a6b86c6d943022c71770837332c9c2c6609ce4e272febe7ac8c1f,b03c0005d49b8b79fe03f1242f28095cfed3d68d0a6b6da78240211197f9945e
pdb_8xx9_assembly_1,8XX9,1,https://files.rcsb.org/download/8xx9-assembly1.cif.gz,1,655,655,monomer_xlong,2024-02-07,85b02eb6b10be9e63eb12f238ddf28894610ddf5cf3ae1080a285c42401a0d2a,74ab3aff3956f26e67654706c030ee221c0b7001345337331ac221442eb319f2,b92db6394bdfbf3ab120c26ebe2292c18de1f16bddef5550d950baa143a7dbb9
pdb_8xy0_assembly_1,8XY0,1,https://files.rcsb.org/download/8xy0-assembly1.cif.gz,1,360,360,monomer_long,2024-05-22,faa6b946f047ff5a7df1a5f42e8efc6f147eb545b38bb40a8f0dd0af672ce02a,b63551205dc02933fcd0e2a95f179107a05ebb2ffface46201a5bc59b73aa1ff,2fa49555db71feb3edaa5e45c979e33bb45e4a7cb06e36946e9594c5f4662b6f
pdb_8xyw_assembly_1,8XYW,1,https://files.rcsb.org/download/8xyw-assembly1.cif.gz,1,116,116,monomer_short,2024-10-02,6d12ebe2861df0cf43b052d6d0537e473f23d0fde7e5d6322d5ec6528222f7dc,f684bfb73a17c15ef8194049d9c8b8e7b90d114122e26f489be99b75d8917471,d9d3324b286ffcc7c41bc8f76066ff5250800c4c5f96049983ab56dadaa0e99c
pdb_8y4y_assembly_1,8Y4Y,1,https://files.rcsb.org/download/8y4y-assembly1.cif.gz,1,271,271,monomer_medium,2025-02-05,a60137fe9194569d54c232ca882f9143b4f15f12d8d737fb4466668a8347c572,6e614771dcd974cc11d5e2c96bbe9f4e4741512f898e4a2ebcd9e3361a4f9735,229e17bef125dc321e4e35a139272f4b9f844df8ec5e552c36672101d7a6a379
pdb_8y76_assembly_1,8Y76,1,https://files.rcsb.org/download/8y76-assembly1.cif.gz,1,70,70,monomer_short,2025-02-12,d7e9789637592b183fa08d65fb5f0457d0b93b2d4712f1f56d928c2831aa792b,65a13bef166e06392ebe3cb589d5be1f4335e75e2fd9f69bc38624282aa76743,0b5be47591a9b09b73c61424cd1ea01eb13baed84fafd369c4bd700bf3e939f3
pdb_8y8y_assembly_1,8Y8Y,1,https://files.rcsb.org/download/8y8y-assembly1.cif.gz,1,293,293,monomer_medium,2024-07-10,e3fbdee0c0dc6b0210d09c15a6ccb1ec9df263a4b51a7d01854caed5f6806c32,14049b52cd060c5861a43a4fd5fdaa914ada74a9c963a822879ec878400d787e,8858310a4ecca9de946152e52790ad0a95bd6933665c59d3a7ac6f9ec1fce7d3
pdb_8ydl_assembly_1,8YDL,1,https://files.rcsb.org/download/8ydl-assembly1.cif.gz,2,491;491,982,dimer_large,2025-08-20,c704971cca946a7a08559432a446f5a8464bdbddc6b3288279ea7c7ac106cf9c,500c4ed478ba245fb3b8ba5fb03d99f462dda822dba2baea51e07939cfdbca12,f12db69753a57a63de26580eb9a9d5a4af057ec9e775e303371153648f6fd2cc
pdb_8yew_assembly_1,8YEW,1,https://files.rcsb.org/download/8yew-assembly1.cif.gz,1,148,148,monomer_short,2024-06-26,d4d34861f8b8eb51f5ee8ca76bcacb23267f9aea788235ff6b2db183c08f78af,4d690bdf637269b511d7375c1b0ef67f9c7abdc2ce5d3d6a436ecb26c7442557,091ce1c58a5002d72cfd66aa333a018c708e9ac477579d5d7fd74066d7ae63bc
pdb_8ygy_assembly_1,8YGY,1,https://files.rcsb.org/download/8ygy-assembly1.cif.gz,1,238,238,monomer_medium,2024-03-13,f86c0870a31f9644eaf981865318044ca40af5456f02a4c296696e18c76180d9,028f92b04f1e0367df39193b56c0f5b5e27ab01573872ed32bb352e3dc6d125b,2788168e275219c05705219116e03b2cf3ee0b0707c62e42be8e81d9f4c12300
pdb_8yhn_assembly_1,8YHN,1,https://files.rcsb.org/download/8yhn-assembly1.cif.gz,1,411,411,monomer_long,2025-03-05,afa425fb9c3c4a9266c3c43d94748385425d017d346989c374cc76923c696b4f,5109ce15198a145d0f0a60bf7bf58b158250ef18329aed068459a27d2099e01c,506644b8c44de462ba8eb3fa61ee9549b54993235afb22a6e70a84a318599be7
pdb_8yim_assembly_1,8YIM,1,https://files.rcsb.org/download/8yim-assembly1.cif.gz,1,167,167,monomer_medium,2024-12-04,53e4f1377c52271722fbca059dc82a6f75cc2fc8e51f3596011b66f29b20e5b9,cc7f708c8844801b422cbb5783cfb0b156451b18c4cf5ed748012e30b32d01e1,f23e0b81da3273c3935880cad84170e3d282bd35a3b60709fea8a816681cca46
pdb_8yj9_assembly_1,8YJ9,1,https://files.rcsb.org/download/8yj9-assembly1.cif.gz,1,237,237,monomer_medium,2025-03-05,6b4cf1471c669df01f6d5e0098db4d3aba899319193291b4cb548a5819679a8c,df9e5dc53fe894afaca91e0d1cc02833a04611f59878e11e403d2154a9fa5460,dc4f57e41e3cc93a25cbfd43c755e16655b6008b5ff3afac19043a5e4fed9ede
pdb_8yk7_assembly_1,8YK7,1,https://files.rcsb.org/download/8yk7-assembly1.cif.gz,1,80,80,monomer_short,2024-09-11,c15649a265556ca7bd17b105aa5f8ffc1d5d6c81f7c02de2a15bfc40916e7c5d,a986560119597856fc16d5594e0903f660e2792ffb685609457d076e4a38d014,3751059a474227fd5e89d28e1096604af9ac26140869c88036b25b4ee58f7025
pdb_8yl8_assembly_1,8YL8,1,https://files.rcsb.org/download/8yl8-assembly1.cif.gz,4,211;211;211;211,844,tetramer,2024-10-16,e6b56f61217bc911d941bb5dee5e9f018a907ef192f562934ebe3852488e96ff,e04814b163e56e099d3c5bd286cb6f231bc5db978e2b1fcb34d901f6c5375f6e,3679208efa5a4cb2edc8a4a0fdc6083e570472cd1df7aed2795c960e055da43d
pdb_8yot_assembly_1,8YOT,1,https://files.rcsb.org/download/8yot-assembly1.cif.gz,4,124;476;124;476,1200,tetramer,2025-06-18,b892ae26738d15f06a805a0a89991b1ce394b58c9f19281b765227ceca93d755,7348589b922abd7654f3a5d919fc8c6db20f3364897f18bb202a93a2328b5f53,69dc7ad651ca7cba18371414f839ec117952833e768d6e31018694e39a2d8612
pdb_8yry_assembly_1,8YRY,1,https://files.rcsb.org/download/8yry-assembly1.cif.gz,3,135;220;214,569,trimer,2025-06-25,0644fe5e6e252fb7f66117b4d92d564cce0995df274bac861777c286a3312bcd,c322236b8455a32f363dd104731f0cb9c67c676e5c5f8662f3893004c8594e15,ffc98ec4289c7f06d8044f4b788d91d008f8ebd5a84f494e9cca59e45bf9fa93
pdb_8yss_assembly_1,8YSS,1,https://files.rcsb.org/download/8yss-assembly1.cif.gz,1,348,348,monomer_long,2025-01-29,6d59b155f6b065cfe9299a9c01e75d433eb4e1baa1c4c6482173e9cb0ed079c2,12ba7b7868a1b86c246dc2ee9cd92981a888cda0a5cc76aea3a33d3b7ef5d3c9,c060d791660d3d32bfd0a407c8abeb6174b69a2d08737e1648807c89938158ad
pdb_8yuf_assembly_1,8YUF,1,https://files.rcsb.org/download/8yuf-assembly1.cif.gz,2,139;139,278,dimer_small,2025-04-02,1b848f2638941779835afad7706060dc3995c3f51facf046e32688e464ca7bcf,3b42a77f42bc5ddfeeea96d9e057f2066e5f63fdcf6180c36374a7b5ec3eee26,c9e13319fa3e5648491a7ae477b5fda69d686a5c650d0b268c8edb2b648e8d59
pdb_8yy7_assembly_1,8YY7,1,https://files.rcsb.org/download/8yy7-assembly1.cif.gz,2,412;412,824,dimer_large,2024-11-20,3cf3499ec34384114d9d27b82244253f8b5ed9253be4af4e59e5607905b15608,c35b64c25a6fcd9dd376d04397ad5329bd01adff518c68ef7464cd608a59cad8,0948abaab6f879a6dac77a13693e7b86f4d1b00d6d7e0ad9688fc6ce7adc248a
pdb_8z1u_assembly_1,8Z1U,1,https://files.rcsb.org/download/8z1u-assembly1.cif.gz,1,1054,1054,monomer_xlong,2025-10-15,216dba7d9c8ca672ae6129062fea0d6d38e1a206aec70d313a7526a4815091cf,4a0452fd02206753d923379f0d40a6b817e35c44eb5e50cfa1db40a9ca1506ba,413748ca4a414d3b42ecf460e880d3bb7c78888f50d34129e1920d4f33e9b287
pdb_8z1w_assembly_1,8Z1W,1,https://files.rcsb.org/download/8z1w-assembly1.cif.gz,4,339;300;327;334,1300,tetramer,2025-01-29,af0c260a3ca42a8b446ba081062a5d175d11db118ba4ccc8acda32911f460def,008cb85f04eb6d5386d16060f89a52ad61c55ec49b4a96f0e961343fda702758,69832a3c3c11ccb38fe19da7a382d42bb6e98b6c316e493fa30d4442e45f342c
pdb_8zci_assembly_1,8ZCI,1,https://files.rcsb.org/download/8zci-assembly1.cif.gz,1,133,133,monomer_short,2025-04-30,15321c6a24653503fc98383e4edc446dc4783b8f9772c7b92a89416d3359f581,33f64ad70b6925ea14b57c23a51289852681a9ce7ad0d9e63b78602cbf73a20c,2915a904bebd25004bd9535d7732f509e5c7b0bfb9b14ec8912fc02e513df327
pdb_8zg8_assembly_1,8ZG8,1,https://files.rcsb.org/download/8zg8-assembly1.cif.gz,1,64,64,monomer_short,2025-05-14,342cb0c403e3b7594d1104ce460fbd94ef21e2f2fd9b3347f0635b954c0e6136,b46b9cfbd7bddac75715fb45d8045da1af8cdc895766dd9959ff52804622e3f8,b7f5ef04787378d18dded4f18b54fdc0fea5a500e07cebfc4f428132095fa664
pdb_8zgo_assembly_1,8ZGO,1,https://files.rcsb.org/download/8zgo-assembly1.cif.gz,1,751,751,monomer_xlong,2025-05-14,ae4bfe51f459c675c2425f34cc7307c55dd67726e737807ce0e89f4cf300da92,4d64293b8e9d6695c6708db65a0dcbbd34226d7e27098db507062ca306c00160,d92cf099ebdbefb6652b6e5116b4786d1c8f47186db2546b91729ee24cf2b001
pdb_8zi4_assembly_1,8ZI4,1,https://files.rcsb.org/download/8zi4-assembly1.cif.gz,3,232;235;603,1070,trimer,2025-05-21,e3171ec1c69cc758f22bbd1e59a71413bd398bc3c6a2b5cb21f96831afb22880,ed5b14a0515e976d52283003ee9ca0edb76255cc45c34215cf5137932da0eb89,83c1c53eff3984cdedbe40b58624693edeb43e35f4267b5a203350e86dff7ab5
pdb_8zim_assembly_1,8ZIM,1,https://files.rcsb.org/download/8zim-assembly1.cif.gz,1,310,310,monomer_long,2025-04-02,dca5efb17d819dc8a0ca03074620483cca312a732d3e73f61b48a01c6c61c2bc,cb608529991afbd792d8f90d43bda61ec9157c8b3eec924dc8dc54bbb2f26fe9,9e499edea5ebccf6695f6bf676417313835afd841483692e0439f475aaa284d8
pdb_8zja_assembly_1,8ZJA,1,https://files.rcsb.org/download/8zja-assembly1.cif.gz,1,241,241,monomer_medium,2024-12-11,fdf3c5822f7d980a6ee006e7783911f0f42ec6405d868eb4633592c75cd69c4b,71199e4cafd5e6c0cc3ba60699eac55a274fea1b06578af29cfe91a5510b454d,9077fb64b01b9443c1621bcf1e09f5732e4f76e869964d898bf48c9deb34bf35
pdb_8zll_assembly_1,8ZLL,1,https://files.rcsb.org/download/8zll-assembly1.cif.gz,3,391;391;391,1173,trimer,2025-07-23,c16806484ccbdcbfa20f6342109630c4e5cca81138f62001fd2c1b3b9aae6ca5,f54f5d7f7abc13be74565879d411e6827daee06ef8a662da7dc443993c24d144,e2b90c808c082017538f8c43f5b32760f2eeaa367be8eb6e79edfe56b277de68
pdb_8zlr_assembly_1,8ZLR,1,https://files.rcsb.org/download/8zlr-assembly1.cif.gz,1,509,509,monomer_long,2025-05-14,331d13a1d209f769837ba0d21c03dab607521cc392bb3b103c84aacddde42353,dcae58bc1fbc42bb3d154f020bece363409a4192b1ee1c864f86d6c0e345fe26,2d80b8ce0ec00204c200afc915cdf8134891a3e2fd0f7ac71918da4add937203
pdb_8zn1_assembly_1,8ZN1,1,https://files.rcsb.org/download/8zn1-assembly1.cif.gz,4,341;341;341;341,1364,tetramer,2024-06-05,416b7d0ae5b060786a2cd6bb6407b9f4f9300a4f2b28b6c85103ee813d74380b,4ad03840f86c2071f3e8b6a88bf02c431457a0bcf85e14e14b711e1588d42c81,aa6a4de178559de9372752edbb253021af6562a1598d95cd4e337b29ed1f2d76
pdb_8zna_assembly_1,8ZNA,1,https://files.rcsb.org/download/8zna-assembly1.cif.gz,1,95,95,monomer_short,2025-06-04,d746dcc0a9988a511ff916af2578398db833ca9da3140108694ccf28ddd2a0f9,34bddaf27b24c3741b4306228b84de9072e4ead722683d2d08abb186262e75cb,2bf4389b3df3b9bd8d47a7ae72905d67bb75febe9a45735858c25bd3015ce6c3
pdb_8zns_assembly_1,8ZNS,1,https://files.rcsb.org/download/8zns-assembly1.cif.gz,1,854,854,monomer_xlong,2024-11-06,a1fb7b5f5b936fb8f355073d397a180a22390b8b34fbb141468d23633c22c81e,aacf2d5091a6eedaee7b507d115f18d0f5c2b65ce8a0881ab5e6380c0a1fc1af,a60368a98c4a2d6953fa199a97ff5fbfa3114e23af6756f294007fd62bd11401
pdb_8zov_assembly_1,8ZOV,1,https://files.rcsb.org/download/8zov-assembly1.cif.gz,1,306,306,monomer_long,2025-04-09,72612514776908e4acb7f1f74177ed95733f6d1f7b8eb507d03a47c25065c23d,c09b24eed225ee664846ec772fa4fc7e98c8667bc29dcf38ff642dd2e15b31c6,c826d08b6ada65bbfa74ec698943d38bb2f0e7a78e35069e0d21955179daee44
pdb_8zu1_assembly_1,8ZU1,1,https://files.rcsb.org/download/8zu1-assembly1.cif.gz,1,618,618,monomer_xlong,2025-06-11,dbb7d81360dad26527226c25d5d08a6381a402d4b463baf03ea0cbba4e200979,5622c4fb88e4f06cc86b3b85298c4b77325c3fa4fced4be719bef9c3e20613b0,d571828c8670e9d457a3759273253ecd85689038dfb5eea4de227d0db5784e31
pdb_8zvs_assembly_1,8ZVS,1,https://files.rcsb.org/download/8zvs-assembly1.cif.gz,1,239,239,monomer_medium,2025-04-02,539e0628b659b7c6bc011dfb7de00505ee67f83b9d2b9a5f513bcc1091aa3e16,5a6fb5f93824a1ef6c9b50875b7c140a450190a84046a8c51420e1d5494561df,5bb77509368e5b395e7399fda27cec00a8bbe075bb0c4a4400db5315f4b58162
pdb_8zxg_assembly_1,8ZXG,1,https://files.rcsb.org/download/8zxg-assembly1.cif.gz,1,316,316,monomer_long,2025-06-18,220f62a5733fb1db9cf72abe9e8178465c9bfb583c0b1138e451c1d9945dcd63,3012e865c029a537644f044fab5386535b491211ea34731fe25c5794b099f2bd,0f71898bd66f39bb22a4b576bf496b16db90ae36cdf9a2847fdd11e26326ba20
pdb_9aue_assembly_1,9AUE,1,https://files.rcsb.org/download/9aue-assembly1.cif.gz,1,415,415,monomer_long,2024-09-11,7fe2bcfd4bed25424ecef12056beb95713824ce8e90eca469eb5714212e3858e,f2862fb8d45697ed4356f82c3ddf3265a7f37f9a6e5ed903586acf4ccd1f8751,b873451fd3661cff6ff7722801bea27abfaecbef191fa68bb536e074980f0dad
pdb_9awe_assembly_1,9AWE,1,https://files.rcsb.org/download/9awe-assembly1.cif.gz,4,228;215;161;65,669,tetramer,2025-02-05,306153854dc7a5a90bef36b9229f08f3afe5b5f1ad04dece8697afae3667ac7f,a295bda94cbefc3061f7a7476fd93dd7cd24289ae4c0f2fd689a9d570e44d37a,a3a16efa7d75c056a88af36c674edb0dfb2547d83abf8f6a070b542f879a0783
pdb_9awl_assembly_1,9AWL,1,https://files.rcsb.org/download/9awl-assembly1.cif.gz,1,223,223,monomer_medium,2025-03-12,fef138107d090c59d7bf540d8a8904e1fb5e48559210de675230fd6703101b8d,62faf4c2f34442275254a7b0e652a6e174393c0dff4c96fea4894a5ed04ecf0f,08ef65b8949fcbda6c749cca2d976bc0e70d3052815891aee3e9e377da867364
pdb_9az9_assembly_1,9AZ9,1,https://files.rcsb.org/download/9az9-assembly1.cif.gz,1,125,125,monomer_short,2024-03-20,4d904dfad1f170cb61763791fc226de1565403c4e0344e4864beac0e8ec8bade,2c41910327964f8bb6e572a49e075433e577e833ae08fa98bf9a279743ca8269,58943c3a2b10130c700a1f3613e76f978a6b826c80622074a9eded7fccd02274
pdb_9b1v_assembly_1,9B1V,1,https://files.rcsb.org/download/9b1v-assembly1.cif.gz,1,310,310,monomer_long,2024-08-21,49392ad2ba81e8b712f942d33189995b64b712ef17c70746e69e846aeee51d91,a36768df38b62870a65931840ae081069e547e392ded22e50964f43818390322,96897ee9f80e1e50ff984fb546b4462ea2d593d106f471047c943a859076f1f0
pdb_9b20_assembly_1,9B20,1,https://files.rcsb.org/download/9b20-assembly1.cif.gz,2,218;218,436,dimer_large,2024-03-27,72f3067986b8e8902336c2b505aec0d0c4841d5a0bc1dd2b2ca0893a0c12712d,ca87eaa3af6a1e3e28aca046a25a8f9f9989d204658ea7f215fdc90112aeec99,c86a8d07b5644fcb4c7a3f1aebdb69c808a57fdc8cb359cae558bc11d3273612
pdb_9b3g_assembly_1,9B3G,1,https://files.rcsb.org/download/9b3g-assembly1.cif.gz,1,119,119,monomer_short,2024-10-16,e05ee03e8a8c3ab6e66d88f4876c21dabddbc22cac0d497c20be4ae23dfa38b3,0db91abb2dd0453c6b222164e4d8334c79a2baa4ae77e9453b3969b38c0a7615,3fbf02ca8507032952378cd63a1ca4b8c3c53a4c9b68d84032ce93c1cf751126
pdb_9b77_assembly_1,9B77,1,https://files.rcsb.org/download/9b77-assembly1.cif.gz,4,363;363;363;363,1452,tetramer,2025-02-05,ea275971bb7d16534629e62d86f31beed287eb691e5bfad7151935aef4a41751,8f2d914310d6412d4da928a53375bbf5e3683028a58518e385648801a71bfb10,c386608177a1d5c69b5fbcf940872fb59176fd1a29b95609902ed2b3cc131b5c
pdb_9b99_assembly_1,9B99,1,https://files.rcsb.org/download/9b99-assembly1.cif.gz,1,733,733,monomer_xlong,2024-11-06,52d341d4f74ed1fbbb2313e57d29c6f6b1701f5e8780e6f2a22a832ebe74162a,106208dd22a12e2087f0cb863ad4a0735d8a7deb1a53fae4758015319d4906dc,eaa3f2eb3b071869fd1ca5115d652b1460d626e2777b77ddb7649180c1fb0c25
pdb_9bar_assembly_1,9BAR,1,https://files.rcsb.org/download/9bar-assembly1.cif.gz,1,124,124,monomer_short,2024-12-04,eec6beafaba3d34090caa7dde755a9bdcfd9b334ac2f11fa9b4297229164349d,1289f41a62c55ce89f3072fc473f5845291cfde6cdb2cf79f85ab547f1c89326,3a24650db66cbc6463a8603ad275bedc0ad6af440fd5f00c9e5dc15b25eaceb5
pdb_9bas_assembly_1,9BAS,1,https://files.rcsb.org/download/9bas-assembly1.cif.gz,2,523;523,1046,dimer_large,2025-08-27,03b9a0a50f39f5c77751021552c952cc07acb7ac05881c10d3dbf60b1306dc2b,cf02cc51c631445931271a316fd6e378fef5b26e8270a2367cafd41c0fce17e5,af35c29397138d3171985c98c9345ffc9926afb2996328661d240b5349a4d332
pdb_9bbh_assembly_1,9BBH,1,https://files.rcsb.org/download/9bbh-assembly1.cif.gz,1,1142,1142,monomer_xlong,2024-06-12,33a9f81d6d0d14d46a60fbabd865cc82241fcbf886e2bd36573c3c2e134ff98b,f010149edc53927f013a21c0c3e02674e158c2aff361a27dd5028bc0f1d9662a,8643864617af9ecc8eff02570cc227c000c192b5d748274f8e8786141135fc3a
pdb_9bcm_assembly_1,9BCM,1,https://files.rcsb.org/download/9bcm-assembly1.cif.gz,1,548,548,monomer_long,2024-08-07,36649489bb5e7bbb1aba03b4ec74d31f4ecf7a55242640df8d2fac52fe491ae2,124a00f4ea4bb2b6117ee7e10eeee8ba86d5e6be15c975df3eb26b991dd3bec5,9d65b25479756aaddae2cfd1f79af75755c808097850b7a7d2caeba3119e538a
pdb_9bfi_assembly_1,9BFI,1,https://files.rcsb.org/download/9bfi-assembly1.cif.gz,1,614,614,monomer_xlong,2024-11-06,9f5306ae7b669d8b4f962806c974a4137d158c8c6cf8ec0299a124b86e4ad979,2e584992808de42eb79f717b14358fcaed395bf0b6002c0aa01cd8aa43bb9911,7133e16383bc0d1817b948236e1d8b5f6d059315279a86931dad47214ef0e050
pdb_9bgy_assembly_1,9BGY,1,https://files.rcsb.org/download/9bgy-assembly1.cif.gz,1,497,497,monomer_long,2025-03-12,15092dc6d20b419788eebdd6d95fa8a0586f16116ed5e8401b42c8a51f0843b9,3f411e04599a3dd61393aee88c2c67aae22b03de7b32ec6fa3e8ed8671eb1c80,a4bb2ccffaa073994cdb8675a675f49e3064e52780cf2cf7d746eff8b77c29df
pdb_9bi7_assembly_1,9BI7,1,https://files.rcsb.org/download/9bi7-assembly1.cif.gz,1,194,194,monomer_medium,2025-05-07,ff44996309e4105d259753652300f9631e93cd0b5ffbe621b1dd1433db99a980,89cf342617758ccb6243f27283961a72824eeebe8dcda5db29f671a695b4b8f7,1ccb03a3a77a432382c46f8e0ab7aea145b6684020526b23e836ddcb845b29cd
pdb_9biz_assembly_1,9BIZ,1,https://files.rcsb.org/download/9biz-assembly1.cif.gz,1,274,274,monomer_medium,2024-07-17,3efd9e6010650fe58fb3fb55bfeb2b14927752b207936db2c00142169248a112,a095ae245ba0da23c0ebb01fdbdba058e231827c0e257d38f6b8d45ba65963cf,27aa3161b688673ff8d52d7aceb70796ec98a5c236c11ac738a051175952df1a
pdb_9bk6_assembly_1,9BK6,1,https://files.rcsb.org/download/9bk6-assembly1.cif.gz,2,104;60,164,dimer_small,2024-10-09,c998e429fe43e807968c32f51c297c98bb429af735145411fa77efc4a2003c8e,552b6d881c0467b5548e14bee267e292241b7b031f869e23d355ffd105603d00,2217c85a371956184fdb4ff559fab4b9184337d73ec13a8aa235439e1c7fb955
pdb_9bkl_assembly_1,9BKL,1,https://files.rcsb.org/download/9bkl-assembly1.cif.gz,1,54,54,monomer_short,2024-06-05,f284edff601ec4d1716545f70d93996a220dd6f405a79268dc999b082fac3385,1f1953853eafccffcb2d89c0aad7cc0032aaaea56f4eaf5c357715547b0f7ee8,3b54cb65d72bb0145fe4b62de6fe602c637b8c84c1f972c82161122cf37b9f27
pdb_9bks_assembly_1,9BKS,1,https://files.rcsb.org/download/9bks-assembly1.cif.gz,1,80,80,monomer_short,2024-07-31,48635f7d1e383ce1a917a97fdb4d8d220ea3ee755c1995360440cf90e15f36c4,d1b355323ceaf6043d0ec7868b812cbe176c7a8b7e0b2a14c6909e57970e8358,fee0b87cda6e86c3ddccb6cd8a73c2c7de75dd19fe670b1dde1f293707079354
pdb_9bkw_assembly_1,9BKW,1,https://files.rcsb.org/download/9bkw-assembly1.cif.gz,1,138,138,monomer_short,2024-05-08,918b1d687022f0fd96374e58064c8b3162b5335e3840f2d42edaac6564b2484b,69de1ae5ef3e20c0ec331ee08cbf3b4d8bfccefaa4fe153bf21a1ad6dc9a7164,85629dde754cc331b12f263dc4bc4ee11bb0630d9ca783711ff7b67a9b95a1c0
pdb_9blj_assembly_1,9BLJ,1,https://files.rcsb.org/download/9blj-assembly1.cif.gz,1,72,72,monomer_short,2025-04-30,45cd1a811fb727cde49a88ff2d19e516cea8e39ce15e80e02fdd724fe27b7ada,67ef739370d07bdca605f38e7f9d9868f36f305fbd063c199d6a847cfc3d9e30,f1fe6cb27d0d59f1bc7ad1ba2499ed00785fed7cc1a19f13e1f9d80c424cf222
pdb_9bre_assembly_1,9BRE,1,https://files.rcsb.org/download/9bre-assembly1.cif.gz,1,598,598,monomer_long,2025-02-19,890205197c879d7cec8049be078723543c94aaa66ec0a64546287d083123df66,45cf3e838cd02c8af3813e4077fd4b5222e813f9dad1999e94718f22a64865ef,af45fea0949870351ea5f7b766b99b8ec8a7a9d81d080488937dd472c6badc9b
pdb_9bug_assembly_1,9BUG,1,https://files.rcsb.org/download/9bug-assembly1.cif.gz,1,414,414,monomer_long,2025-08-27,d72c2f2fa25a747478f4a7d2d29f42c0aa9272bbc33a6c84746271a997155041,81274433f62d0951304c2171e716b7c515c7a95f2bc9b207da295185ed883981,35b0c07ea200d1db27607be98f85829e90935715ec4323db7bbafcb0f2810c2d
pdb_9bxj_assembly_1,9BXJ,1,https://files.rcsb.org/download/9bxj-assembly1.cif.gz,1,267,267,monomer_medium,2025-01-08,f974f00e1d9e3d57e3a16a830656ed142a0620de1cd0604ae0bf0aa4c4b09120,a55bdbe4c587a1ea9781b9bf052c7a74cb1b26dee4af6554b208fd567747b46a,3723d6165060e29a050be9f52cfb972709b2b02a1446b3aebc9cad11ca6d48e5
pdb_9c0w_assembly_1,9C0W,1,https://files.rcsb.org/download/9c0w-assembly1.cif.gz,2,231;231,462,dimer_large,2025-02-05,a34053a949faec308d9558d84a5d68bef1b5f5f68f17703361538277ccdb0d23,a8abce73e8eeb34ec2e027535cc63ed4e8759d24ff5e6ff38166b369999f95e5,2bdd8b05510840b0072dc2b982c2c94d31f93b829a777421c84321a0b2539f77
pdb_9c4z_assembly_1,9C4Z,1,https://files.rcsb.org/download/9c4z-assembly1.cif.gz,1,489,489,monomer_long,2025-05-14,17c357f13951233e072e783bc00e0ed814bd0a7cbddc2468b6114cbd0a3db81b,fa736743df7bd800ee34b95a4f759c36d70507eaf622d09b8974b15889e9f98a,cf7cdee036ecf323aff5f514c6a56fc1edce3e437014a0b363d6738a43be5335
pdb_9c6x_assembly_1,9C6X,1,https://files.rcsb.org/download/9c6x-assembly1.cif.gz,1,418,418,monomer_long,2024-09-04,0efe0ca76c408737e25dcd23753a37618129ad953e1e73825e6c65ceef7fed3f,7a8cd8b124e560b9f461927142aa5958005d610bc1a9cedcb23fb6a6f9b11054,2f5e3bb775a4add4a85801f4731498da8719048a2198289f558117ff1e9f14e5
pdb_9c8l_assembly_1,9C8L,1,https://files.rcsb.org/download/9c8l-assembly1.cif.gz,1,296,296,monomer_medium,2024-10-16,66d94f34862f216d79b3eafc40d9ceec8a4d1019b385c5b579320057470d8833,b73c765e817434d8a7fcc4ed9089b155f104fd8e8f543433c4b27e9e16151bed,ad8ecd67a6fd181d5ef4b9ea4723855bb85b007a6cffa611f05febb444b89a9d
pdb_9cii_assembly_1,9CII,1,https://files.rcsb.org/download/9cii-assembly1.cif.gz,1,143,143,monomer_short,2024-08-07,4f718ee36d5b1a7670b0a39956c6ec6f83dd56944a37ae7a930ed6d73c39370e,ff0899fac88710d6d45b6ffbca9d3ba9dab639ebed1ab9ea1cc56b150d0d0e2d,fccdff370bb8c64e0bcb97c3c32969725a90d41670392cd39252017cb56f482c
pdb_9cj0_assembly_1,9CJ0,1,https://files.rcsb.org/download/9cj0-assembly1.cif.gz,1,170,170,monomer_medium,2024-07-31,1cf11ada5433b7b82c8538093b114b3650d02be7c872eb46fa3178d2fdcef0cc,95c9773dc140f2df1c3cc2a2a822e9ac99827b448287eb535f258a4aedab96a7,40907d7969923f215991d77f1e93f0ae9c31c73b5bf8147f111eb8874c69455e
pdb_9coz_assembly_1,9COZ,1,https://files.rcsb.org/download/9coz-assembly1.cif.gz,1,197,197,monomer_medium,2024-07-24,4c86040294ed850eef3f4085ac50128039d75bd534d22c237bb9a4acb1a583f1,9f1833d09b8e834fe27d1cc5878432f652436a2fc6182c73080d30d944b1f74d,27e56b9af281054bb16815643d0bd9fa0a5fe66c3acbfbef25883efc303fc53f
pdb_9cse_assembly_1,9CSE,1,https://files.rcsb.org/download/9cse-assembly1.cif.gz,1,352,352,monomer_long,2025-05-14,bb1227d5eb16f99935a1ce1a3f8eafc53b1c6f33f36794607a293a1d90160ad5,6e9a49f3fe74c94f6bfd837b99c6a0d85e9f2fb20a2e1b79553fadb496dcf698,d93ce3dc36c830cbce7be448781627d58c68d1451d9fd9a659ad0fe819a84b8e
pdb_9csm_assembly_1,9CSM,1,https://files.rcsb.org/download/9csm-assembly1.cif.gz,1,129,129,monomer_short,2025-07-30,cc6611fb9dafe41f160f19226885ee00dbaba8665ff0aa0d712ccc37fa225b95,1cb0825365601ded8951b94fca307974f42df62ff11dae6448a4590bd16a027e,1afd7fc2d8db39469d29e80fdcc2d3fc89479a6b3bd626cf8c0ab0ad06c13d56
pdb_9csx_assembly_1,9CSX,1,https://files.rcsb.org/download/9csx-assembly1.cif.gz,1,274,274,monomer_medium,2025-08-13,99837b8db05e0b68d4fe203ee7bd297e9ba35ef57e9a1ac447e1ef466c19d8b4,8fd712d766d2953b48a90c647ed73713bdc0a13e04d2384f154563ec6e8577b4,4a7adef15729c1f05b23eb950b998ab2d792d6f1b05b70b85c0ee94896e60f23
pdb_9d15_assembly_1,9D15,1,https://files.rcsb.org/download/9d15-assembly1.cif.gz,1,302,302,monomer_long,2025-11-12,3a3e85c467cb11b0113fe4abffb41604500a4e01e07db0b9d9b7b6a9fd9ad0b6,aeb0e595687e9debf0354f354782cd28b9204435c5f6f584c2b9a41621707827,5c1dcad895388a508f44a52fedb53939199d8f27bf5bb96dd13f4333ce887f3b
pdb_9d3f_assembly_1,9D3F,1,https://files.rcsb.org/download/9d3f-assembly1.cif.gz,1,290,290,monomer_medium,2024-12-11,b1ffb86d3d40a8be40fa080e5954c9dcc4a39041f084e1be89601c1f6512027d,ef8793b4cf79d69abc67485d8680aa380a40a28ede1a700894ff68b7c2bfafde,0467b105f131381c60aabb524479252cffb8ffe6bb45e589e766122cc8016b6a
pdb_9d8a_assembly_1,9D8A,1,https://files.rcsb.org/download/9d8a-assembly1.cif.gz,1,176,176,monomer_medium,2024-09-11,cdb708475511a3f7076c041bc2b3e9c99f93e77cb8d14e26ade19b8f0139838e,27fecf747f37ea9c79dd8f652b0e0932571ba5dbc4c251674053cfcc93b646c5,75928ff953066fa54762f743d8e8d6748aa649bab04174b660550f6467589a97
pdb_9d9v_assembly_1,9D9V,1,https://files.rcsb.org/download/9d9v-assembly1.cif.gz,1,79,79,monomer_short,2025-04-09,088d8cf32f23e68ede3460f76bfb777e9dacdb0253e327fad1f5b317b4e21e84,e9bb3bce05c7c313d4607ae1f0542a20978419672ebc6c21eacff4f1b2a8fcbb,2717bcc6eb3ac003dd05efc552217544035f578f6ba3ecfd62a33013317676ad
pdb_9da0_assembly_1,9DA0,1,https://files.rcsb.org/download/9da0-assembly1.cif.gz,1,181,181,monomer_medium,2025-02-19,d50d13c226eb892b0ce52ea9c2098bb6c17cbe1eda42774e2c2632c19751ec85,6cf7575f80ef43dbe08291fe4d9497a1f6828dc843a3dc3ddcbffc1fe177540f,2321203105129c110f40f29750e92919122d4040785cf0628f3e3f95b1c46457
pdb_9da9_assembly_1,9DA9,1,https://files.rcsb.org/download/9da9-assembly1.cif.gz,2,292;283,575,dimer_large,2025-03-12,a8a95b410304ac5950cc25ecaeac37049ec326148565ade62f9619f7fd9404a5,3bf454571e7623a74eebfaec2c7aa927f481c52cd464d918cad9c3fd8ac67793,bb0410af1586ca64413579431011972fc70f57db85dacbfca67f89b92fc7a0ea
pdb_9daf_assembly_1,9DAF,1,https://files.rcsb.org/download/9daf-assembly1.cif.gz,4,326;326;326;326,1304,tetramer,2025-05-21,cf33ef24f95992e0b2a479f233d9cd51f927a3ed58d2c6afe38dc0e8e2148d8e,83da2340b85c81465963cf8e9146aac03598c2a3c67343b3667f9b5b2281f114,67e6528426f9a69b55259a2b6ff6558ba284876b9fd753b285c1c69484fe5dee
pdb_9dea_assembly_1,9DEA,1,https://files.rcsb.org/download/9dea-assembly1.cif.gz,1,80,80,monomer_short,2025-03-26,49bdd34ad8419f7ea574a4fe4f7c2d98eec4c618cb53f63e81b7337e3ca0bbb4,ae1cfb6affd769303450f936ebea52dcd158aaca15bb4331a00550290cba72ba,460904997388f434f9dc48303963971d2fe1f047390330baf0ce4d3db4ecc1be
pdb_9dfr_assembly_1,9DFR,1,https://files.rcsb.org/download/9dfr-assembly1.cif.gz,1,100,100,monomer_short,2025-05-28,3068236bcaae68e1fdc4c7d956ec132b30434b337d70e9037afa2af646f7850a,0c1bf23394357538af72fe61d9c4d3269d2c8d5634399704ce9c4c06f2550e0f,9d92c6f489f8c04993180eb5f58a09d56a0fd6e3fb0b5d03bc86025ab84e3151
pdb_9dki_assembly_1,9DKI,1,https://files.rcsb.org/download/9dki-assembly1.cif.gz,1,140,140,monomer_short,2025-01-22,de7a139e70f65b3b0ddb8e66ccc40b1afbb2af33daaba55ee12c3d7d08a6e490,ff86c968c8e8aedac6ec61c7c2a11dc9d31e58248293a5190d93f75f0656734b,61a480b54dd78c2a09b14bf082b224f6d476ae2eff32b9e4f62b0006effa6a2d
pdb_9dma_assembly_1,9DMA,1,https://files.rcsb.org/download/9dma-assembly1.cif.gz,1,274,274,monomer_medium,2025-09-10,9cd0ade44f57b31061175e817146c3ec8fadf615a1876fd383efd013b2b952d1,92aacc62890d1e00cd50462e7a2acd772160137f1baba3060e0bb49958904797,7ffd4649dce435ab069fcf9e02fb140dd11abbdadbb5fe126db4ec86bfd8923d
pdb_9dq4_assembly_1,9DQ4,1,https://files.rcsb.org/download/9dq4-assembly1.cif.gz,3,125;229;215,569,trimer,2025-02-05,9aeaca489afcff902d3aa3fe9ffb7c32a95ac6c2651617848acfee1233c6e37e,bbd34e3404356c077bbe1fd2ec710b211c978a3cc424fdeb38da06515abe8c84,bd034638b1dc61e9dcfb456ccb4b4f9dd11f5425cf14e13663c48fc2ed54977d
pdb_9dug_assembly_1,9DUG,1,https://files.rcsb.org/download/9dug-assembly1.cif.gz,1,214,214,monomer_medium,2024-10-16,235306dd9d112f356e8938a0e6076b77fafa76a9718da8206c25f64895b7a768,197dc64b621bbd687ecb74dff319fc23e64f407da812a3a57a3be77f0a09ea73,07400fa630acf6b12d9178c45bb622243c24354223acd0fe1e13da8839d50407
pdb_9dxo_assembly_1,9DXO,1,https://files.rcsb.org/download/9dxo-assembly1.cif.gz,1,746,746,monomer_xlong,2025-07-16,bbff232deeb7466669f1f304f1b90d644874603856b3b137aadfccb850a5de66,b90115fdd898d6951e87e77e5b558d11e5dcc4c0ff639d099ac833e8f89bf4eb,88e19ceb4177b90aa097fa6a886522eecfc860e9e8d344d70c614db62275e2a4
pdb_9e4x_assembly_1,9E4X,1,https://files.rcsb.org/download/9e4x-assembly1.cif.gz,2,399;399,798,dimer_large,2025-02-26,72a359761e0e4a7f3859221b95960a839becf1c6042ff58e56d9347752f992fb,1f248c0dc27bfb36a6742bcb3b1371a20f9163b78d184610acbf7dd12159c2c2,7de153ac6234ad9e89e5cf3f7ee8b2265627992bfe687a05171aba77d2c45223
pdb_9eed_assembly_1,9EED,1,https://files.rcsb.org/download/9eed-assembly1.cif.gz,1,364,364,monomer_long,2025-11-26,44f07751192b277265549388b8a23669bbf01ab367e4275152c89ef3f193652c,255c02b0e17c53762fe5c09078c631bdcd228f7838b78a97e230de22c50f5048,8fbf6fdc36845f849e3aa8bf8b878ed1beea339dc27a961563e464810de9c6b0
pdb_9egv_assembly_1,9EGV,1,https://files.rcsb.org/download/9egv-assembly1.cif.gz,3,88;88;88,264,trimer,2024-12-11,13563158980bd19f74b47d548aa06aa6d8762b8a54ba6be21b38c0427417240c,e137cfba1feaacbe4251570e365f73513413f04e166f9e97c7a6e4ca8ba9c350,97ffe20a66f776d5c1bf056b067079c82d0fa8beb17f6bdd95ad2cdbf3f63448
pdb_9ej1_assembly_1,9EJ1,1,https://files.rcsb.org/download/9ej1-assembly1.cif.gz,1,622,622,monomer_xlong,2025-04-09,6b3420a567f4f505a5ed31e91901b10097a011ed1e336d613a2c73913349d24b,ce75f90dad01a123b5bc8e5c18596cb2c484def987b5fda6708d8c5438fea7ff,8887833ae50cad700353b4b2cd5f43834c5fde5fc261efacb39c88c55cd70e97
pdb_9ejw_assembly_1,9EJW,1,https://files.rcsb.org/download/9ejw-assembly1.cif.gz,2,154;147,301,dimer_small,2025-11-26,de5a5867bfdb33f6b84b7bb04f6f64c437b22ee1e729342dffe70b826c5f1efe,93f14c9e764808d454ad32532c7071195c71c191d582068de8ecf57dbefc49fa,2f2a79fca6e857f48cbe46a5eee6738169bbd67d193cf12fd33b30533d6000fd
pdb_9ejy_assembly_1,9EJY,1,https://files.rcsb.org/download/9ejy-assembly1.cif.gz,1,143,143,monomer_short,2025-04-30,e0465cff076bc39e57ca50b8efe6a7cb6d612dd60d31b1f421afc252727b1809,062da03cf7898bd438d6f8cefebce7a5041e74af2c149764565dcdf3e31a9653,40b1d224644d368ec8835f1733a3afbf1b7bea6a4b55283570456b5d5e9378a5
pdb_9ela_assembly_1,9ELA,1,https://files.rcsb.org/download/9ela-assembly1.cif.gz,2,871;144,1015,dimer_large,2025-02-05,6d4e504d79ed0b16bd933ac81047eadef509f792412a4183be4e85a83a56549e,c429277a8fde4ea2b5cd6188d6ec317421d2752bf150d99f1bdb42620d7e75a0,ce628b4affaf3c8499847a594bea0fa07ec582127a997828e3f4ef15a31687ea
pdb_9emd_assembly_1,9EMD,1,https://files.rcsb.org/download/9emd-assembly1.cif.gz,1,352,352,monomer_long,2025-03-19,d4189bdf79a5d326ac9f0b5ee175072b9c1d2bff5231882842d474590a4b6516,b9e8bba0fe9d93052d89f3ba79c12504dc3958efd5817e5b504cca0e3c1e180b,52c5fc5f72462e414e4fea6f00a339b3fcffe26eede17b7aedfba3c17ebf9e21
pdb_9emw_assembly_1,9EMW,1,https://files.rcsb.org/download/9emw-assembly1.cif.gz,4,154;154;154;154,616,tetramer,2025-05-14,2708ced5a64afb4dc3820e1b1c9183b39a075fc6e81a62130c46a6e9fb0e4465,036dbd208377b42f80623b16dd4321a94e04aee7c7580b8866413d15ff0a88e0,2b37edc46713737630efada40a64d08bc9e5011bc9df33063af2b1816843b504
pdb_9en2_assembly_1,9EN2,1,https://files.rcsb.org/download/9en2-assembly1.cif.gz,3,302;154;144,600,trimer,2024-07-03,3b04cd227cde16d440eed028a3956e6e3a363b7b69ff3a6a84ce962bcd3618d0,bd31c7570ab1d68e80bcaabb2d7e7964c302fafdb268dde296abec5d8c993cf1,133cd82e85ab0c2fbb9973a67fb6f2412d5d39db5d7ae062b169d0f7383363ef
pdb_9en5_assembly_1,9EN5,1,https://files.rcsb.org/download/9en5-assembly1.cif.gz,1,178,178,monomer_medium,2024-11-20,77c00e3a14791cad9716d008deb66e96e06dbaf7bf2feb567837b8cf6d430b31,e716228928aa8e8e01ad7edc50242bb6647413ca46b4be758c7042617a910d38,a49d950536ed3a2d8d6b7925403da5ea44c7d1925d9c7102defa0ac3d1f52082
pdb_9ep0_assembly_1,9EP0,1,https://files.rcsb.org/download/9ep0-assembly1.cif.gz,1,374,374,monomer_long,2025-10-01,f40f601bd3df2505c7b79d9ad49dbc3b4c179d9c4ed7f275995ca52089778880,bf8db90f6503d3300a8fad1b7a04543b3cecdaaf0fdea6fc2901d4d0213847fd,ccaf5190161254859e4355f1f2442d6901dd6c2f149ae680f19b68d400557d70
pdb_9ept_assembly_1,9EPT,1,https://files.rcsb.org/download/9ept-assembly1.cif.gz,1,115,115,monomer_short,2025-04-02,4ccd930ce5996a701d0c3b258e71efe53b664c27ea59d93565932865f13feb2c,b325ecf9deca2ba756c831dc18345cd11ce5e8ecb2eb8d94d8492193d5841a95,cc0fb7e8f8a9bea568d1851ccc35b27c2ef249bb0656d803ccbbd37a95a5bce8
pdb_9er1_assembly_1,9ER1,1,https://files.rcsb.org/download/9er1-assembly1.cif.gz,1,207,207,monomer_medium,2025-04-02,03fb623ab77e1e63655c31bb8bb893e76fd784c50c4f5a79201d06034bad5fa1,db87756879939e35e6a5d15a09fee314e652b825daa76ce2984d7c74ca1f4169,28cad4de7c3a0cd526cb4b84537b178b558dad6f6a9be96729457996c22c3a44
pdb_9etn_assembly_1,9ETN,1,https://files.rcsb.org/download/9etn-assembly1.cif.gz,1,586,586,monomer_long,2024-07-31,8baa17c197985cd09a580a43f0c296af3ae461b712cea83c99ca2090a32e1fbb,9be7882584e0cb534363279a3b4c3fbd334dc90249c3997f6a561675e151d1b9,ffe2355278dfb074ef46c93244d4e1f9376f54e0f40ded253d7d6be45fab0497
pdb_9exj_assembly_1,9EXJ,1,https://files.rcsb.org/download/9exj-assembly1.cif.gz,1,219,219,monomer_medium,2025-04-23,81924467de13413728d6b360e84694644f5ca784274107b0dc39ceab50958d09,85b1704ed0d1d58a53d7194a323c242125954c25eb24b06f97eecab6a89de2c8,52a74d29d9ed6d843bc6897117e50ea32968cab076f003d31bc3c6ae24108a3e
pdb_9exm_assembly_1,9EXM,1,https://files.rcsb.org/download/9exm-assembly1.cif.gz,1,549,549,monomer_long,2025-05-21,85c9f0b6dc76d17d1ed6410debd92d5049f6a123009ee1a20242618eae4029f9,89323942253c9cffe57d66461edbb886ac3f03f4277a405fbbf8f1e9f2f0b253,79076a723ee2ef0227c0d183757a4f60681f079f09e14dde90402a63e09d2711
pdb_9f0l_assembly_1,9F0L,1,https://files.rcsb.org/download/9f0l-assembly1.cif.gz,1,950,950,monomer_xlong,2024-10-16,b7e93ff5e075b60c17e8f8588b9e074cd60b44118a67fa91faeb700284e7fe55,bd65766fcabab13a2c8d15a8f21394bd9bacb17ec474a0483b322c5ab45b04f2,09ab4750bd72c70ea70161147cd06593994ef6b2bc83b6ce4dfcb95ef7083a0f
pdb_9f4u_assembly_1,9F4U,1,https://files.rcsb.org/download/9f4u-assembly1.cif.gz,1,198,198,monomer_medium,2024-05-08,043a371c4fcd324e5652028dc1eaae8fb90caa46252d8b4f7e85d1aaa55015dd,14b6080a40322ca321e1664a8bbdd061f7ed2fe7760d4b9964fc5f581169f765,0d54388e714de49cad28ecf3421d6a9d1591a1de62e0b833b0fc78029cd81308
pdb_9f9c_assembly_1,9F9C,1,https://files.rcsb.org/download/9f9c-assembly1.cif.gz,1,231,231,monomer_medium,2025-01-22,65f2fcf42991788015a21ff05eddf1cfbcd4b3de3e5f58d1a33bda137785ee75,4601620067247e6900e1321041baef95d4445d39af3e2ffbf4b931dde2e56518,99918328e3e1941990296b6994e05a62192bbd301ec481be6893fb686fd0d592
pdb_9fbk_assembly_1,9FBK,1,https://files.rcsb.org/download/9fbk-assembly1.cif.gz,1,316,316,monomer_long,2024-12-25,7e75cd82b6e18e889ebf3c33188c18d8847dff4cf9234a129f4beb81d4c9dc0e,812c464e51eecb3928b3923724b099ccefa4727e5a9b1f93cfbb273303879fe7,b17d37ee1e35dedca411a8e9b474a8ad9a6686a3acaa4411d817888390bead51
pdb_9fcd_assembly_1,9FCD,1,https://files.rcsb.org/download/9fcd-assembly1.cif.gz,1,215,215,monomer_medium,2024-08-21,bc84bb93a2a009b98c179983fd58665587f2f04c6468371f44b4ccbacf462c7e,92107129b0c85df2c0dc2af428784a6fbef60dfa0f98ec3cae2555d00383d705,48abd85a35bfaa79a729ab4c5d7d13cdd11a5de131d3207cad6622474e5239e7
pdb_9fcf_assembly_1,9FCF,1,https://files.rcsb.org/download/9fcf-assembly1.cif.gz,1,274,274,monomer_medium,2024-09-04,50a4669a6d616dde720067946586d9b02e154e7ea5e51c7c02611b57df0cc586,d76fd1a0aa39412ee999308aa9fcba24c282f8f3e34b626f3748467b0013e264,6822dd51831e70503893b7b1f3cd5de465c12184ffcf18dc3b677f4b076936f0
pdb_9fdv_assembly_1,9FDV,1,https://files.rcsb.org/download/9fdv-assembly1.cif.gz,4,160;434;160;434,1188,tetramer,2024-07-17,65dbd2f964864a598bfd150c04ea93903af6a3bfb7e0b0abed7bda05f5f40cee,efd6350fb7cdd01534d0f31c0683db101259bf1446bbf9c69be8f942ca93f674,bf2ec0bd28c4ff3484f9b7dcc823782a071484c36b66c2ca1b79a18e4f070755
pdb_9fei_assembly_1,9FEI,1,https://files.rcsb.org/download/9fei-assembly1.cif.gz,1,239,239,monomer_medium,2025-05-28,233e22ea055c925406907c93a5b04e442ace2763002fa9b50b5c3ee7dc542696,cc9a603c5f70909e81a056a29b18a7de9500754819f1dcb278dd66fd6175988a,4bdb7be2a908670a31d6a098567fef643ff27a0a4643d1a235eacff7ee5c69b1
pdb_9fej_assembly_1,9FEJ,1,https://files.rcsb.org/download/9fej-assembly1.cif.gz,1,636,636,monomer_xlong,2024-10-16,d8e779327fdf32fcdf2d919804fac9f4f3cb13c467e2927711a6e7436bbe342e,e905aefdabc0a8887791e62064d801cda7afd136d61c1fff547d246b4109dd8c,9d79e09188ed425abe4709a716c9cf5f9f79a3b68f6c8bae653d486fc9dc56b0
pdb_9fet_assembly_1,9FET,1,https://files.rcsb.org/download/9fet-assembly1.cif.gz,1,324,324,monomer_long,2024-09-11,80e13b80f350d4f1eb997b3d4a6c4f6a28e2db953b1b955042b80a8651b19863,04bf49bf7e9573892269f5749ca539fa6468925258d4fe6786442c6685fdf403,fe9fbc25bc5f35a8cf1e88f9d51e76fd5107404ae660284734c6f8b1b1b42987
pdb_9ffe_assembly_1,9FFE,1,https://files.rcsb.org/download/9ffe-assembly1.cif.gz,1,479,479,monomer_long,2025-03-12,db07e727144ae209f64251a2f3dbcb2c71828e74a2941d19880cde7e79270361,f156f1b2a378d0df7dd055b779e8609bb4ca45aaf9c8ef25ca47a3aa908fd48c,afe39ca9ea7a3d0ab56df14e22022722034d7adf0f9d73e4fa573452d9131d17
pdb_9fic_assembly_1,9FIC,1,https://files.rcsb.org/download/9fic-assembly1.cif.gz,1,84,84,monomer_short,2025-09-10,dc9aa71e8b1cbf85b7db9e1ce6364ab3454a0177dcf2449c05c418ade1d847a3,f28b4fdba971af9b2d2b78d572c682b292afa1cb8a240f3d1d0094886db968cb,e4ca72e53ad01f18843ab97e34c1331e933000ac0e69238b72b0c492a6e95d71
pdb_9fpc_assembly_1,9FPC,1,https://files.rcsb.org/download/9fpc-assembly1.cif.gz,1,384,384,monomer_long,2025-06-25,2545032d1b2c51e802844c5e61790c674bbd52f9628bdc75d5853b41a189ae33,0d5fe5d169456d4dd30381b1640189efeb723cff283f1b4316654681762fbea9,a261c25de74c1cc632dc948d32ff6624a7f479b58df76aa33a9869a92fab57de
pdb_9fty_assembly_1,9FTY,1,https://files.rcsb.org/download/9fty-assembly1.cif.gz,1,279,279,monomer_medium,2025-01-22,b146b2cda1d68dfd96a2fe230850273780132a51e74f8f3508c34f2eda125f3d,5c1df269decfc5b579def0d8225cfc62fa648f8fcafeb96b10282877c1ff326b,103f126e93bc1a3a565405dc6295ec76375919c7e0dc43077c94fdf46e777ca6
pdb_9fw7_assembly_1,9FW7,1,https://files.rcsb.org/download/9fw7-assembly1.cif.gz,1,200,200,monomer_medium,2025-07-09,123437f577b322dcef9c1d11f9666810657252e57ed7913c0fd99dbe2a003f70,2b413226231c88da5dd823dd37e36eae5f955e2d5c4da0d638b7b7cb7ab336af,83f064efb9907b7a8fcc046f222cbafe12ac84c40ae11dcfe3ba0b8f4fb79596
pdb_9fwa_assembly_1,9FWA,1,https://files.rcsb.org/download/9fwa-assembly1.cif.gz,1,202,202,monomer_medium,2025-07-09,32057fb45026aa2f15f72bd66bfb964e9f2259895a739e1c98493d6e89bc4066,1a0c0901f878b8c7c16a4e9e747b6f4d0db1fc18b6f1c84356c8bc84a2908f4c,ec37923173077725828f2fcb0528f5d95681b6082c10f07a994efcdcd3ddd47a
pdb_9fws_assembly_1,9FWS,1,https://files.rcsb.org/download/9fws-assembly1.cif.gz,2,131;290,421,dimer_large,2025-07-09,a0760c7b07ede7a9d295bcf9ae1de2ee6d8746cb06a28eae60ba3b2bc2987a97,a002fad8f89a2f70504c93c5237da821cba857396fac627cb60eae1775d5170e,91f8ae78e22aa4edb602b9632988d4cad0c5838c1687163ef84fffee6a4619d2
pdb_9fxf_assembly_1,9FXF,1,https://files.rcsb.org/download/9fxf-assembly1.cif.gz,1,129,129,monomer_short,2024-10-30,57981073a31f921427fa6b6d83331c1fd712b06961f8dffe61afce430c5d1bc3,e5299f219f5846958c5399a2afa3316fd1cc45977d68d97088c353cddb0f2359,cc3441ed37c4590481c70f3faeb17d1128ff94554adcae583569304cdd61daa7
pdb_9g1m_assembly_1,9G1M,1,https://files.rcsb.org/download/9g1m-assembly1.cif.gz,2,145;145,290,dimer_small,2025-07-23,99c85f3ccfaa44564601676ea55ffc4d2669ae168e0059e16e9bff0d2b7a9710,e79897dfdca6a6b6fb0565da1bcb7e697e3290f041cef889e72a970ea8a13a16,4673f1394fb4589244451c57e1e34b2e573b4cc0802b9fbfa51f3d00455ea40b
pdb_9g7d_assembly_1,9G7D,1,https://files.rcsb.org/download/9g7d-assembly1.cif.gz,1,153,153,monomer_medium,2025-03-19,2f4929990592c95ded70dfb860910ad7373bd0118bd890315ba26ba0a830b069,b612b51d27e2651c9537ddd74c63973491af4f4c7aef35499125580e0a34fada,51d2d1c024f0c82d078bb94e590849f656fac86701ee300ecbb0137f1d4caf58
pdb_9g7m_assembly_1,9G7M,1,https://files.rcsb.org/download/9g7m-assembly1.cif.gz,1,625,625,monomer_xlong,2025-01-29,dddc057390346810798a8f45a25232c9e8eee82f0c445d7b87edc5f6de4f1f04,49b771d971bf2bcf84c95bc47df5bceca80498ebd479c9cc905755202fc30b1d,54a4c94be6bc1a53911ea80bfa457dc32698e62272fbe8001501b3dfb56bdef8
pdb_9g9o_assembly_1,9G9O,1,https://files.rcsb.org/download/9g9o-assembly1.cif.gz,3,425;140;136,701,trimer,2025-01-22,37ae29dd6580fc4f2d6dc86cd2ceef3553f3df8fcea9d5667dc2376c6c7bbbf7,6ec489bae8b4284f5defe646145ed6cba7e30d4c02ea753fa4d9f7698d5a40fb,9f3486dd5131301d184bd145127b5ea7223c998a12f00e6d846b94eda33c6377
pdb_9gek_assembly_1,9GEK,1,https://files.rcsb.org/download/9gek-assembly1.cif.gz,1,725,725,monomer_xlong,2025-01-15,4a99ca4cc450b1a32e587175f6af3bc8b12fe40a9801b6631942aad393c7c17e,51214339a5373da8a74c3b074a3c7188370ab5a95efab6bfefb379872b898d06,ddb77928c09ceded35f581cc6b8e69164b8d49adab67087c09ef15ee77d6ffdc
pdb_9gkx_assembly_1,9GKX,1,https://files.rcsb.org/download/9gkx-assembly1.cif.gz,4,380;380;380;380,1520,tetramer,2024-11-06,984561c606060ef666c48ecfdc38c45817845741d37140452d84280c897a973d,4ae8c8bb06568e6152175f4b4006c58b196d2c44ed2c320041ad4761a0b3bab8,bee56b5b6482345fb934bda5b39a6bb190f67433ea0eb20d536ebd19aa1d4eb6
pdb_9gmp_assembly_1,9GMP,1,https://files.rcsb.org/download/9gmp-assembly1.cif.gz,1,285,285,monomer_medium,2025-09-24,1a7c0ba7f7cd8f822cc15560649587b640018418add1b94378bc40524d4a9b45,365c18eb248c2f22ceb92c6950f5af4a5c4578fd97ebe528e059d98c15eaf41d,0979660a2f6008bbb4ea71fce5eec9127f5c2f1ef173817254738306d13e12c1
pdb_9gp8_assembly_1,9GP8,1,https://files.rcsb.org/download/9gp8-assembly1.cif.gz,1,773,773,monomer_xlong,2024-10-02,76aa31af7477c0047e1f9e3c7dc1cce00126eeeacc2e9c68f166a52b01aa056f,d61c525ed80f9f591a91564bb42f86bc6ef611ba44a0762c66bddade0100c141,79e54110277549e68d8905c45a9398b45a43804c917e5bbb8332f36913c2cc7f
pdb_9grq_assembly_1,9GRQ,1,https://files.rcsb.org/download/9grq-assembly1.cif.gz,2,304;140,444,dimer_large,2024-09-25,80d5518f7c7a26b27b3e148636e9c513f8dc704141387921cc0cf342a5540ca5,59d72475e246d443f1cd63550dd9d5a6e6b02a287ebfeca9b747e0b8e23f225e,36fd4377f6a0abb6ad949919d7dcd85424e20714cfdb22da5ab6dd7df8cdf559
pdb_9gso_assembly_1,9GSO,1,https://files.rcsb.org/download/9gso-assembly1.cif.gz,1,177,177,monomer_medium,2024-09-25,9b96244adee2e39663e59499178e0c821f863dde982b279275af3fd43f0903f9,33d6b25ef7000a3cf7f4faf29b7d8b350847c015447488c1d6634b69ca017135,d300e6bd27ea5fb3334d7dfb8ee96e36f41fd557941f0503a2b577fcf4b5376a
pdb_9gv4_assembly_1,9GV4,1,https://files.rcsb.org/download/9gv4-assembly1.cif.gz,1,121,121,monomer_short,2025-06-11,9a50bfbffb63f5a9ec3330a286dfd20459abbc47db0437c3823886b1775a2e9e,08baf87d61dfe2a0b2e4c7c4af9f6d4908cce8fed956096e6549b4eb5e113d29,926df1361544cada3b265ef9593c2f07df3502db83b5a67d08c8d6ff49b543da
pdb_9gxb_assembly_1,9GXB,1,https://files.rcsb.org/download/9gxb-assembly1.cif.gz,1,263,263,monomer_medium,2024-11-27,50bacd568880f8ffde19c337d16ccb103a11d7146f2f1390f291fcafa817cb5d,f609f15157f2296599a9ee31f6769451c4adf7df7c93e832f45f233c061a3dfe,e9aafb0b261a14dff15a853e1e3374d34e2f70cbbc10fc43c3b49743795c7b56
pdb_9gyd_assembly_1,9GYD,1,https://files.rcsb.org/download/9gyd-assembly1.cif.gz,1,105,105,monomer_short,2025-05-28,bf913d9ad65d65d100ccf14b8a990934ac027cb2050c4ca0eb333bfd3e8f574d,ceff8efe65059d2fe41f4070d1896f067beb5de4f0b1697517c40881fe2e38a6,5d0ef4f56c6a99496a8bffc17626d1f8ee04c77d8a04750b52c4e57a7b2106ca
pdb_9h1s_assembly_1,9H1S,1,https://files.rcsb.org/download/9h1s-assembly1.cif.gz,2,347;347,694,dimer_large,2025-06-04,c43690ed5307516cf43c03ab030736adb28c6ce6c8e7eb1f4be482776849f5d3,8e01352e040aa7b309f9ec3db6c88665b51788dafd0bcc5e80900c3ccaa5588f,6f6334932d788c1e6a09716ddb1eb333fda837f6e1fec3e6c6f89eddc6c0d4ca
pdb_9h3b_assembly_1,9H3B,1,https://files.rcsb.org/download/9h3b-assembly1.cif.gz,1,205,205,monomer_medium,2025-07-16,e89ee483185e30ad2052a1843f04ee82a01d5ef5cb966047bbcc9d423754cae2,3a18ea1d463ff7804cd12f3e167c2d2305d00845dcdcb35ea413feee3d2eb541,3e00f11238da402b99726bef7d80d601ee0268af15075c2d162c76bf82e4c93c
pdb_9h48_assembly_1,9H48,1,https://files.rcsb.org/download/9h48-assembly1.cif.gz,1,193,193,monomer_medium,2024-12-11,75c3d01ad30f5c16ab191de51e549958924ee321b2ea77802e452abd7b5e9cba,fb29ccdf26b58d90261f6e69425d7b16ba8e0a268f8c939a775820f6e9e785e0,213f91f04a3bab576fdc3f5f1a42e754b28190584bf5e3173fb0b6f9fbc6d887
pdb_9h4f_assembly_1,9H4F,1,https://files.rcsb.org/download/9h4f-assembly1.cif.gz,2,297;297,594,dimer_large,2025-08-27,04cc167086fc1dbd5516c6b4adc8ab022eca2bdf2b79d47d775a866cda6fcc2f,2398a2e9eccb21aa16a7d8bca2a5f161cb195598b5d2af096f2771ede1e655fc,287ca72d5755c9596c77c12ba8724beba0877913ef0bd0321ce6a7eaf01b2e9c
pdb_9h6w_assembly_1,9H6W,1,https://files.rcsb.org/download/9h6w-assembly1.cif.gz,1,540,540,monomer_long,2025-05-28,2059a043b198d8c9f10747cbc9e7dbf31ca91897c8f113edf365f8852187f7a1,1a370b9ca93e06e168ab0bd44d52684585878899e5b3fee97901b1c275633c87,e3a00f8bd69cded1fa948ca9e2e160d76ee4ece8dfd5a532221a8136b4576131
pdb_9h9b_assembly_1,9H9B,1,https://files.rcsb.org/download/9h9b-assembly1.cif.gz,1,1169,1169,monomer_xlong,2025-12-03,d3dea218cc711833d8aec405ac18f1e35be2395c95e10d536a173699973aeb86,5e5b1b823bd5265c30f327483a3b8b7c2d867787a63bbd69d1f76713180df70c,0de46b4466c6d995ad9b9153cb92f6cb549c699734f4ecd48730cf1219b9b50d
pdb_9hbg_assembly_1,9HBG,1,https://files.rcsb.org/download/9hbg-assembly1.cif.gz,1,91,91,monomer_short,2025-04-16,c03d10a1372d5b0b533566c407463693a581c852d447d97152a5c46ab7740933,c952c7f27120b539f6ae9a955c2ff44face1c9f0b34a05596bc149cb882f628a,23b08b0966542c8f39f7be7bc3a88d175a0ffeb22b346ae16a7ab9d70871a4c2
pdb_9hhc_assembly_1,9HHC,1,https://files.rcsb.org/download/9hhc-assembly1.cif.gz,1,137,137,monomer_short,2025-04-02,868a25423e679258519cba5052848b5ef7531bbc3ac9d16db96310d5e9171e30,320606412bb5860ef5b889a6ffa4c8644a0e2d9fa7a95c28e6f5f059676d08c1,dbed0c91a5467cc3723b850cbe8a8d47f6221ee5d968c7193a98c35afea81779
pdb_9hhj_assembly_1,9HHJ,1,https://files.rcsb.org/download/9hhj-assembly1.cif.gz,1,568,568,monomer_long,2025-12-03,b99d6d66a289dea9af5e3d4c0a8c809466feb5a7aaa19af37a1d4b0b99d21c69,ae928dd52ec0795faa165386e73fb80fdaa97ef5b4d5aa05df075532d9ba31b4,e5c476a2c3a9f797b4160d2aa42e642baa64c44e852cd630ac6892ee11e69bbe
pdb_9hkj_assembly_1,9HKJ,1,https://files.rcsb.org/download/9hkj-assembly1.cif.gz,1,85,85,monomer_short,2025-12-17,41865029a83fdd5e0f91a4e1f6ed8b4d04110390673aac8efe160c50394073df,0c0337160fc341a49af9ac4143864ea56fa441ecc092a1b9f43a7635157b5fc3,4b3db291df79317eb3125f87f275e494f0944ef87b37601853ffced6b3548b90
pdb_9hqi_assembly_1,9HQI,1,https://files.rcsb.org/download/9hqi-assembly1.cif.gz,2,311;311,622,dimer_large,2025-12-24,57404656eb9f1dc455ecca9ce0bd9a8c076f7df3751dbd6f6a33413a329379ee,4426f1950319d48dba496956c113ffcda5d6607e0627849148b211d5a9d92349,242d79b8fde1ddcfe8add0a108e241ad9f29ac55ec2f66ce2d1cc20b6506933d
pdb_9hs7_assembly_1,9HS7,1,https://files.rcsb.org/download/9hs7-assembly1.cif.gz,1,140,140,monomer_short,2025-04-30,fc7d4c3944f615ef375661642fca5ac413ef55ef7603c5f8d1e2b22eb1e728b1,27616d3e8834a5d79d084fbf4bba4ba2bef2533652b2d868dc445026287c2eb1,a2bb8955dc0b5f530009af9fdb05cfe62baef23bab03bf323934e4685feccf7a
pdb_9htu_assembly_1,9HTU,1,https://files.rcsb.org/download/9htu-assembly1.cif.gz,1,180,180,monomer_medium,2025-06-25,b0ecdaebf21b1b7d9b5f61c13eefaf40e5ef8fff4ebd4ddfd8493c628776ccea,549a66dd5876b41661edf4150c5de0f4322cf2eb11503d895feb380502ffc812,00805d5a68613bf8409cec69ec3787a83224c773a90c359b00bec68b06063a9f
pdb_9hvc_assembly_1,9HVC,1,https://files.rcsb.org/download/9hvc-assembly1.cif.gz,1,74,74,monomer_short,2025-03-26,a437772994f8c2ce5a5b6fc7ea3b5f52e77a47069dae9d56c677ec1ca2211017,aaa0b0c508d8fddb5e93e55ecb258b6c2407bd7a1a33381b3ed1bac50b8f39da,b408ecc65aef2d2e437228e05cbb4fded227b85a8f41ac0dfcb7e55641a99aeb
pdb_9hy3_assembly_1,9HY3,1,https://files.rcsb.org/download/9hy3-assembly1.cif.gz,1,269,269,monomer_medium,2025-04-30,5db00b599809e691456f735534e41801e512e128d4c7c84158333437e91dded9,7507b82d405749f0fdede15c6bd21698cd1218803e51eade3712bf6f148e3f65,436b9f686d38a69b528408b7f4ec8a31cc67339d7ca254506f671f20b665ddd8
pdb_9hzj_assembly_1,9HZJ,1,https://files.rcsb.org/download/9hzj-assembly1.cif.gz,2,91;144,235,dimer_small,2025-04-23,4fda22bf1c92be2419bbe8eb8929c5321aa477bc5083fbe50eaa2d0e71f707d7,190659e4782efb747988fde8271e59479f73b1c9780ce444f4900749bdfba939,8428b02645896d800b607933a9415e8c7dc470d4a0e4fd022f5f6e2cf060d0de
pdb_9i2m_assembly_1,9I2M,1,https://files.rcsb.org/download/9i2m-assembly1.cif.gz,1,192,192,monomer_medium,2025-12-03,8cebdc4fccccd59ca0cd20c33274e6c174629a2acbd3a40e1c7f821b1d9960e1,7fe0f16f57bd0594e19794fec8a8360d56cf6ddcc7c32330571ff06159a794cb,550bddacbc80b03252d5720058d56914e361ab8c09216a220831c937e78c9ec0
pdb_9i2y_assembly_1,9I2Y,1,https://files.rcsb.org/download/9i2y-assembly1.cif.gz,1,367,367,monomer_long,2025-03-05,58e76178b81492b31041aed79420a7a95d05dffa14c1afac848aedd1cce149ab,72c819987fc44e3b42e06b92c7eee1788a96eab25cd86e55636087877f76aae9,f325b81f399bf6617af7d092f4ed318456cecb550ca2fc033a900f9bf854845b
pdb_9ibo_assembly_1,9IBO,1,https://files.rcsb.org/download/9ibo-assembly1.cif.gz,1,299,299,monomer_medium,2025-12-24,12e2943ef73b44b1f407c06d18b768441c4c8682da2cbed1ebaf7ff772964139,b6694eb156c6a63e8ba6acb39c39aba3a80a8c5d428b8bd0447b4df804437e11,abfcfbf26166c5ced376070af695ad64499990faebcef8138ea220c88c534f4f
pdb_9ih6_assembly_1,9IH6,1,https://files.rcsb.org/download/9ih6-assembly1.cif.gz,1,62,62,monomer_short,2025-08-06,9e33c45c44351586071df2c0d25d68a60c5923ea420560423bb8a6c06be0ac32,960d6265e446ee63ec35d7fdb966544fcd7948b8fb0206120c2fa148a9929736,ba91f8d15dabd98e9092d82f1e21f3b87b175aadc0420bbc620fee27ee78af05
pdb_9iid_assembly_1,9IID,1,https://files.rcsb.org/download/9iid-assembly1.cif.gz,1,60,60,monomer_short,2024-07-10,84a5836788bf56d45cfd8b28d90f31d4a11f65d372a25af2f6a6c37b3aaa7d20,917ba054063fb8702b92dc0d785ce4f9f0b551e6020983f13a22cdb3c9887c28,d3ac35639c8eb6f9c9fa66cdc774816b49a142e39930024055fe1cb50f536bbb
pdb_9iis_assembly_1,9IIS,1,https://files.rcsb.org/download/9iis-assembly1.cif.gz,1,617,617,monomer_xlong,2025-03-05,20ac1423af4cc6bb0b4e1d87815d9b6d47b36ab97ca21ea7683dfde7b9a686f2,0aa97df19c56d692e961a55182f5269a861602b67eb6008baf205bb59385a654,c77e662b91858ec4a236c05bc3920d3e1a118b884ec9510afaf75b97e5695dc9
pdb_9ikt_assembly_1,9IKT,1,https://files.rcsb.org/download/9ikt-assembly1.cif.gz,2,218;218,436,dimer_large,2025-07-02,ef12d35297b46b831d06401e32bae217322411742f24c12a6c51919a809b220e,f4b2bc4378bd023d3a68c3900efd41d8844d2e9053fb554e05dde0607d40ab8a,9e68f02a54d6071858cea22de77de08095c1c7657cde2e72b734da5e45447a91
pdb_9imw_assembly_1,9IMW,1,https://files.rcsb.org/download/9imw-assembly1.cif.gz,1,228,228,monomer_medium,2025-07-09,8877a90953adda17977771e3a7b635edf36517a4bfa61dcaaa4645d4092cb950,762ddb03796e4cce414f064c693364f333def481202f1737b28d6f00d9badb31,e130ceb6ac8d0272145792b6d5f1ce55594f96225ab6b3fd5b3768b1393483aa
pdb_9ipb_assembly_1,9IPB,1,https://files.rcsb.org/download/9ipb-assembly1.cif.gz,2,627;250,877,dimer_large,2025-05-28,bfe006d1d48ead4b056e8739ee4aa7f06c5a22b305d853f6333159f660eaf320,03c43d3e31cce0aee467d7d064828fc25e8cd84857665a1a34fd3f6652b1ee58,61b94de81284f41d6a0242d4dc5920d9d94d5575dc01323c63a62668c32c75a6
pdb_9iro_assembly_1,9IRO,1,https://files.rcsb.org/download/9iro-assembly1.cif.gz,2,226;132,358,dimer_small,2025-07-16,6359e9184a899626423428993a623c31fd001f13eee0e204e03cbc4996bc5f34,cc4a00aa01f14ce88ec09b39f1de4bfbada91934420d2bad62d9ef9573abd6af,19aaea7ce280f2ebdeacfb35ccb3acadf9089bc49e52fdb3588702b4257ff91b
pdb_9irx_assembly_1,9IRX,1,https://files.rcsb.org/download/9irx-assembly1.cif.gz,1,553,553,monomer_long,2025-01-15,6fb586000f2fe8f2ed59eb1b62c29ceb3d4f29f43d56382f37899fcca7f643d8,6bd0a4162198dc65f7410e8d968e5210a8581aa9f9d55cef871d5f7df70b0a9c,7a17b9bbffe46412945ffd67ef9424c239463ede4a0e80d839e34ba01d0564be
pdb_9ivu_assembly_1,9IVU,1,https://files.rcsb.org/download/9ivu-assembly1.cif.gz,1,229,229,monomer_medium,2025-07-02,119d03b69b235f15cf6884576fc8fff53a89d436071bb16215ddf06548168edc,41b99810ce758c914f24c99a28df251794e93758189cbb8fdb83bd9f7ee81935,0b4be3feb28e2cff0942f4a6636e2ccdeec067ac045ebe0bb4c53a2c30c3fe88
pdb_9j01_assembly_1,9J01,1,https://files.rcsb.org/download/9j01-assembly1.cif.gz,1,111,111,monomer_short,2025-08-06,6668f14cb53bbc53f4ca8b34145cc56ae49788dd4558a2f07ab2d6c026ebe326,9ee7fd837de3ba9980e7d27ecdc25d9b8719d7aeb4376701728f38e83541127d,4b7c45c23e99f89cd50bb767904062c1332ba7429dfbae33d03e8c0e0fb82840
pdb_9j3f_assembly_1,9J3F,1,https://files.rcsb.org/download/9j3f-assembly1.cif.gz,1,779,779,monomer_xlong,2025-08-06,3913918a2f406747c0c0ea58e3a15d6d1614d2aa79ae3131e029f669669c7037,239a04284fc20fc248a53b86e54dd0e9c6c802653c93cffd67158540af900bf0,ca6b7cece02ed80de6405171c8379d3f68838cd0b7c91fd22246355dffa7e2b9
pdb_9j5c_assembly_1,9J5C,1,https://files.rcsb.org/download/9j5c-assembly1.cif.gz,1,310,310,monomer_long,2024-12-25,7b4ccbb245ef19eaacf2b881bfd219dd6551dc7b8815b5d7a99e5e6cb417aab1,da4f631e24599c352f41a64c596c081c6a97cc49bfc0e73b2e2df4234a9c1d3d,0258842517fcfe6025bb4e6de23ede02c7e1ee3d6809930ec751105d3c2d8fb3
pdb_9j7x_assembly_1,9J7X,1,https://files.rcsb.org/download/9j7x-assembly1.cif.gz,1,146,146,monomer_short,2025-06-18,5462ef67a9e043b95e60d3b4cb30aa4031d7d47dae4c6def1e6cfbe8540c643c,cf47970d724ebe2e31f6d8b8353fc97a7db681bbeb0346aa5bdbe1749aa30c78,8b296cc99720164aa3068efbb75bf32e4244047651b88bb12865455dd9e8c90c
pdb_9j9a_assembly_1,9J9A,1,https://files.rcsb.org/download/9j9a-assembly1.cif.gz,1,260,260,monomer_medium,2024-09-11,20dda2ea8984e3fa37e9e08f2dacb947aa125a46badccf47f106b0c65a7c086a,7775ed352f84d01368c693a6a3ba5a5f2b6e382a6bf110985982f73cd4b6c26d,7eab970b853a871aea09837dd9b3855467c42ac16e4894d41154242b02d906da
pdb_9jak_assembly_1,9JAK,1,https://files.rcsb.org/download/9jak-assembly1.cif.gz,1,171,171,monomer_medium,2025-07-09,e2c30613201888570f2b93ea6e6b624bc078d3c3cc67aeec56452a80eb682aa5,78622bb57b95aa0d112e18bbb05ac4f8f8a2d8a45bb9fec7c6ffa9df3d0739d0,f8b4cbab75d1a369f36a338ce3044e730282c8fdd1304b109d9fab84742bc9fe
pdb_9jbd_assembly_1,9JBD,1,https://files.rcsb.org/download/9jbd-assembly1.cif.gz,1,146,146,monomer_short,2025-08-27,6937d4ae17869f5d228f9bf5fcc07b397df004174b3236c49a55c6f75a80c727,d1c96ff51e355d4d14e155074897e485585b445ac45904e7a9a2f2f7472e4b73,fb4e5fc146284cb70b4f176caea95cf005b15282a24b6f4c7ef2b89b4abd0161
pdb_9jdd_assembly_1,9JDD,1,https://files.rcsb.org/download/9jdd-assembly1.cif.gz,2,211;143,354,dimer_small,2025-09-03,c66cbe68f1dca628ba769a589d77d4a7b077b782bd5014afcd7fa121da50c511,c8bb16eec75c1a0be9b254b986d5fc361eb57d746ac2575fee9b8f2e4750d09a,181d09e02cb64b8a6b065304d8bed9488b66cb0601f6f51b43dd05db37b097ae
pdb_9jeh_assembly_1,9JEH,1,https://files.rcsb.org/download/9jeh-assembly1.cif.gz,2,364;364,728,dimer_large,2025-11-19,67d33fe6d033e5aea83a5a1ccf6f0f28aca7981243791016e842c0c272f5aa9e,1333e36ef62316c67e87f385c8142c78ff16d41c54e41c117c620fdee98029d1,fd1e56affda359cbf498aad7163e349075376e8c6df155c979e96dc81a1f9bbb
pdb_9jew_assembly_1,9JEW,1,https://files.rcsb.org/download/9jew-assembly1.cif.gz,2,118;118,236,dimer_small,2025-05-07,07992f0b2899f2a2a3ef1a892d9b5f7b687a7bce15cf89e7868fc6389e626dca,263d45df24cf0172b538d3dfab482f7398147fa336044a3c02c2a46bfa2262f6,7b0d17c9dc2782d85c1df189d4dc37cc9cef3b7ca2702d55c7a57e5089686c8e
pdb_9jhq_assembly_1,9JHQ,1,https://files.rcsb.org/download/9jhq-assembly1.cif.gz,1,867,867,monomer_xlong,2025-09-10,062a561fedbfbd050f77ca2fd6e0bc4b1b771c90d4a6952a03a7636aec82e73b,c3989c896e818f7a556246fed0ca1921e8d1312d4346d39dc5a2e1250d0debcf,5bb4dd71f642cbc5b635af5d3e8476e68ca5ace1b30105869312fdb41bd7b531
pdb_9jit_assembly_1,9JIT,1,https://files.rcsb.org/download/9jit-assembly1.cif.gz,3,115;115;115,345,trimer,2025-08-06,da6aabf92c1813f6cabc3bccd6352737b88a6659b07f051e533f7f7c70fa25ad,87b0cd3d5e85a58abd078e113ee66f1f10c2c30c395c804dd6af69b2a93d8d4d,150f450b2fb31820c7f40db6ee3122b52607210d44f101bd9b18955477bae4f5
pdb_9jl0_assembly_1,9JL0,1,https://files.rcsb.org/download/9jl0-assembly1.cif.gz,2,123;123,246,dimer_small,2025-07-02,bd1fdbfbd951e0a05fabf3c97682f1182ee9d1bbb0730d393ba42d528d9f1f82,a4f5423bb00a2d92a31d61855a99bfddfc226b421024a30e5bcdaedf2badb56f,081560b779dd5edd6948fcb55ef8bbc8b99a2dd0019177f8807263cbce80bae7
pdb_9jlh_assembly_1,9JLH,1,https://files.rcsb.org/download/9jlh-assembly1.cif.gz,1,328,328,monomer_long,2025-09-24,e121f7feadef720fa89618fe2b8c7043e08eb129a1fd77b36f86ad8b34a7e49b,ca4f9abc90242fe0ca73163937597a4024e4cc79295da20c4257f80e77370728,42ca81f0bd0b43223718632d3cbe3e0d75f676d55fa8794ad0b4409ece6b2656
pdb_9jlv_assembly_1,9JLV,1,https://files.rcsb.org/download/9jlv-assembly1.cif.gz,1,477,477,monomer_long,2025-06-04,fba0a8031144fd7f0ad4dae3b7c581c5bc5e218ed565436e6fb4c6c3d1e51cc8,65772de92cf78824d960b3e5cc07d0d8f3db372f7c6caa37b32e012112eef910,2185ee87ba8184617b658ff20791193b9048b8e70351e1315fa25332560855ca
pdb_9joc_assembly_1,9JOC,1,https://files.rcsb.org/download/9joc-assembly1.cif.gz,1,389,389,monomer_long,2024-11-27,56e5a876703587111f1ad7464f0b2a731515aa55b0dedf0de9afacaecf2ebbad,5ff03b9156240a62c0bf7f6582d39f1e80c7d6a93b00ebfbb87f2cb048e1b662,62b47e1b234fcd64c180f35356d069813ab0d02f7cd22a774c4d587933c06d8a
pdb_9jp6_assembly_1,9JP6,1,https://files.rcsb.org/download/9jp6-assembly1.cif.gz,1,83,83,monomer_short,2025-12-31,0333257ee542ba98936a1cd19c505469a0db556e48c272cadf6fe6c65971ffb7,a727e240146cd1a6bc52c3a73c062bc8b76c81174e6365fd87cade1922f6beac,c2a9b48e49357cc7dcc07f57fa677ab2ff380a3d891f0182a10042ee2517bf5e
pdb_9jtp_assembly_1,9JTP,1,https://files.rcsb.org/download/9jtp-assembly1.cif.gz,1,243,243,monomer_medium,2025-08-13,98f1ca6260e3c95fb411a053a7a85d1d84851306a5a7c45c727bc01b39ecf69c,0812779b39a467aa87fc9afca06d1de470adbe3ac524dec012f790f75c0e6d63,094a5ee4876a677c408eafd0adc064049b3d184d3a83eccd20b4d63a48f26120
pdb_9jvh_assembly_1,9JVH,1,https://files.rcsb.org/download/9jvh-assembly1.cif.gz,1,365,365,monomer_long,2025-02-26,f753ce742e2495cc3319a06228e749a667697ab7cc269c5479bb425f656cc452,4a269ddcc69c1388601d3031fb194cf726630c386c71d98113bf35295f9108e3,847d461e0c966ca6b4c215e9fa355888df72640ca8ac6c274278a4cbbf4f997c
pdb_9jvu_assembly_1,9JVU,1,https://files.rcsb.org/download/9jvu-assembly1.cif.gz,1,132,132,monomer_short,2024-11-13,89b912aa49807ae559402f1c660d7c684c513ba464d5815e85a9991cc646c128,be89c1920ff4dbb63703553bbaa764dd4f743f1bfef12a6dacafded81c67b777,23c43b87a05c99a3acd248676ec1e06599e84d29c0a12df4e9578870e07c0e43
pdb_9jw7_assembly_1,9JW7,1,https://files.rcsb.org/download/9jw7-assembly1.cif.gz,1,147,147,monomer_short,2025-10-15,caeaf47ee80b145421c14582812ac49f2bfb186800ba0d80f759be39446b0354,ff2c91cc16ba860040d33d233f9e703c6e6aff01dd8a3f5974827d828890da69,911df7d04fcc3caffc5213195de9a88a4fec98b9c30ac979e441877f6de4d8dc
pdb_9kfe_assembly_1,9KFE,1,https://files.rcsb.org/download/9kfe-assembly1.cif.gz,1,480,480,monomer_long,2025-08-27,16e9bf603063920908420870e4fce7bca34ca7aab94083439d7449073ec9aa08,2aed964ec78c1316518a5c35460113c8a9c15cf5eee6a0964302ea2a26079544,166809f24cdf3c1bb0bdd361d2379141a1a2dcd760f0b318055cf65d5ed1d03b
pdb_9kfy_assembly_1,9KFY,1,https://files.rcsb.org/download/9kfy-assembly1.cif.gz,1,612,612,monomer_xlong,2025-11-12,c9283b1869aea3e4b316f0d8ca2d1e58498167def1f1b9025dd0cac680c9450f,f2a41ff6c490f7f376876a73bd7069d1c20b5e43988b5f55172dffd647a263a2,857a11974ea5029b64c16aa8d8627c47bd1a9c9cbba823cce4f281518a41464d
pdb_9kj9_assembly_1,9KJ9,1,https://files.rcsb.org/download/9kj9-assembly1.cif.gz,1,93,93,monomer_short,2025-07-02,5975805224b02b23e6aedde89d0e94c50915229c81f6f6fee9c5c0f5ea0fe843,2221556db0f5e476f3c0c16aa5e65576120944337d09adf3e0f5f8dff58de397,6d63e7366027ad5bc3784572e2f77eb173c1ccad21fe76fd98a8a90a8b5cc6ec
pdb_9kn2_assembly_1,9KN2,1,https://files.rcsb.org/download/9kn2-assembly1.cif.gz,1,664,664,monomer_xlong,2025-10-01,19d498e808b404341458180565346d3172a9cdb34d4649b685b91ff83a8c52f2,650d2a54a92fb467dc9b42493c158d17d1ec4215af8a299d551e77014b301897,41d2fc581e29c0ffdc6bddf188e6980f04095dcd09b8de5a4f96088876378241
pdb_9kop_assembly_1,9KOP,1,https://files.rcsb.org/download/9kop-assembly1.cif.gz,1,501,501,monomer_long,2025-10-01,2aab05b540f719464befb49120bcd8393350a07d047c572102890cd05c3ee646,bcfdf20b2ae0496d92d88ac1ef030b225ebb2b2ca44c0ddf10daae59e31b143c,467fd160dba0731f8aaf6d3751e317cc9f79f1f3e57504fc304c2e561f3b93c4
pdb_9kp8_assembly_1,9KP8,1,https://files.rcsb.org/download/9kp8-assembly1.cif.gz,1,537,537,monomer_long,2025-11-26,c645bc4aeda25c6a75e987ef6c21f86c4871c1fc31f5505398b7a74fd98f1b80,875b844532a1cabf5e136608149b095767cd6b06a221e88946c39f0077cc6f50,7d2334647d5be91665ea358d428bc76a85d91438de301a7bc28e3258913eb647
pdb_9kpj_assembly_1,9KPJ,1,https://files.rcsb.org/download/9kpj-assembly1.cif.gz,1,293,293,monomer_medium,2025-10-22,b8c242dc34499dcfcff4f86783dbac25fc0146f285b42a4b390d00bb9d8e9fb9,4d77281f084496f46465cf37bae9fc867d7773d7aaaf478b0f27c4bc2689a43e,dd4c01a32256e87e93c7fa247376666d893fb2e02c3f2ab6aaa00a947c944253
pdb_9ktc_assembly_1,9KTC,1,https://files.rcsb.org/download/9ktc-assembly1.cif.gz,1,326,326,monomer_long,2025-12-10,95e89eab37a8d04c01747e710eb8084da104481a081af2ea794b45df3cd276be,e4585dc5d3f475c66318cac0ad3303655fa7eae0ff12f65224584d930f3210c7,7d630228b9060f6bdcf7027f283c15fdb1302a1d9ec482035ab765a80c716a01
pdb_9kui_assembly_1,9KUI,1,https://files.rcsb.org/download/9kui-assembly1.cif.gz,2,65;149,214,dimer_small,2025-12-10,b01bc285f407b059cdaae562cb71be4fb6f758d11fba9da6b1e195da88bd2728,7e804672272c9280bf124a470474b540d41c4221943b7b008a3ce57de7db6c74,3fc01cc8f7b6824792dbf23d07d3a5cd055464b399d9f74bd833630393f03cc6
pdb_9kx0_assembly_1,9KX0,1,https://files.rcsb.org/download/9kx0-assembly1.cif.gz,1,243,243,monomer_medium,2025-07-23,eb33521cedd651bd7c34ff0faf37e801d904497d86773a5042dee7f7088473d0,72a976ae23da04e46d829ad71527bf6c2cc15e45b8762d9dca6d608aaa4a1e3d,d6f0faa7d29d5551f5cc4cf1a3c5b0acb6484b71e617f2ad837ebe7b5e30e10f
pdb_9l0u_assembly_1,9L0U,1,https://files.rcsb.org/download/9l0u-assembly1.cif.gz,4,284;284;284;284,1136,tetramer,2025-12-17,3abe0df1396aed82e15c4e36cdbd5160c20e26f3b66e157cc5b647438fe40f97,4c0afa5f4ffd90182d39aa4ec69692f767674560daf72dec53135c6119587137,0d0de08381cd8847e9a1a36b60131c2f11518344b799c9861df4a58072ace368
pdb_9l2j_assembly_1,9L2J,1,https://files.rcsb.org/download/9l2j-assembly1.cif.gz,1,293,293,monomer_medium,2025-10-29,a27a434cb6a44680635a4e6e721b77c4ed5a52a6aa76aeb17fada69fa4190140,50da2ce18b2a9fb43db05d2793a0c72f228ffe3f20055a5326af0b69b9a1dba7,962b628f6402eec2ef11d5428f0b7e6d3fd9c7427298ae29df8dd0b100c886fe
pdb_9l3p_assembly_1,9L3P,1,https://files.rcsb.org/download/9l3p-assembly1.cif.gz,1,648,648,monomer_xlong,2025-06-25,79e20c5e2c04353ba4c9e315c0085321d4d23df77e7d1d3010f75539adf61688,07c5654938cb4dcf91d233ee065dc8d5c6d7195d0511e23c70338407bc1463fe,de7fe35e0fa4767d233c6c98585457f31b1be1ca7e5344087fd899429fa82f65
pdb_9l8t_assembly_1,9L8T,1,https://files.rcsb.org/download/9l8t-assembly1.cif.gz,1,993,993,monomer_xlong,2025-12-31,edbc67f4cced99bbac8a2f36346fd3c58d2a4dbfbe7aa7454666434aed1b2cd4,467131c6e97d642922b5824795d80cc6f7eb4b32cb6523b46aa3634fb1697e79,157b29b4688fcab2be133a81da59ed4ced1e3c6ae034be1d1ef09eb855af89a8
pdb_9l8y_assembly_1,9L8Y,1,https://files.rcsb.org/download/9l8y-assembly1.cif.gz,1,164,164,monomer_medium,2025-11-05,8df7f6844e0b7aba15a0c7ce5e8e6f6c8b03be0c4da41fbba7d6e058f7dabd69,294c58213e88cc5f021fe63fdea3343a28313a635fbde81bf9896369c1b1228f,f29139cd689ec3075f2f4626a3f1078b33a0f6343cc33bb6b47c8b33ac6e7d35
pdb_9lf9_assembly_1,9LF9,1,https://files.rcsb.org/download/9lf9-assembly1.cif.gz,1,321,321,monomer_long,2025-11-26,bc8cdfd28bb75ea3a129ac370a8fa48bf2dfa93f1c4454fcff027852c85e4c0a,7b5508e079cd5de991fb75575f3b0b5f12fa16f076cd9aef29ed435afe48c8d5,77638a5c9217530110e05bd33a03ec2db66411e5fe43b3afedd5b20b549a9b71
pdb_9lgw_assembly_1,9LGW,1,https://files.rcsb.org/download/9lgw-assembly1.cif.gz,2,459;243,702,dimer_large,2025-02-19,9d4a7d14a18006efd687bcbc8b04085822b6c0ee0e985a01ad51660a432233f5,b81281c8bd80d1474ea3b5fc5cef4039e3961d1da8434648ae8d5bf40413891c,bf19c52e1654269a280b52facbe423bbf0e59447f912d701ba771d30aa1aaa28
pdb_9lie_assembly_1,9LIE,1,https://files.rcsb.org/download/9lie-assembly1.cif.gz,1,151,151,monomer_medium,2025-10-01,964b5318b9d2867253e139e4f8a180849bc8f2c309d1ea83a231a129f53f01f3,85db8d3cffc2217274cc06a9f0a5f90c8561fb1892f6b706631eef13a4f1d357,327ec4b78dbed8f2d345cf19da0b59f9996893d1b0e068792e4dd2f13adc71cd
pdb_9llw_assembly_1,9LLW,1,https://files.rcsb.org/download/9llw-assembly1.cif.gz,1,190,190,monomer_medium,2025-07-16,b0e3be09d138f1b57caf076eaa510008d49777697cbe27a62c9bef3f2bef9c97,88966353cf8014fc16162c2fe96b40117b1d17390b94dc1bd4f69c1f625db922,66df68b9c0b8f0f664918367eeced846af8dc52997fe98608faf7fb404648e42
pdb_9lmx_assembly_1,9LMX,1,https://files.rcsb.org/download/9lmx-assembly1.cif.gz,1,263,263,monomer_medium,2025-07-23,7dfed2773ad6571ebac416f79aff2ee5dbb696cd4d3725e2fb547b099962992e,a9d12206a59c198c676190210689836a2e590b162855d24067fc9ccb41190f7d,aa002ad497bcd2d7e200d63b408fda6c308f4dc581fa10ba7472644682ef847c
pdb_9lns_assembly_1,9LNS,1,https://files.rcsb.org/download/9lns-assembly1.cif.gz,1,64,64,monomer_short,2025-12-17,e1b4152e7a30c00550448182f3655de7db79af5f5d6af1409ae545dc2af87dc7,fc74f2ff533e3ea352fe7310a4e37fb4843e1fa9aabbd86a8cd0d8bc9ad7c483,75801d618485edb135725feafea8e37619a1d2b99b5cb92aa2a00baefd1cef57
pdb_9lpi_assembly_1,9LPI,1,https://files.rcsb.org/download/9lpi-assembly1.cif.gz,1,457,457,monomer_long,2025-10-29,19cc9ddca5cd3a619450edd6815d1087494292db4c1d39e1789e9e1460ec48f4,e795ff4eb986c556c45cc3cc44ee41b2753e7543280ebcf976388a45a6325b2c,567290b05e9515975223ef86fc6da8060d6dc3270001285f6b4b86eab2076dbc
pdb_9lra_assembly_1,9LRA,1,https://files.rcsb.org/download/9lra-assembly1.cif.gz,3,210;215;228,653,trimer,2025-10-15,e2a77b2f741658189f427ab418132fbedab65cadab0881fa21306368ff89b4c4,7800069bc4da50ab5c51e9955d64a9496cdb581eea852200610eb5f46e2cd1ba,30438403e63e7239429f8e7479060b95f029204b2ba0c4d6c6cf33f6c40f92db
pdb_9lvg_assembly_1,9LVG,1,https://files.rcsb.org/download/9lvg-assembly1.cif.gz,2,325;325,650,dimer_large,2025-05-07,789afe145c3e38ca594dcdf8236936b53117c145c1bed002c9c6b65131d5bb5a,5336210073eb3a8030dca72923f6cfbe718be46a475916ce2a20da0025b5a971,3f577ab0f1819fbecfca77a3e5764db6b33eb80b7a8b902ac35cf1d5bbc13973
pdb_9lxl_assembly_1,9LXL,1,https://files.rcsb.org/download/9lxl-assembly1.cif.gz,1,620,620,monomer_xlong,2025-03-19,63ad6cd0a7196cd7a53852a43d94a1b08dbc846ac956a3eb47252bcd4021bb96,97a308e145aed1198c1c96de8431ed24619166af690376746ee4b747613cd3ec,300c577d7042f9993d508abbe772a3965f294127d02e7f07654fe65edc5fe714
pdb_9lys_assembly_1,9LYS,1,https://files.rcsb.org/download/9lys-assembly1.cif.gz,3,57;57;57,171,trimer,2025-12-17,a29159d5183e30654410b98bd7e0e89ca41856b9a99801e25eb281fea88f5017,68565f0ae9ac970d265878c541aff53c7b46495f010b6107f8620e9fee882297,c70607e2b59ea5152d713a82d0f9bd8258be23ff118aaf14bfea0c8690d9ce71
pdb_9m06_assembly_1,9M06,1,https://files.rcsb.org/download/9m06-assembly1.cif.gz,2,187;187,374,dimer_small,2025-11-19,8cfe635853e50de0a1bfa54c1da4e577cc993d14862c17b50ef554b668a535c9,918ece51241331fc3e353434ac48edd2753c16db5aa6edf18720948e84c8a337,1f9f666b178718114712d4996299ece0fec50a3e572b20180267ed6a6ebe549b
pdb_9m07_assembly_1,9M07,1,https://files.rcsb.org/download/9m07-assembly1.cif.gz,1,134,134,monomer_short,2025-11-19,42943ebe5f3b80f8d708a4dc95f7110ad819175fc038b7e421f70fbd4c8d9e6c,7e5c427fe5d5c13b9d382e36259341c5983808093873a36a2afb3096d726995c,11ea09af405e4a718ddee8fd5ffbff603d4865c9757cdac422b8b19393145a16
pdb_9m5b_assembly_1,9M5B,1,https://files.rcsb.org/download/9m5b-assembly1.cif.gz,3,206;214;230,650,trimer,2025-12-17,7ddac05a332d457da3f80b09e8ced849e5e7c78cad8fbb3d36d6ea3be9f463f2,337255a53f70a85e27daf24a856c92a825117accab14193543c4b7424a428439,7c0e97fd1c325e12da23eacb12bebb441243285163c898c7bea0719af3c89baa
pdb_9m7l_assembly_1,9M7L,1,https://files.rcsb.org/download/9m7l-assembly1.cif.gz,1,226,226,monomer_medium,2025-06-18,52adfd23ae02d42f4cdc5e808aac8e395ab99ea07f4051ef537913cf10b63b20,6974d31be9d15a20ee34f3629ffe2d6bac7c992b645182c14ef07b50ba387edc,fb6c3f1539638ce73b1adfbfa0f9290e351efee71ac432e8451ad1b4630fbddb
pdb_9mdf_assembly_1,9MDF,1,https://files.rcsb.org/download/9mdf-assembly1.cif.gz,4,331;331;331;331,1324,tetramer,2025-12-10,80acb65d782dc4a4590251b8f282865225f42d2f5ab63acdd90e3296db1e6b7d,b3798aed479675924a11039de53ff46409d5922ddea10133e6674e93d16c0164,ecc9d6aec3944e631e944767a24db552e6101f4ab1beeae116c158c2a0ba31fd
pdb_9mer_assembly_1,9MER,1,https://files.rcsb.org/download/9mer-assembly1.cif.gz,3,227;235;214,676,trimer,2025-03-19,636fbac1712bade9dda0454099b750f9067398830613734e436e632942b88c4c,b1677bd8e6febdcc5b24994f344be03fd8d41543462406416e7f2e633bb9c88a,7020fbf96bc703cb98f7d6b80cf2a3b50c51dcfb844bd92de4abea1bd279c387
pdb_9mg7_assembly_1,9MG7,1,https://files.rcsb.org/download/9mg7-assembly1.cif.gz,1,244,244,monomer_medium,2024-12-18,9a7ee0e2abcef665bc3b5a60386237baef473122d058d729261ee8259d407ef2,9ec152dd9900eff62cba873fd4cbec9b549620c11d4f52c871d0b6496d635ef4,0f3542785f1eaa5b9086dc83887003542ef7f778087e6de6f6c6d57691335de4
pdb_9mh5_assembly_1,9MH5,1,https://files.rcsb.org/download/9mh5-assembly1.cif.gz,2,148;148,296,dimer_small,2025-09-03,6f22ee63e319f521a3535d5cc7ebf865e300eca5d4eaa5d16dea5853a86ecf6a,5e1edf1950c06cc3a82057b44fbd78e49da1057ba6bd2324a00075088d8db277,7f3c51079dd2536b59ee39847c72004bc6c108ea4964a141633e6da884f4e473
pdb_9mi6_assembly_1,9MI6,1,https://files.rcsb.org/download/9mi6-assembly1.cif.gz,4,280;99;220;216,815,tetramer,2025-02-12,104f1964c2a53b5ab11b934d824e00733264ecba9feb812a0901cdd4064399b6,cd3b5af51cc1908927a1f65de9561f458e1bdb82f7e505a302ab2a3a4ec98255,0da33f030421522ac567282da3bbd215c8be42b081797738780e929afaf66912
pdb_9mif_assembly_1,9MIF,1,https://files.rcsb.org/download/9mif-assembly1.cif.gz,3,227;208;183,618,trimer,2025-05-28,28c6d030c71fd18044f1f173a694cd4c18f1ee929ed634371807182ed311912a,dce0ad704416b95517a37b49c87e46aaacdbad49170e1d3eb09467d982fb997f,9ee0da4d977098d1825b839722dc36394165e6ad4732b35b35a163b091fe3223
pdb_9mm2_assembly_1,9MM2,1,https://files.rcsb.org/download/9mm2-assembly1.cif.gz,1,450,450,monomer_long,2025-01-15,5659667ca40ac925adcef1fb5d674fc44dc14b162b2499e29b8677457fc6abbe,9d695779585fbe4238483b549b1fb1663c23fc5255cc31fc49123f1e12eb8df3,a5dc5d073a8ebf57644cf12dbd01d2edc5d1817b92203971e94041cc9fe21909
pdb_9moj_assembly_1,9MOJ,1,https://files.rcsb.org/download/9moj-assembly1.cif.gz,4,151;151;179;179,660,tetramer,2025-04-23,f3ec025532fb198db7c4a691a29cd1c9060e5052cb503116da918ea714fe9c78,47555f3531f29033b3fd41fa65c2b44b9cf49be12b5fa44a4df5543400da766f,16d98be0c2b8c26d817e5a9d656522d52ddc2e78b77d00865d3e495e3210ac5f
pdb_9n0j_assembly_1,9N0J,1,https://files.rcsb.org/download/9n0j-assembly1.cif.gz,1,127,127,monomer_short,2025-08-20,11879b447bf85fd6fb2017ffdbbd4ec896475201f78f267d518b68e156bab699,0b7114ecd1cdaf2747fbb3afc0e77d46d93c4bfccabb0f19bd668172d51f58c6,0f1db3c054278625a627d8cf13b380e1938fec581e7d68d9b82027cfd60e0be7
pdb_9n2l_assembly_1,9N2L,1,https://files.rcsb.org/download/9n2l-assembly1.cif.gz,1,223,223,monomer_medium,2025-03-05,af5ee94d7b888059635fa1e91fc810f86583974e810182490d1b44808b68055a,7f999f949feb65dd64adab51f20091defa6a29cb4981f419d378d32a6e0ff948,850d1f41c9e9d8944fd6c64e726857d62ad55974fbf12d68a669f039d506289a
pdb_9n93_assembly_1,9N93,1,https://files.rcsb.org/download/9n93-assembly1.cif.gz,1,807,807,monomer_xlong,2025-06-11,46e89aea69c018da5b03fb747836d4d42f6ba0554ece279f34f4c8949ee4ec48,8600d4c4b621e62d8940ecef155d85d19da597f1ea27cb47ee10be79e40c3486,87c46369a203412afd78131ca809636b61151759d601e2b060ffd656f9c99eb9
pdb_9nb2_assembly_1,9NB2,1,https://files.rcsb.org/download/9nb2-assembly1.cif.gz,1,212,212,monomer_medium,2025-03-26,966ca4e8129c99807b25f82625188f4fc3b24b2528a47c778c77ec3d86fac67e,f8539e4e8464f1dc957a7c26d2239dd5fda69a0c8b8f61410272144c82e66cae,ec144c1116b682e4a0a0e711e130587694c3d338bacec4733301a35cef71962b
pdb_9nil_assembly_1,9NIL,1,https://files.rcsb.org/download/9nil-assembly1.cif.gz,1,201,201,monomer_medium,2025-07-09,547de214411b77d0b73d638d307099e685231c6c4e91ea7bb5dfbd89732d780b,43f0ef4e002ccabc1077036ffc5584ed4d4404650457f028fbe10a8a71364215,7aa78820f5a1e1514620344feee3d00f0d02b00b8181a69eb15e99d3500add50
pdb_9njw_assembly_1,9NJW,1,https://files.rcsb.org/download/9njw-assembly1.cif.gz,1,484,484,monomer_long,2025-10-22,2df105b7fb21fb907e12b6eb01b07555e92aef95b49af1b19af0cb6258035ae1,65ccb30f813890b2afc931b766689a2857cc51fa431dd84983f8376b4568784f,e7d962238223a9c89750294150bdba385f98ecc7526c3a355efc6f80002c628a
pdb_9o2n_assembly_1,9O2N,1,https://files.rcsb.org/download/9o2n-assembly1.cif.gz,3,164;164;164,492,trimer,2025-04-16,2a609b89dfd242cabcbfa11a43fa19f8a9b41bfcd0fa339098cc030488a1619d,08931db81379f353cded521779d1bc7633c14ba66016305466d4a144f5e8a463,792817a48a633fca3e218b8cd735489b802350137e6b9da2df5bba732dd52c98
pdb_9o5b_assembly_1,9O5B,1,https://files.rcsb.org/download/9o5b-assembly1.cif.gz,2,124;124,248,dimer_small,2025-09-24,2e29834c7755ddccaa83ee1d034582cd55b5dcad7a6af501b75397f228f280e3,2e9bc6b84fc1b7a5458e34e4a693eecbbea1de9efae7d59866452833a77e15c6,39ce33e4bc74ce7365e24d18b13036513258e5e97d49b7bc3c9425529477393c
pdb_9obc_assembly_1,9OBC,1,https://files.rcsb.org/download/9obc-assembly1.cif.gz,3,156;156;156,468,trimer,2025-04-30,7971e66357b4186d7ee13312477ee5327894365e24ada62707ce2dad15d3593b,64a906ebd3a9021cc814ad35d991e13527c48bb2e385fea2544f708c6d5199a4,2163a6210139f76b2d072c89e7953575af1fcd99b217b91bdbc05cd6c52f6edd
pdb_9od9_assembly_1,9OD9,1,https://files.rcsb.org/download/9od9-assembly1.cif.gz,1,166,166,monomer_medium,2025-07-30,a514bb1017ae6bea5cb24df6eb60a146bbd6d2e8fd6e4a1ce794f3fc39324e65,e0a7b4c888ef4cb8cee5d32795ecc3a934b1fad659f1a7152027d7ca8090f002,17637167611612211b358663a3e5771e96c00a13606d5f26c2984685ef53ec9c
pdb_9of5_assembly_1,9OF5,1,https://files.rcsb.org/download/9of5-assembly1.cif.gz,1,127,127,monomer_short,2025-11-26,7c4392ccc9579cfbc5827d3666059b8724e49a6ffb6fc4c1e8b4b9250be4dddf,1763e2370bf04e36c725da51068ebeeb14c282f9f4d5e4b40b6ad2e37c56767e,e6a34423b08ed99041d24a75c01b950b0919046622b5a97f2efec85194168a36
pdb_9of8_assembly_1,9OF8,1,https://files.rcsb.org/download/9of8-assembly1.cif.gz,2,127;127,254,dimer_small,2025-11-26,37ff818b7e495befb4f82b24dbd0d5f5ecd06c404315295adeafa3b1f3e22623,eb132ecfe833e3326efa7f132dc8094654d7eeac36158c449cbb317d00f4fbab,a8f74d7d55850efe0fc4a9d80aa160d0e9f3d94b4fbb5534b5b67902ea8ebdef
pdb_9og9_assembly_1,9OG9,1,https://files.rcsb.org/download/9og9-assembly1.cif.gz,1,1073,1073,monomer_xlong,2025-11-26,f72244c5190edb83396482d06ace2216fcab18ffe9f6e1186478282f5634255c,3434cf30c78dcb41bd34b172f090ab2aa5452dfc46d7abe389d69d0101347f22,d28b16ad1b4f41cb1436c010066979dec4129aab000b460de7ce8707b74df66e
pdb_9oh6_assembly_1,9OH6,1,https://files.rcsb.org/download/9oh6-assembly1.cif.gz,4,128;128;128;128,512,tetramer,2025-07-23,118536e5d7de086e3850a21ebec34b78734ba2402bbe026b8c6694b9ef26909a,0abcdf477da10c9d57c3f239f00ea2668773c39587463c5cf36fc5414ba9bb94,e951770efae1afeb13a2795c2d9450996b7eab92bc1360f1adf2716d2b572856
pdb_9okj_assembly_1,9OKJ,1,https://files.rcsb.org/download/9okj-assembly1.cif.gz,1,604,604,monomer_xlong,2025-12-10,79bcd3be145421247a24760820614de07d359c73f9b6c3d3e82dbb33e72d1d07,191ceb8624b3d83ee60cf99ee08eaff3aa257452cad39ff156c20c29d9413e1e,55040dcf52f31b87bfc1939f1af9dbd6418bdb914147443fd60b204dc0c41332
pdb_9orn_assembly_1,9ORN,1,https://files.rcsb.org/download/9orn-assembly1.cif.gz,1,541,541,monomer_long,2025-09-03,a08f2231c02412adb5497f8ed2b3893ebb41f33b3dd23918703e42047b6680d6,acbe22d24c2170bf0bdbb0e75394e82d0598c88e55989b02dd8ad0472a6e4b12,d744e4f3d178afc329f66bee3a12b79dc850de95f8dcae227677f0a88617ce46
pdb_9ozy_assembly_1,9OZY,1,https://files.rcsb.org/download/9ozy-assembly1.cif.gz,1,316,316,monomer_long,2025-10-15,6c2f5afe1898a8e8aeae320b424ce10220ddd6ccacd82ee560e6f32adea6a79f,a943c5d4e288f3277b5db1fda5e4360f3f0a08c27fbe51f602a05bdec61e03e2,02fdca3033beda2ab3d308f25560df3bab26aaf6ca19ce33620237b1374efe28
pdb_9pd2_assembly_1,9PD2,1,https://files.rcsb.org/download/9pd2-assembly1.cif.gz,3,151;225;214,590,trimer,2025-12-17,1b28c6079802b85d2506961a1ec2ed2681bfc84cce88fb5f003986afb63e3872,1fa71ca1858bd032c8925fde842a6163fdab00546e6c3d59ef38ae2d3d44da89,87e89915cae576a3c69d6e534941ccc86460e027e911b9f385d013f5869a132c
pdb_9phr_assembly_1,9PHR,1,https://files.rcsb.org/download/9phr-assembly1.cif.gz,1,131,131,monomer_short,2025-11-19,b2be31f43da16286f626ba749af6373f1d21dc6d2418634f299d643b45fdee62,27b25027c972bc4c7d8c753fd0ab36e09b745a18791acdfe9f03075db1500b17,bca1b3b42406ed80377ea6368639708978f7d30431c43feca953643cb45ac91a
pdb_9pmk_assembly_1,9PMK,1,https://files.rcsb.org/download/9pmk-assembly1.cif.gz,4,328;328;328;328,1312,tetramer,2025-12-24,68464540802f4a88dc11fc18ae779fe56921fb306a1ac9978106358dd6a4c0fa,9a0a92104746ca94f0105f7f04b1d7905c2e2b0d8b2426f3ab3301e14045b9dd,52394991f342255a4f66f84cd65b3f0f343f8891b064dc3f0251e6c670b18926
pdb_9ppr_assembly_1,9PPR,1,https://files.rcsb.org/download/9ppr-assembly1.cif.gz,3,106;106;106,318,trimer,2025-10-22,d017fdc228690ef539f86ef28931b0af101b92a6a8b3870423801ab61c8b1662,f6cdf617f480e93b18baa55f36d04645e3c09be48d16796c0dd75d89ad6f8a8c,efd2fe52f16e2025015804c7309cb5aac7cb7e44c50a8f31bccbf283e447a98b
pdb_9pyv_assembly_1,9PYV,1,https://files.rcsb.org/download/9pyv-assembly1.cif.gz,1,246,246,monomer_medium,2025-08-20,589d9405dac63b29cd2882977f9ff7eb43d4b44d4b02b11cc9ef758c26e02a94,124028e1ec8cd50c1be45bebc45deb2eb11dbd0148bea80a2ec80949045242c5,893cbf7cc0dc29fcae3f7533366f78e7bdb03e9ad64a0583359f43306548a7c2
pdb_9q88_assembly_1,9Q88,1,https://files.rcsb.org/download/9q88-assembly1.cif.gz,1,79,79,monomer_short,2025-07-30,ab3ff677b19d7fa147ec7ccd56675855f9fb3c6221512c1fe2c8503ccafd7f44,73965a4e8c6dfa2c5d6087e6fdcfe7c54b019caa341a7033474ec65a44447308,6d49587ac07c3d13ec7420fcc0270d0aa71d7649dac11a7e912ec4eecddb66bc
pdb_9qdp_assembly_1,9QDP,1,https://files.rcsb.org/download/9qdp-assembly1.cif.gz,1,221,221,monomer_medium,2025-12-10,238fc3a012f2556d1f88f4650d28e2389ddde91f0f3c96c9c0224abae33b7865,b7c7afda0b68ac090a52c11463bb8922a6eb576dcf52898f81cf0a557f37b87f,a3759af0b32b434f46e9acec0af1f88e82d72023a8c3f31d52f75ba893180b49
pdb_9qvo_assembly_1,9QVO,1,https://files.rcsb.org/download/9qvo-assembly1.cif.gz,1,315,315,monomer_long,2025-10-01,10b08fe91d349e4ea315b974e42ca1e51ac55e4295c63df434ab10971ce9325e,7dbaacb2d3aa52b0e9911cd554a6494489fdfbc4074ee1343503ba4af39c2c0a,b356749f32975279fe41b4d824715ab483ed2569bcc8eca8221161aa924c7d8c
pdb_9qy1_assembly_1,9QY1,1,https://files.rcsb.org/download/9qy1-assembly1.cif.gz,1,128,128,monomer_short,2025-05-28,9b5c19bdbd4b17dcd5de7b2a32b33c7a5ef966344055a4154a504f4b37e573e7,66e688bf2bfceb1fb8bb1b5971c4caa5ee79c3e9b9c96a5a06af7d0333750cfb,d4206176d33bdfc52e44abfeb0a95e205b1e7ebbe5b09f66922d44f82fda0e15
pdb_9qyf_assembly_1,9QYF,1,https://files.rcsb.org/download/9qyf-assembly1.cif.gz,1,197,197,monomer_medium,2025-05-28,8368c8c065cd88e140319745943ae1bb3583f049d80b648488188b7ffcf10239,6b0de5f4cbba9b5883161f58fc0eee36c54f15749fe5f4de9eb673ff9a2561ca,f7917992bc89b445e111854e2537f7bacf09915a90ad9ec565c038ce60fb82ce
pdb_9r00_assembly_1,9R00,1,https://files.rcsb.org/download/9r00-assembly1.cif.gz,1,138,138,monomer_short,2025-10-22,58a4eca69884e6b9143c003fb5dad0641d41b4eb5111769b92e819c7dad32236,3a424a78ecca77d223aab144ae24e58c1324ca10731075faaadddb030ea6cf75,028adece3a49d283ccccdcecac012a0529d0004d0c952eea52e8781039155003
pdb_9r3w_assembly_1,9R3W,1,https://files.rcsb.org/download/9r3w-assembly1.cif.gz,1,627,627,monomer_xlong,2025-10-08,cbec31852c03360b7782f742cf3c875b26595687f031391cc451338a657ae043,fa4fad3896681255b022836fc4483497702b80657a803c2924f3824571ed2aa5,d66810408cfa2d3446ed93c7802fffbb8f1ebebca962003c0cc9228ff091ac3e
pdb_9r4h_assembly_1,9R4H,1,https://files.rcsb.org/download/9r4h-assembly1.cif.gz,1,163,163,monomer_medium,2025-12-03,4f0f2618ed5a7fcd3acf777cb9f187772455389bf54957a6aca30494887389c1,a0ec32f891f2ff4c1b3d4d65b0abfd0446a9e7705bcaadf1b5aa71fa2dd0c274,46104efd43802c82e5c1e93b6f8e209c70be29ebce1612b6ac42a7b493d1503b
pdb_9r7f_assembly_1,9R7F,1,https://files.rcsb.org/download/9r7f-assembly1.cif.gz,1,221,221,monomer_medium,2025-12-10,e57264004a48af59f6455fc9f111de757730e1eabd748f775070cb926885ffba,34880ec235511df109f63cec7a12a07436e642a0129a70ccc6d68548f7e8f8c8,2c6d71619d34af5e12dd686c4eabdbf2e51e2514789c6f6094a752e8d27d5d79
pdb_9rc5_assembly_1,9RC5,1,https://files.rcsb.org/download/9rc5-assembly1.cif.gz,1,532,532,monomer_long,2025-11-19,498d684f54760ffa6b3854ec55a745f133eeeba65f65990f2d38371c4644092f,0decddb9640306a6ce2d09714b4de3d6fe1ea720bdb282709fdb2678f27a3428,28b739f9859ec6f974d354f8b8a72fa5e36d80929cbd94eb1fdfff8ade929882
pdb_9rxw_assembly_1,9RXW,1,https://files.rcsb.org/download/9rxw-assembly1.cif.gz,2,97;97,194,dimer_small,2025-10-08,1fc0c7fe5d5b8c6f0b16b0b41e61a193fba3f7173ddf06dc277d784653da93de,cede7f53f807f4d8819e291061bb4c040f09613bbf8cd1cb31f8d07044acd8ba,c69b2bfd36a257de9a76b52f89805be5a64338b08a2f03096befbb1c7663fddc
pdb_9sdv_assembly_1,9SDV,1,https://files.rcsb.org/download/9sdv-assembly1.cif.gz,1,263,263,monomer_medium,2025-12-17,61c5cfd6783ec711f503c3b3af1951dd877582acddcfbdb939d68c76ae00bd6e,aedfc708354cea67e0a0d032f38215e2f56da5fe6fc31539327bd44cd1ab0218,6e419ac69c5d17fdf596f25457a2639b4f2c1d1addbcb80998c30c27fd9fadf6
pdb_9sm0_assembly_1,9SM0,1,https://files.rcsb.org/download/9sm0-assembly1.cif.gz,1,295,295,monomer_medium,2025-12-31,2e119d4d54d38aaf94100b170e759b8ccaad58b0f44832a55989de9cb70a0d56,5f014af3be7c2699585ace012f03b1c8e06176a0c5e0a645bf98bd84350726ca,f80e983e6aa69fb986b9fa2a27b0dddf4412f620ee043c0c2db0f3ca5611943a
pdb_9t2d_assembly_1,9T2D,1,https://files.rcsb.org/download/9t2d-assembly1.cif.gz,1,132,132,monomer_short,2025-12-03,dfc428a258dded4313fa159c4d0a18811b9cfc853f40488a0b98afccc53f847d,145edf7cf3b560acd2bd14f0392dde83ae282af3a4cac1437ee5c26b6f59192f,7bbe56300958ca81273abf1b3a32f35f0b328ed0ed629618819df69673513d51
pdb_9uba_assembly_1,9UBA,1,https://files.rcsb.org/download/9uba-assembly1.cif.gz,1,274,274,monomer_medium,2025-12-10,2ee47ab15fecef584bea26c168e108d096e33663f9f9a9522282baba6633a4e6,1c8e336d4b9fccc14b53c901409085491ad64ce18481ccbfa829463d5fff231c,a3e4c8d79939a9d63b7f7e2bdf3ab923f272ba3072d7a4721443d426d491184b
pdb_9ucn_assembly_1,9UCN,1,https://files.rcsb.org/download/9ucn-assembly1.cif.gz,1,94,94,monomer_short,2025-08-20,0effe3c49b54736130a4b371629c74ef98fcb9108daa7819335100a869f5a831,82566e3d8107133a33924fe2adf9c51ebf6871f64973ff9b50fc2e01ae7dd661,5094e0e63579e9e563926b8340ac3233bd1f36d12c8d6f5ed6561fa07f39954e
pdb_9udn_assembly_1,9UDN,1,https://files.rcsb.org/download/9udn-assembly1.cif.gz,1,245,245,monomer_medium,2025-11-05,5cca8b8d695ed32c64b5859d1ca8347f671b974593cc32b06f4a56108071d74a,c68255deb3a2e0f404f5d96b67912bc1da9ea2c947be5a453399bc08933d17d1,5b227ed1e9b0f4eadbd3310b60e22741c37c3bac67095934fb4100385821a41d
pdb_9udy_assembly_1,9UDY,1,https://files.rcsb.org/download/9udy-assembly1.cif.gz,1,170,170,monomer_medium,2025-05-21,e0a37953b8066453f756eee292f544a6c22bb98385d67946172a2364832edbe8,5e58ebe1a6b1ecb3c71abce650dcb1622665790e3554d601daba9db0e3b5d1a2,b5bb29a1704e0df04c191dce52ce355e713a5a72386eb8542c2c30e0316955bb
pdb_9uzg_assembly_1,9UZG,1,https://files.rcsb.org/download/9uzg-assembly1.cif.gz,3,300;230;219,749,trimer,2025-12-31,f5701a0a539e78f972e03ad436602445738f9a90a15775fc43d53d47a42c9e3b,482973d014a08c5345825a7f392133df8a04e49e4bd44846babb54f6023c4385,0b34bdfe5d768de083ba917a1a22d0e888e6d13eaa5fd3d92ca3d35711a3f6e1
pdb_9vwv_assembly_1,9VWV,1,https://files.rcsb.org/download/9vwv-assembly1.cif.gz,1,668,668,monomer_xlong,2025-12-10,5c3e76ff12a9d4e7ff58172c2d4a9c11121d4e1b0833b088a5db3fd170b73d48,ad116b1ffcc1b6c232d0c0a5a9b75a558312573fc9cb645a409891259aee35df,3ac13b39a364272e27b2d2d44f119c5ebd1efdaee141d74d16e6dc7223c0d360
pdb_9vyw_assembly_1,9VYW,1,https://files.rcsb.org/download/9vyw-assembly1.cif.gz,1,128,128,monomer_short,2025-11-26,3cf6aa985875228b6c5d31a1592c898b52a7f3e023f841a4953e1580731c8e78,dd36646c60b310af8b15e07efc4f26bfe78c6016b65c45d2859792291bf33dec,a0116902ee67c7f0be6e0fe699b8ec3926b99107ab165db6d4f8c83d14b3834f
pdb_9xzo_assembly_1,9XZO,1,https://files.rcsb.org/download/9xzo-assembly1.cif.gz,1,129,129,monomer_short,2025-10-01,d297dd22590de144f102c1bf0ecf3e1da5964b3b1dd8ca5b157836186d4c07fc,bd01981dde35631c844fc92d3e0e8d805ae43ab27f43475d3af2ca004f410ee4,2ab6bafa7a9ba283e42f2b068b8d1e1d5f95b38ff0697ac96862117502ea3f58
pdb_9y6l_assembly_1,9Y6L,1,https://files.rcsb.org/download/9y6l-assembly1.cif.gz,1,338,338,monomer_long,2025-12-17,a5a10861418be8552b9b44e137d24361b5a79c50e4edd4d249e5a3c328eb26c9,0730f5a30cf786f182348550bfbde25a355514b54894b8ca52110a49e0b0d998,d551a1f3788d5294f490feb2be5c3b8b8e7a088aa708127d24df7228edf65c9f
pdb_9z0m_assembly_1,9Z0M,1,https://files.rcsb.org/download/9z0m-assembly1.cif.gz,1,113,113,monomer_short,2025-11-19,6b2fa20baf9f63e394b85962b079c047f30e71ae765fb195e74b6101062a6aeb,7c051838be8d6eaaf72fad90f17b360cf16db011830b36caf40607983e2f4e03,8139416fb550b23281457810c701abc15969cd739ce2d7a232117f8ec3e0c0d5
